nm_name,st_name,nm_city,st_address,st_url,st_score,st_price,st_total_com,st_tag
寧夏夜市,方家雞肉飯,台北市,大同區寧夏路060攤位號 ,https://www.google.com/maps/place/%E6%96%B9%E5%AE%B6%E9%9B%9E%E8%82%89%E9%A3%AF/data=!4m7!3m6!1s0x3442a96b20d64d03:0x75b1bf97ad69bc3a!8m2!3d25.056349!4d121.5152918!16s%2Fg%2F1tg76rm7!19sChIJA03WIGupQjQROrxprZe_sXU?authuser=0&hl=zh-TW&rclk=1,4.0,$1-200,1549,"['滷肉飯', '炒青菜', '蔥', '排骨', '雞油', '醬', '必比登', '矩陣', '堂食', '玉子燒']"
寧夏夜市,圓環邊蚵仔煎,台北市,大同區寧夏路46號 ,https://www.google.com/maps/place/%E5%9C%93%E7%92%B0%E9%82%8A%E8%9A%B5%E4%BB%94%E7%85%8E/data=!4m7!3m6!1s0x3442a96b20b81421:0x82d3c5ad2016f2b8!8m2!3d25.0564052!4d121.515281!16s%2Fg%2F11c3_65814!19sChIJIRS4IGupQjQRuPIWIK3F04I?authuser=0&hl=zh-TW&rclk=1,4.0,$1-200,3722,"['米糕', '米其林', '元慶蠔', '太白粉', '矩陣', '佇列', '輸送帶', '蘿蔔排骨湯', '蛤蜊湯', '1965年']"
寧夏夜市,李掌伯（原寧夏夜市里長伯麻辣臭豆腐鴨血蚵仔麵線）,台北市,大同區寧夏路22之9號 ,https://www.google.com/maps/place/%E6%9D%8E%E6%8E%8C%E4%BC%AF%EF%BC%88%E5%8E%9F%E5%AF%A7%E5%A4%8F%E5%A4%9C%E5%B8%82%E9%87%8C%E9%95%B7%E4%BC%AF%E9%BA%BB%E8%BE%A3%E8%87%AD%E8%B1%86%E8%85%90%E9%B4%A8%E8%A1%80%E8%9A%B5%E4%BB%94%E9%BA%B5%E7%B7%9A%EF%BC%89/data=!4m7!3m6!1s0x3442a96b39b0fb99:0x13f60e5205635aba!8m2!3d25.0554229!4d121.514996!16s%2Fg%2F1thx696p!19sChIJmfuwOWupQjQRulpjBVIO9hM?authuser=0&hl=zh-TW&rclk=1,3.7,$1-200,3057,"['麻辣鴨血', '抄手', '腸旺', '大腸麵線', '炸豆腐', '破布子', '王子麵', '金莎', '炸豆腐', '辣湯']"
寧夏夜市,豬肝榮仔,台北市,大同區寧夏路010攤位 ,https://www.google.com/maps/place/%E8%B1%AC%E8%82%9D%E6%A6%AE%E4%BB%94/data=!4m7!3m6!1s0x3442a96add70ff59:0x72e98fd458791b6b!8m2!3d25.056914!4d121.5155708!16s%2Fg%2F1xb2b7yk!19sChIJWf9w3WqpQjQRaxt5WNSP6XI?authuser=0&hl=zh-TW&rclk=1,4.2,$1-200,1076,"['豬肝湯', '肉粽', '芋頭糕', '肉羹', '必比登', '排隊', '冬菜', '肚湯', '內臟', '形狀']"
寧夏夜市,寧夏夜市-爆漿脆皮魷魚,台北市,大同區寧夏夜市第89攤 ,https://www.google.com/maps/place/%E5%AF%A7%E5%A4%8F%E5%A4%9C%E5%B8%82-%E7%88%86%E6%BC%BF%E8%84%86%E7%9A%AE%E9%AD%B7%E9%AD%9A/data=!4m7!3m6!1s0x3442a9c2cf6e4aab:0x5e53146c9bbeb952!8m2!3d25.0560564!4d121.5154202!16s%2Fg%2F11sfg7g_1_!19sChIJq0puz8KpQjQRUrm-m2wUU14?authuser=0&hl=zh-TW&rclk=1,4.1,$1-200,606,"['小黃瓜', '椒鹽', '炸魷魚', '排隊', '豆薯', '芥末', '粉', '水梨', '荸薺', '尤卡']"
寧夏夜市,菇之居,台北市,大同區第82攤寧夏夜市 ,https://www.google.com/maps/place/%E8%8F%87%E4%B9%8B%E5%B1%85/data=!4m7!3m6!1s0x3442a958b457c1ff:0x6c584ab78197deb4!8m2!3d25.0560564!4d121.5154024!16s%2Fg%2F11q3vkfy77!19sChIJ_8FXtFipQjQRtN6XgbdKWGw?authuser=0&hl=zh-TW&rclk=1,4.6,$1-200,51,"['炸', '金針菇', '秀珍菇', '週六', 'qq', '玉米筍', '香菇', '碗', '酥脆']"
寧夏夜市,豆花莊,台北市,大同區寧夏路49號 ,https://www.google.com/maps/place/%E8%B1%86%E8%8A%B1%E8%8E%8A/data=!4m7!3m6!1s0x3442a96ac201a925:0x60c17d7623069c74!8m2!3d25.057382!4d121.5155865!16s%2Fg%2F1v6qf9rt!19sChIJJakBwmqpQjQRdJwGI3Z9wWA?authuser=0&hl=zh-TW&rclk=1,4.1,$,5569,"['糖水', '芋圓', '寧夏夜市', '甘蔗', '粉圓', '粉粿', '白玉', '芝麻湯圓', '芋頭', '葛切']"
寧夏夜市,環記麻油雞,台北市,大同區寧夏路44號 ,https://www.google.com/maps/place/%E7%92%B0%E8%A8%98%E9%BA%BB%E6%B2%B9%E9%9B%9E/data=!4m7!3m6!1s0x3442a96b2129eb95:0x11a1b09e391357!8m2!3d25.056338!4d121.51526!16s%2Fg%2F1th26285!19sChIJlespIWupQjQRVxM5nrChEQA?authuser=0&hl=zh-TW&rclk=1,3.5,$200-400,1361,"['麵線', '腰子', '豬肝', '赤肉', '荷包蛋', '下水', '米酒', '人蔘雞湯', '芝麻雞', '枸杞']"
寧夏夜市,冰霖古早味豆花,台北市,大同區民生西路210號 ,https://www.google.com/maps/place/%E5%86%B0%E9%9C%96%E5%8F%A4%E6%97%A9%E5%91%B3%E8%B1%86%E8%8A%B1/data=!4m7!3m6!1s0x3442a96adbcf6ac1:0x12fc2f4a520ac7ee!8m2!3d25.0569429!4d121.5151079!16s%2Fg%2F1tczh550!19sChIJwWrP22qpQjQR7scKUkov_BI?authuser=0&hl=zh-TW&rclk=1,4.1,$,3288,"['芋圓', '寧夏夜市', '雪花冰', '糖水', '粉圓', '燒仙草', '湯圓', '孤獨的美食家', '銀耳', '黑糖']"
寧夏夜市,寧夏夜市千歲宴,台北市,大同區寧夏路58號2樓 ,https://www.google.com/maps/place/%E5%AF%A7%E5%A4%8F%E5%A4%9C%E5%B8%82%E5%8D%83%E6%AD%B2%E5%AE%B4/data=!4m7!3m6!1s0x3442a96adeefe8bd:0xc681b7e661a28ab8!8m2!3d25.056676!4d121.515363!16s%2Fg%2F11gzgyny5!19sChIJvejv3mqpQjQRuIqiYea3gcY?authuser=0&hl=zh-TW&rclk=1,4.4,$400-800,305,"['小吃', '冷氣', '美食', '道', '集合', '主持人', '辦桌', '蚵仔煎', '雞排', '地瓜']"
寧夏夜市,寧夏夜市-林振櫂燒麻糬,台北市,大同區寧夏路97號攤位 ,https://www.google.com/maps/place/%E5%AF%A7%E5%A4%8F%E5%A4%9C%E5%B8%82-%E6%9E%97%E6%8C%AF%E6%AB%82%E7%87%92%E9%BA%BB%E7%B3%AC/data=!4m7!3m6!1s0x3442a96adfd9129b:0x625970dfca7bdc5!8m2!3d25.0559817!4d121.5153223!16s%2Fg%2F1tcypjs1!19sChIJmxLZ32qpQjQRxb2n_A2XJQY?authuser=0&hl=zh-TW&rclk=1,3.6,$,863,"['芝麻', '煉乳', '花生粉', '麻吉', '糖水', '剉冰', '綜合口味', '紅豆湯', '花生湯', '粉都']"
寧夏夜市,東石鮮蚵,台北市,大同區寧夏路66號 ,https://www.google.com/maps/place/%E6%9D%B1%E7%9F%B3%E9%AE%AE%E8%9A%B5/data=!4m7!3m6!1s0x3442a96addd2aaeb:0x91b9891d9aa7a1c8!8m2!3d25.0568402!4d121.5153561!16s%2Fg%2F1tc_z54_!19sChIJ66rS3WqpQjQRyKGnmh2JuZE?authuser=0&hl=zh-TW&rclk=1,3.6,$1-200,554,"['蚵仔煎', '粥', '鍋', '意麵', '蝦仁', '虱目魚肚', '蛤蜊', '炒飯', '腰子', '赤肉']"
寧夏夜市,劉芋仔蛋黃芋餅,台北市,大同區寧夏路091攤位 ,https://www.google.com/maps/place/%E5%8A%89%E8%8A%8B%E4%BB%94%E8%9B%8B%E9%BB%83%E8%8A%8B%E9%A4%85/data=!4m7!3m6!1s0x3442a96abb408fef:0xb0565d872bddb91b!8m2!3d25.0560045!4d121.5153256!16s%2Fg%2F1tmxnq8m!19sChIJ749Au2qpQjQRG7ndK4ddVrA?authuser=0&hl=zh-TW&rclk=1,3.6,$,2767,"['芋頭', '肉鬆', '排隊', '芋泥', '鹹蛋黃', '桃持', '必比登', '紙袋', '肉乾', '山藥球']"
寧夏夜市,干單食堂,台北市,大同區寧夏路22之7號之 ,https://www.google.com/maps/place/%E5%B9%B2%E5%96%AE%E9%A3%9F%E5%A0%82/data=!4m7!3m6!1s0x3442a96b3812c401:0xb0dbcb65453f8057!8m2!3d25.0553115!4d121.5149689!16s%2Fg%2F11dzdh351c!19sChIJAcQSOGupQjQRV4A_RWXL27A?authuser=0&hl=zh-TW&rclk=1,3.9,$1-200,190,"['花捲', '雞腿', '扣肉', '寧夏夜市', '梅干', '饅頭', '割包', '薑汁燒肉', '創意', '花生醬']"
寧夏夜市,蚵仔煎大王,台北市,大同區寧夏路56號 ,https://www.google.com/maps/place/%E8%9A%B5%E4%BB%94%E7%85%8E%E5%A4%A7%E7%8E%8B/data=!4m7!3m6!1s0x3442a96adf0738c7:0x3791b6a31439a499!8m2!3d25.0566078!4d121.5153576!16s%2Fg%2F12m8_0522!19sChIJxzgH32qpQjQRmaQ5FKO2kTc?authuser=0&hl=zh-TW&rclk=1,2.9,$1-200,1283,"['蝦仁', '豬肝湯', '腰子', '蛋殼', '太白粉', '勾芡', '源環片蚵仔煎', '炒飯', '麵粉', '元慶蠔']"
寧夏夜市,馥陽鍋貼水餃專賣店,台北市,大同區寧夏路26-2號 ,https://www.google.com/maps/place/%E9%A6%A5%E9%99%BD%E9%8D%8B%E8%B2%BC%E6%B0%B4%E9%A4%83%E5%B0%88%E8%B3%A3%E5%BA%97/data=!4m7!3m6!1s0x3442a96b3a34be8f:0xd636b5a47215a806!8m2!3d25.05561!4d121.515049!16s%2Fg%2F1tg7_4px!19sChIJj740OmupQjQRBqgVcqS1NtY?authuser=0&hl=zh-TW&rclk=1,3.7,$1-200,1693,"['紅油抄手', '夜市', '米糕', '四神湯', '汁', '筍', '生意', '地瓜葉', '苦瓜', '蔬菜湯']"
寧夏夜市,詹記無骨排骨酥（寧夏夜市）,台北市,大同區民生西路北區015 ,https://www.google.com/maps/place/%E8%A9%B9%E8%A8%98%E7%84%A1%E9%AA%A8%E6%8E%92%E9%AA%A8%E9%85%A5%EF%BC%88%E5%AF%A7%E5%A4%8F%E5%A4%9C%E5%B8%82%EF%BC%89/data=!4m7!3m6!1s0x3442a940ad1a5e09:0x64efc3080976ed7d!8m2!3d25.0569552!4d121.515799!16s%2Fg%2F11tjmn8sht!19sChIJCV4arUCpQjQRfe12CQjD72Q?authuser=0&hl=zh-TW&rclk=1,4.3,$1-200,47,"['肉', '炸', '麻辣', '價格', '湯麵']"
寧夏夜市,林記麻辣臭豆腐,台北市,大同區寧夏路70號寧夏夜市攤位 ,https://www.google.com/maps/place/%E6%9E%97%E8%A8%98%E9%BA%BB%E8%BE%A3%E8%87%AD%E8%B1%86%E8%85%90/data=!4m7!3m6!1s0x3442a94000aa8d15:0x52753e016c3c5c12!8m2!3d25.0561251!4d121.515451!16s%2Fg%2F11h17hryp!19sChIJFY2qAECpQjQRElw8bAE-dVI?authuser=0&hl=zh-TW&rclk=1,3.9,$1-200,456,"['魚乾', '鴨血', '大腸', '豆皮', '泡菜', '高麗菜', '王子麵', '麵線', '炸臭豆腐', '冬粉']"
寧夏夜市,詹記鷄脚翅,台北市,大同區民生西路231號 ,https://www.google.com/maps/place/%E8%A9%B9%E8%A8%98%E9%B7%84%E8%84%9A%E7%BF%85/data=!4m7!3m6!1s0x3442a96ae8566079:0x4f7b45e031f62c5d!8m2!3d25.0572008!4d121.515709!16s%2Fg%2F11f67fcczp!19sChIJeWBW6GqpQjQRXSz2MeBFe08?authuser=0&hl=zh-TW&rclk=1,2.9,$1-200,304,"['滷味', '酸菜', '寧夏夜市', '豬血糕', '甜不辣', '排隊', '海帶', '百頁', '雞腳', '辣跟']"
寧夏夜市,賴雞蛋蚵仔煎,台北市,大同區民生西路198之22號 ,https://www.google.com/maps/place/%E8%B3%B4%E9%9B%9E%E8%9B%8B%E8%9A%B5%E4%BB%94%E7%85%8E/data=!4m7!3m6!1s0x3442a96af0801c71:0x8e71289ecd4c2996!8m2!3d25.0569597!4d121.5160317!16s%2Fg%2F1tcwj7w4!19sChIJcRyA8GqpQjQRlilMzZ4ocY4?authuser=0&hl=zh-TW&rclk=1,3.5,$1-200,2053,"['蚵仔', '寧夏夜市', '腰子', '豬肝湯', '排隊', '太白粉', '帶位', '源環片蚵仔煎', '恰恰', '施家麻油腰花']"
寧夏夜市,飄香牛肉麵館,台北市,大同區寧夏路12號1樓 ,https://www.google.com/maps/place/%E9%A3%84%E9%A6%99%E7%89%9B%E8%82%89%E9%BA%B5%E9%A4%A8/data=!4m7!3m6!1s0x3442a96b4fc2cd97:0xf0da57b27b650713!8m2!3d25.0546535!4d121.5147485!16s%2Fg%2F1td35yb1!19sChIJl83CT2upQjQREwdle7JX2vA?authuser=0&hl=zh-TW&rclk=1,4.2,$200-400,1087,"['滷味', '牛筋', 'qr code', '酸菜', '鹹', '夜市', '炸醬麵', '微辣', '霹靂', '台北國際牛肉麵節']"
寧夏夜市,大橋頭 祥記純糖麻糬 寧夏店,台北市,大同區寧夏路24號 ,https://www.google.com/maps/place/%E5%A4%A7%E6%A9%8B%E9%A0%AD+%E7%A5%A5%E8%A8%98%E7%B4%94%E7%B3%96%E9%BA%BB%E7%B3%AC+%E5%AF%A7%E5%A4%8F%E5%BA%97/data=!4m7!3m6!1s0x3442a96ade8d25b3:0x2245b09f7ac66daf!8m2!3d25.0567882!4d121.5154148!16s%2Fg%2F1tlblvr2!19sChIJsyWN3mqpQjQRr23Gep-wRSI?authuser=0&hl=zh-TW&rclk=1,3.7,$,640,"['煉乳', '芝麻', '碗', '剉冰', '芋頭', '花生粉', '紅豆', 'QQ', '延山夜市', '麥角']"
寧夏夜市,寧夏014老牌魷魚羹炒米粉,台北市,大同區寧夏路014攤位 ,https://www.google.com/maps/place/%E5%AF%A7%E5%A4%8F014%E8%80%81%E7%89%8C%E9%AD%B7%E9%AD%9A%E7%BE%B9%E7%82%92%E7%B1%B3%E7%B2%89/data=!4m7!3m6!1s0x3442a945bdd50f71:0x82285ec72f3dddb!8m2!3d25.056888!4d121.5155221!16s%2Fg%2F11j2nl66kr!19sChIJcQ_VvUWpQjQR293zcuyFIgg?authuser=0&hl=zh-TW&rclk=1,4.1,,128,"['湯', '魚漿', '碗', '辣椒', '甜', '蒜味', '醋', '桌', '勾芡', '豆芽菜']"
寧夏夜市,山東赤肉蒸餃,台北市,大同區寧夏路050攤位 ,https://www.google.com/maps/place/%E5%B1%B1%E6%9D%B1%E8%B5%A4%E8%82%89%E8%92%B8%E9%A4%83/data=!4m7!3m6!1s0x3442a96b26cadf95:0xd9e98243c245d5f4!8m2!3d25.0564937!4d121.5153145!16s%2Fg%2F1tcyhr68!19sChIJld_KJmupQjQR9NVFwkOC6dk?authuser=0&hl=zh-TW&rclk=1,3.9,$1-200,269,"['酸辣湯', '夜市', '籠', '皮', '沾醬', 'Q', '鮮', '肉餡', '香油', '薑味']"
寧夏夜市,宏冠土魠魚羹,台北市,大同區寧夏路寧夏夜市 ,https://www.google.com/maps/place/%E5%AE%8F%E5%86%A0%E5%9C%9F%E9%AD%A0%E9%AD%9A%E7%BE%B9/data=!4m7!3m6!1s0x3442a93faaaaaaab:0xe8e52c88a057d997!8m2!3d25.0555386!4d121.5151667!16s%2Fg%2F1tdkph45!19sChIJq6qqqj-pQjQRl9lXoIgs5eg?authuser=0&hl=zh-TW&rclk=1,3.8,$1-200,308,"['滷肉飯', '湯', '炸', '醋', '寧夏夜市', '炒米粉', '魚塊', '魚卵', '勾芡', '魚蛋']"
寧夏夜市,牛媽媽控肉飯（沙茶牛肉）,台北市,大同區寧夏路第44號攤位 ,https://www.google.com/maps/place/%E7%89%9B%E5%AA%BD%E5%AA%BD%E6%8E%A7%E8%82%89%E9%A3%AF%EF%BC%88%E6%B2%99%E8%8C%B6%E7%89%9B%E8%82%89%EF%BC%89/data=!4m7!3m6!1s0x3442a96b4623ff23:0xd2f6ec90ed8ea866!8m2!3d25.0567024!4d121.5153868!16s%2Fg%2F1td2x4vm!19sChIJI_8jRmupQjQRZqiO7ZDs9tI?authuser=0&hl=zh-TW&rclk=1,3.1,$1-200,888,"['炒麵', '牛雜', '碗', '焢肉飯', '筍乾', '牛肉湯', '羊肉', '夜市', '空心菜', '牛肉麵']"
寧夏夜市,阿桐阿寶四神湯,台北市,大同區民生西路153號 ,https://www.google.com/maps/place/%E9%98%BF%E6%A1%90%E9%98%BF%E5%AF%B6%E5%9B%9B%E7%A5%9E%E6%B9%AF/data=!4m7!3m6!1s0x3442a96a67c9be13:0xba1ef70fcd5a52bc!8m2!3d25.0573968!4d121.5177947!16s%2Fg%2F1tdp79yj!19sChIJE77JZ2qpQjQRvFJazQ_3Hro?authuser=0&hl=zh-TW&rclk=1,4.0,$1-200,7752,"['肉粽', '肉包', '燒賣', '米酒', '藥酒', '薏仁', '當歸', '赤肉', '寧夏夜市', '烹飪酒精']"
寧夏夜市,深海郭魚湯,台北市,大同區寧夏路046攤位 ,https://www.google.com/maps/place/%E6%B7%B1%E6%B5%B7%E9%83%AD%E9%AD%9A%E6%B9%AF/data=!4m7!3m6!1s0x3442a9ec43cd766b:0xac77620e7e5a2a60!8m2!3d25.0564794!4d121.51531!16s%2Fg%2F11g0kc85x7!19sChIJa3bNQ-ypQjQRYCpafg5id6w?authuser=0&hl=zh-TW&rclk=1,3.4,$1-200,49,"['滷肉飯', '味噌湯', '碗', '雞', '甜', '皮', '口感', '油', '空虛', '調味']"
寧夏夜市,料理長胡椒蝦,台北市,大同區寧夏路005攤位 ,https://www.google.com/maps/place/%E6%96%99%E7%90%86%E9%95%B7%E8%83%A1%E6%A4%92%E8%9D%A6/data=!4m7!3m6!1s0x3442a96adff880f3:0x1a4c10fa319b06ba!8m2!3d25.0568771!4d121.5155915!16s%2Fg%2F1tffrmj8!19sChIJ84D432qpQjQRugabMfoQTBo?authuser=0&hl=zh-TW&rclk=1,4.6,$400-600,286,"['蒜頭', '泰國蝦', '夜市', '排隊', '口味', 'cp值', '外帶', '酸辣', '洗手', '電話']"
寧夏夜市,艋舺雞排 台北寧夏店,台北市,大同區民生西路207號 ,https://www.google.com/maps/place/%E8%89%8B%E8%88%BA%E9%9B%9E%E6%8E%92+%E5%8F%B0%E5%8C%97%E5%AF%A7%E5%A4%8F%E5%BA%97/data=!4m7!3m6!1s0x3442a997d6e6a4f5:0xb0ad7df49c9a7b93!8m2!3d25.057265!4d121.5163679!16s%2Fg%2F11q1gw7l92!19sChIJ9aTm1pepQjQRk3uanPR9rbA?authuser=0&hl=zh-TW&rclk=1,4.2,$1-200,1287,"['外送', '杏鮑菇', '辣妹', '皮', '優惠', '海苔', '韓式炸雞', '煉乳', '炸香蕉', '司機']"
寧夏夜市,鴻記鐵板燒蔥餅捲,台北市,大同區寧夏路85號攤位 ,https://www.google.com/maps/place/%E9%B4%BB%E8%A8%98%E9%90%B5%E6%9D%BF%E7%87%92%E8%94%A5%E9%A4%85%E6%8D%B2/data=!4m7!3m6!1s0x3442a96abb05591f:0x3213b8b30c0eac3b!8m2!3d25.0560298!4d121.5154165!16s%2Fg%2F1td0kq3w!19sChIJH1kFu2qpQjQRO6wODLO4EzI?authuser=0&hl=zh-TW&rclk=1,3.0,$1-200,329,"['起司', '泡菜', '炒麵', '蛋餅', '捲餅', '打拋', '鐵板麵', '夜市', '河粉', '蔥油餅']"
寧夏夜市,寧夏禺買の壽司屋,台北市,大同區寧夏路26-1號 ,https://www.google.com/maps/place/%E5%AF%A7%E5%A4%8F%E7%A6%BA%E8%B2%B7%E3%81%AE%E5%A3%BD%E5%8F%B8%E5%B1%8B/data=!4m7!3m6!1s0x3442a9fd189f1ee5:0xb8207f8f7b1e62d8!8m2!3d25.0555455!4d121.515025!16s%2Fg%2F11vq7swg2m!19sChIJ5R6fGP2pQjQR2GIee49_ILg?authuser=0&hl=zh-TW&rclk=1,4.3,$200-400,174,"['生魚片', '醋飯', '鮭魚', '牡蠣', '炸', '握壽司', '丼飯', 'cp值', '寧夏夜市', '日式料理']"
寧夏夜市,太春小館,台北市,大同區民生西路198-4號 ,https://www.google.com/maps/place/%E5%A4%AA%E6%98%A5%E5%B0%8F%E9%A4%A8/data=!4m7!3m6!1s0x3442a96aa440575b:0x39ba2b1510148692!8m2!3d25.0570202!4d121.5167202!16s%2Fg%2F1v_0gglx!19sChIJW1dApGqpQjQRkoYUEBUrujk?authuser=0&hl=zh-TW&rclk=1,4.1,$$,1136,"['炸', '毛毛蟲', '炒烏龍', '中午', '牛蒡', '生魚片', '寧夏夜市', '豬肝', '握壽司', '手卷']"
寧夏夜市,金雞畝舒肥脆皮塩水雞寧夏夜市寧夏店,台北市,大同區民生西路202號 ,https://www.google.com/maps/place/%E9%87%91%E9%9B%9E%E7%95%9D%E8%88%92%E8%82%A5%E8%84%86%E7%9A%AE%E5%A1%A9%E6%B0%B4%E9%9B%9E%E5%AF%A7%E5%A4%8F%E5%A4%9C%E5%B8%82%E5%AF%A7%E5%A4%8F%E5%BA%97/data=!4m7!3m6!1s0x3442a90067226845:0x4b83703804d906e3!8m2!3d25.056873!4d121.515286!16s%2Fg%2F11w50n99b8!19sChIJRWgiZwCpQjQR4wbZBDhwg0s?authuser=0&hl=zh-TW&rclk=1,4.9,$1-200,14,[]
寧夏夜市,瑪吉臭豆腐,台北市,大同區寧夏路80號 ,https://www.google.com/maps/place/%E7%91%AA%E5%90%89%E8%87%AD%E8%B1%86%E8%85%90/data=!4m7!3m6!1s0x3442a93d88b7c279:0x67646f6477fdbfd7!8m2!3d25.0582036!4d121.5150788!16s%2Fg%2F11ryrdt1kk!19sChIJecK3iD2pQjQR17_9d2RvZGc?authuser=0&hl=zh-TW&rclk=1,4.6,$1-200,896,"['蘋果醋', '椒鹽', '酥脆', '泡菜', '酵素', '延山夜市', '糖蘋果', '發酵', '鴨血', '寧夏夜市']"
寧夏夜市,慈音古早味阿婆飯糰,台北市,大同區民生西路198號 ,https://www.google.com/maps/place/%E6%85%88%E9%9F%B3%E5%8F%A4%E6%97%A9%E5%91%B3%E9%98%BF%E5%A9%86%E9%A3%AF%E7%B3%B0/data=!4m7!3m6!1s0x3442a96a13238453:0x765cea85e81083b4!8m2!3d25.0569466!4d121.5157511!16s%2Fg%2F1thzllkm!19sChIJU4QjE2qpQjQRtIMQ6IXqXHY?authuser=0&hl=zh-TW&rclk=1,3.0,$1-200,528,"['油條', '鹹', '酸菜', '排隊', '肉鬆', '糯米', '夜市', '菜脯', '燒焦', '豆漿']"
寧夏夜市,黃金城&黃金薯,台北市,大同區寧夏路039攤位 ,https://www.google.com/maps/place/%E9%BB%83%E9%87%91%E5%9F%8E%26%E9%BB%83%E9%87%91%E8%96%AF/data=!4m7!3m6!1s0x3442a95934fa8ac1:0x9e15750e2d552b6e!8m2!3d25.0565746!4d121.5155194!16s%2Fg%2F11n0vth468!19sChIJwYr6NFmpQjQRbitVLQ51FZ4?authuser=0&hl=zh-TW&rclk=1,4.5,$1-200,57,"['起司', '鮪魚', '口味', '烤馬鈴薯', '培根', '價格', '墨西哥', '燻', '焗烤', '青花菜']"
寧夏夜市,明吉小館,台北市,大同區寧夏路34號 ,https://www.google.com/maps/place/%E6%98%8E%E5%90%89%E5%B0%8F%E9%A4%A8/data=!4m7!3m6!1s0x3442a96b248b603b:0x6c78a355201a86b4!8m2!3d25.0560179!4d121.5151489!16s%2Fg%2F11bw7dgz00!19sChIJO2CLJGupQjQRtIYaIFWjeGw?authuser=0&hl=zh-TW&rclk=1,3.6,$1-200,474,"['排骨', '炒飯', '紅油抄手', '腿', '夜市', '牛肉麵', '便當', '乾麵', '酸菜', '餛飩麵']"
寧夏夜市,寧夏牛排,台北市,大同區寧夏路蓬萊國小停車場電梯出口**寧夏夜市 攤號103 ** ,https://www.google.com/maps/place/%E5%AF%A7%E5%A4%8F%E7%89%9B%E6%8E%92/data=!4m7!3m6!1s0x3442a96b234f0329:0x1e7ac7cea182abf!8m2!3d25.0558229!4d121.5152464!16s%2Fg%2F11ggzcjghf!19sChIJKQNPI2upQjQRvyoY6nys5wE?authuser=0&hl=zh-TW&rclk=1,3.9,$1-200,93,"['夜市', '煎', '麵', '價格', '雙拼', '紅茶', '環保', '美食', '吝嗇', '杯']"
寧夏夜市,鴨頭正二代滷肉飯,台北市,大同區寧夏路40號 ,https://www.google.com/maps/place/%E9%B4%A8%E9%A0%AD%E6%AD%A3%E4%BA%8C%E4%BB%A3%E6%BB%B7%E8%82%89%E9%A3%AF/data=!4m7!3m6!1s0x3442a96add5968a3:0x200f5e7c07b5a830!8m2!3d25.0562335!4d121.5153839!16s%2Fg%2F1tl49r3v!19sChIJo2hZ3WqpQjQRMKi1B3xeDyA?authuser=0&hl=zh-TW&rclk=1,3.5,$1-200,243,"['瓜', '肉湯', '咖哩飯', '肉羹', '赤肉', '魯肉飯', '鴨蛋', '半熟', '夜市', '蛋黃']"
寧夏夜市,裕森古早味阿嬤飯糰,台北市,大同區寧夏路45巷1號 ,https://www.google.com/maps/place/%E8%A3%95%E6%A3%AE%E5%8F%A4%E6%97%A9%E5%91%B3%E9%98%BF%E5%AC%A4%E9%A3%AF%E7%B3%B0/data=!4m7!3m6!1s0x3442a96ae9a02e1d:0xea833b0e9b6bb22a!8m2!3d25.0573597!4d121.5158292!16s%2Fg%2F11b7wnd9yv!19sChIJHS6g6WqpQjQRKrJrmw47g-o?authuser=0&hl=zh-TW&rclk=1,3.6,$1-200,421,"['鹹蛋', '油條', '紫米', '茶葉蛋', '糯米', '酸菜', '菜脯', '寧夏夜市', '白米', '飯團']"
寧夏夜市,太春小館海鮮餐廳,台北市,大同區寧夏路81號 ,https://www.google.com/maps/place/%E5%A4%AA%E6%98%A5%E5%B0%8F%E9%A4%A8%E6%B5%B7%E9%AE%AE%E9%A4%90%E5%BB%B3/data=!4m7!3m6!1s0x3442a96aa440575b:0xc49ee0d12764e1e!8m2!3d25.0587577!4d121.5151915!16s%2Fg%2F11gzsctfb!19sChIJW1dApGqpQjQRHk52Eg3uSQw?authuser=0&hl=zh-TW&rclk=1,4.3,$$,1484,"['毛毛蟲', '豬肝', '日本料理', '米粉', '生魚片', '煎', '台菜', '寧夏夜市', '綠豆', '花雕']"
寧夏夜市,火焰德國豬腳,台北市,大同區寧夏路34-5號 ,https://www.google.com/maps/place/%E7%81%AB%E7%84%B0%E5%BE%B7%E5%9C%8B%E8%B1%AC%E8%85%B3/data=!4m7!3m6!1s0x3442a93b0e0ae27d:0xd81dca389445fd8c!8m2!3d25.0561069!4d121.5154191!16s%2Fg%2F11trf95prr!19sChIJfeIKDjupQjQRjP1FlDjKHdg?authuser=0&hl=zh-TW&rclk=1,4.9,$1-200,43,"['夜市', '盒', '價格', '椒鹽', '塔塔醬', '酸黃瓜', '芥末', '2024年', '酥脆', '柴']"
寧夏夜市,兩點綠豆沙,台北市,大同區寧夏夜市第16攤 ,https://www.google.com/maps/place/%E5%85%A9%E9%BB%9E%E7%B6%A0%E8%B1%86%E6%B2%99/data=!4m7!3m6!1s0x3442a9c9888cde27:0xfffa2de96343a96c!8m2!3d25.0568224!4d121.5154123!16s%2Fg%2F11p028bybh!19sChIJJ96MiMmpQjQRbKlDY-kt-v8?authuser=0&hl=zh-TW&rclk=1,4.4,,50,"['價格', '牛奶', '冰沙', '現金', '杯', '夏天']"
寧夏夜市,美華現煮海鮮麵,台北市,大同區寧夏夜市051攤號 ,https://www.google.com/maps/place/%E7%BE%8E%E8%8F%AF%E7%8F%BE%E7%85%AE%E6%B5%B7%E9%AE%AE%E9%BA%B5/data=!4m7!3m6!1s0x3442a99b8ed6c7a1:0xec237f4aaaaa87b4!8m2!3d25.0565858!4d121.5155761!16s%2Fg%2F11n5sdb7hp!19sChIJocfWjpupQjQRtIeqqkp_I-w?authuser=0&hl=zh-TW&rclk=1,4.6,,21,"['甜', '蛤蜊', '小卷', '烏龍麵', '價格']"
寧夏夜市,寧夏夜市先來厚到章魚燒 NING XIA XIAN LAI HOU DAO TAKOYAKI,台北市,大同區寧夏路007號攤位 ,https://www.google.com/maps/place/%E5%AF%A7%E5%A4%8F%E5%A4%9C%E5%B8%82%E5%85%88%E4%BE%86%E5%8E%9A%E5%88%B0%E7%AB%A0%E9%AD%9A%E7%87%92+NING+XIA+XIAN+LAI+HOU+DAO+TAKOYAKI/data=!4m7!3m6!1s0x3442a9543d61e58f:0x5bd9a7b6bd217105!8m2!3d25.0568601!4d121.5155804!16s%2Fg%2F11f5yvz2z6!19sChIJj-VhPVSpQjQRBXEhvban2Vs?authuser=0&hl=zh-TW&rclk=1,3.1,$1-200,58,"['熊貓', '海苔', '外送', '花枝', '照燒', '失望', '起司', '口感', '蝦子', '柴魚']"
寧夏夜市,香酥地瓜球（搬家）至民生西路209號4/18公休一日,台北市,大同區民生西路209號1樓 ,https://www.google.com/maps/place/%E9%A6%99%E9%85%A5%E5%9C%B0%E7%93%9C%E7%90%83%EF%BC%88%E6%90%AC%E5%AE%B6%EF%BC%89%E8%87%B3%E6%B0%91%E7%94%9F%E8%A5%BF%E8%B7%AF209%E8%99%9F4%2F18%E5%85%AC%E4%BC%91%E4%B8%80%E6%97%A5/data=!4m7!3m6!1s0x3442a96d17221cb3:0x87ca3bd1fcc0d0e!8m2!3d25.0572658!4d121.5163452!16s%2Fg%2F11j3v5jgyh!19sChIJsxwiF22pQjQRDg3MH72jfAg?authuser=0&hl=zh-TW&rclk=1,4.2,$,455,"['口感', '炸', '酥脆', '排隊', '夜市', '名', '大包', '量', 'QQ', '有嚼勁']"
寧夏夜市,寧夏夜市-正港高雄！烤黑輪片,台北市,大同區寧夏路寧夏夜市 ,https://www.google.com/maps/place/%E5%AF%A7%E5%A4%8F%E5%A4%9C%E5%B8%82-%E6%AD%A3%E6%B8%AF%E9%AB%98%E9%9B%84%EF%BC%81%E7%83%A4%E9%BB%91%E8%BC%AA%E7%89%87/data=!4m7!3m6!1s0x3442a99463b12d07:0x89e672a36fb26f08!8m2!3d25.056394!4d121.5153051!16s%2Fg%2F11jzsd929p!19sChIJBy2xY5SpQjQRCG-yb6Ny5ok?authuser=0&hl=zh-TW&rclk=1,2.6,,9,['醬汁']
寧夏夜市,拌伴石頭火鍋,台北市,大同區寧夏路23-3號1樓 ,https://www.google.com/maps/place/%E6%8B%8C%E4%BC%B4%E7%9F%B3%E9%A0%AD%E7%81%AB%E9%8D%8B/data=!4m7!3m6!1s0x3442a900711f6993:0x6ca0602459c11ab2!8m2!3d25.0551286!4d121.5151461!16s%2Fg%2F11ldmxjyt3!19sChIJk2kfcQCpQjQRshrBWSRgoGw?authuser=0&hl=zh-TW&rclk=1,4.9,$200-400,3763,"['爆炒', '寧夏夜市', '爆香', '宵夜', '傳統', '霜降', '培根', '裝潢', '炒鍋', '魚湯']"
寧夏夜市,寧夏夜市 - 二代鵝肉攤,台北市,大同區寧夏路030攤位 ,https://www.google.com/maps/place/%E5%AF%A7%E5%A4%8F%E5%A4%9C%E5%B8%82+-+%E4%BA%8C%E4%BB%A3%E9%B5%9D%E8%82%89%E6%94%A4/data=!4m7!3m6!1s0x3442a96ac0a2e77d:0x290c8562214eb6e!8m2!3d25.0568345!4d121.5155246!16s%2Fg%2F1tftnsvr!19sChIJfeeiwGqpQjQRbusUIlbIkAI?authuser=0&hl=zh-TW&rclk=1,3.9,$1-200,102,"['腸', '冬粉', '下水湯', '價格', '碗', '柔面', '麵線', '皮', '鴨', '鈔票']"
寧夏夜市,轟炸大魷魚 寧夏夜市079,台北市,大同區寧夏路58號 ,https://www.google.com/maps/place/%E8%BD%9F%E7%82%B8%E5%A4%A7%E9%AD%B7%E9%AD%9A+%E5%AF%A7%E5%A4%8F%E5%A4%9C%E5%B8%82079/data=!4m7!3m6!1s0x3442a900276859f9:0x8d468f1722f53d7f!8m2!3d25.0566408!4d121.5153526!16s%2Fg%2F11vppwjmdh!19sChIJ-VloJwCpQjQRfz31IhePRo0?authuser=0&hl=zh-TW&rclk=1,4.6,$1-200,8,"['炸魷魚', '洋蔥', '油']"
寧夏夜市,魷皇駕到,台北市,大同區寧夏路80號攤位號寧夏夜市 ,https://www.google.com/maps/place/%E9%AD%B7%E7%9A%87%E9%A7%95%E5%88%B0/data=!4m7!3m6!1s0x3442a928946839b7:0x606d527a6b771258!8m2!3d25.0562572!4d121.5153568!16s%2Fg%2F11s5dyp6__!19sChIJtzlolCipQjQRWBJ3a3pSbWA?authuser=0&hl=zh-TW&rclk=1,3.8,$1-200,97,"['魷魚', '洋蔥', '椒鹽', '口味', '口感', '排', '孜然', '檸檬汁', '調味', '夜市']"
寧夏夜市,寧夏夜市 蛤！什麼蛤,台北市,大同區寧夏路35號 ,https://www.google.com/maps/place/%E5%AF%A7%E5%A4%8F%E5%A4%9C%E5%B8%82+%E8%9B%A4%EF%BC%81%E4%BB%80%E9%BA%BC%E8%9B%A4/data=!4m7!3m6!1s0x3442a900022c0807:0x1f6636e57de863f9!8m2!3d25.0563826!4d121.5156287!16s%2Fg%2F11vst6qnhl!19sChIJBwgsAgCpQjQR-WPofeU2Zh8?authuser=0&hl=zh-TW&rclk=1,4.8,$1-200,11,"['蛤仔', '蒜', '可愛']"
寧夏夜市,寧夏素食小館,台北市,大同區寧夏路36號 ,https://www.google.com/maps/place/%E5%AF%A7%E5%A4%8F%E7%B4%A0%E9%A3%9F%E5%B0%8F%E9%A4%A8/data=!4m7!3m6!1s0x3442a96b24160afd:0x33fa2a8bb8b493af!8m2!3d25.0561428!4d121.5151479!16s%2Fg%2F1pzt0bnlh!19sChIJ_QoWJGupQjQRr5O0uIsq-jM?authuser=0&hl=zh-TW&rclk=1,3.9,$1-200,295,"['油飯', '羹', '筍', '小菜', '滷味', '夜市', '素鹵飯', '湯麵', '苦瓜', '地瓜葉']"
寧夏夜市,寧夏鐵板燒,台北市,大同區寧夏路26號 ,https://www.google.com/maps/place/%E5%AF%A7%E5%A4%8F%E9%90%B5%E6%9D%BF%E7%87%92/data=!4m7!3m6!1s0x3442a96abb408fd7:0xa9086702b763c400!8m2!3d25.05551!4d121.515029!16s%2Fg%2F1tdntlh4!19sChIJ149Au2qpQjQRAMRjtwJnCKk?authuser=0&hl=zh-TW&rclk=1,3.5,$200-400,207,"['雞腿', '蒜', '煎', '沙朗', '套餐', '炒', '夜市', '冬瓜茶', '副菜', '碗']"
寧夏夜市,大昌沙拉船,台北市,大同區寧夏路003攤位 ,https://www.google.com/maps/place/%E5%A4%A7%E6%98%8C%E6%B2%99%E6%8B%89%E8%88%B9/data=!4m7!3m6!1s0x3442a96ad4acad1d:0xe1b2ba8333374ed1!8m2!3d25.0569245!4d121.5155885!16s%2Fg%2F1thg8446!19sChIJHa2s1GqpQjQR0U43M4O6suE?authuser=0&hl=zh-TW&rclk=1,4.0,$1-200,143,"['美乃滋', '炸', '口感', '火腿', '廟口', '滷蛋', '排隊', '營養', '美食', '衛生']"
寧夏夜市,寧夏塩酥雞.炭烤,台北市,大同區寧夏路30-4號 ,https://www.google.com/maps/place/%E5%AF%A7%E5%A4%8F%E5%A1%A9%E9%85%A5%E9%9B%9E.%E7%82%AD%E7%83%A4/data=!4m7!3m6!1s0x3442a96b3c803009:0x3db88a8cc25f765e!8m2!3d25.0557873!4d121.5151104!16s%2Fg%2F11h1ygdyc6!19sChIJCTCAPGupQjQRXnZfwoyKuD0?authuser=0&hl=zh-TW&rclk=1,3.2,$1-200,118,"['鹽酥雞', '錢', '價格', '寧夏夜市', '甜不辣', '豆腐', '龍珠', '柳葉魚', '肉卷', '籃子']"
寧夏夜市,寧夏夜市魷魚焿,台北市,大同區 ,https://www.google.com/maps/place/%E5%AF%A7%E5%A4%8F%E5%A4%9C%E5%B8%82%E9%AD%B7%E9%AD%9A%E7%84%BF/data=!4m7!3m6!1s0x3442a90726fe8a91:0x19281f9d68cc0984!8m2!3d25.0564543!4d121.5153197!16s%2Fg%2F11fd4v15mk!19sChIJkYr-JgepQjQRhAnMaJ0fKBk?authuser=0&hl=zh-TW&rclk=1,3.5,$1-200,27,"['米粉', '羹', '碗', '餐', '勾芡', '炒', '辣椒']"
寧夏夜市,蛋包瓜仔赤肉湯,台北市,大同區寧夏路76號 ,https://www.google.com/maps/place/%E8%9B%8B%E5%8C%85%E7%93%9C%E4%BB%94%E8%B5%A4%E8%82%89%E6%B9%AF/data=!4m7!3m6!1s0x3442a96abb252c59:0x97abd642b40eef20!8m2!3d25.0561685!4d121.515335!16s%2Fg%2F1tfbw4f0!19sChIJWSwlu2qpQjQRIO8OtELWq5c?authuser=0&hl=zh-TW&rclk=1,3.6,$1-200,88,"['滷肉飯', '價格', '咖哩飯', '肉羹', '蝦仁', '碗', '夜市', '鴨蛋', '蛋殼', '香菇']"
寧夏夜市,小巷一沙拉船,台北市,大同區寧夏路33號 ,https://www.google.com/maps/place/%E5%B0%8F%E5%B7%B7%E4%B8%80%E6%B2%99%E6%8B%89%E8%88%B9/data=!4m7!3m6!1s0x3442a926557978bf:0x3491d7bf7d8ae61a!8m2!3d25.0561123!4d121.5154393!16s%2Fg%2F11ql18nsy7!19sChIJv3h5VSapQjQRGuaKfb_XkTQ?authuser=0&hl=zh-TW&rclk=1,3.8,$1-200,34,"['炸麵包', '夜市', '香', '番茄', '排隊', '三明治', '口感']"
寧夏夜市,王家米粉炒,台北市,大同區寧夏路054攤位號 ,https://www.google.com/maps/place/%E7%8E%8B%E5%AE%B6%E7%B1%B3%E7%B2%89%E7%82%92/data=!4m7!3m6!1s0x3442a96adf790c3f:0x66cccf7002699d8c!8m2!3d25.056588!4d121.5155788!16s%2Fg%2F11g8_2tfwl!19sChIJPwx532qpQjQRjJ1pAnDPzGY?authuser=0&hl=zh-TW&rclk=1,3.4,$1-200,77,"['羹', '甜', '炒米粉', '魷魚', '碗', '夜市', '醋', '鮮', '臭', '湯']"
寧夏夜市,福州胡椒餅攤,台北市,大同區寧夏路45號 ,https://www.google.com/maps/place/%E7%A6%8F%E5%B7%9E%E8%83%A1%E6%A4%92%E9%A4%85%E6%94%A4/data=!4m7!3m6!1s0x3442a96ac2af41dd:0x5697607add8876ba!8m2!3d25.0571848!4d121.5156322!16s%2Fg%2F11f08db253!19sChIJ3UGvwmqpQjQRunaI3Xpgl1Y?authuser=0&hl=zh-TW&rclk=1,3.7,$1-200,200,"['赤肉', '口感', '皮', '肉餡', '肥', '蔥', '肉汁', '冷', '有嚼勁', '油']"
寧夏夜市,詹記水果,台北市,大同區寧夏路27號 ,https://www.google.com/maps/place/%E8%A9%B9%E8%A8%98%E6%B0%B4%E6%9E%9C/data=!4m7!3m6!1s0x3442a9a3e3834705:0xe11c988db0a3f722!8m2!3d25.0557709!4d121.5152351!16s%2Fg%2F11gvx_7jg5!19sChIJBUeD46OpQjQRIvejsI2YHOE?authuser=0&hl=zh-TW&rclk=1,4.6,,47,"['番茄', '薑味', '價格', '醬油', '沾醬', '鬼', '仙草', '牛奶', '杯', '坐']"
寧夏夜市,李家鄉魯味,台北市,大同區寧夏路 ,https://www.google.com/maps/place/%E6%9D%8E%E5%AE%B6%E9%84%89%E9%AD%AF%E5%91%B3/data=!4m7!3m6!1s0x3442a96ab954141d:0x85c5265bd112edb3!8m2!3d25.0558289!4d121.5152597!16s%2Fg%2F11f3n1pt_j!19sChIJHRRUuWqpQjQRs-0S0VsmxYU?authuser=0&hl=zh-TW&rclk=1,3.5,$1-400,83,"['豬肝', '滷味', '麻油', '鴨', '豬血糕', '魚皮', '舌', '腰子', '酸菜', '杏鮑菇']"
寧夏夜市,越春真越式傳統料理,台北市,大同區重慶北路二段57巷19號 ,https://www.google.com/maps/place/%E8%B6%8A%E6%98%A5%E7%9C%9F%E8%B6%8A%E5%BC%8F%E5%82%B3%E7%B5%B1%E6%96%99%E7%90%86/data=!4m7!3m6!1s0x3442a9791c95ebeb:0x720ec6c1bb8f55ce!8m2!3d25.0558119!4d121.5150152!16s%2Fg%2F11h5z_9y8h!19sChIJ6-uVHHmpQjQRzlWPu8HGDnI?authuser=0&hl=zh-TW&rclk=1,4.0,$200-400,1366,"['河粉', '米線', '炒飯', '套餐', '夜市', '酸奶', '道', '牛肉湯', '烤肉', '拼盤']"
寧夏夜市,暴暴龍迷你火鍋城,台北市,大同區寧夏路58號 ,https://www.google.com/maps/place/%E6%9A%B4%E6%9A%B4%E9%BE%8D%E8%BF%B7%E4%BD%A0%E7%81%AB%E9%8D%8B%E5%9F%8E/data=!4m7!3m6!1s0x3442a96adeefd3d1:0x888a14ff69a431e2!8m2!3d25.0566808!4d121.5153641!16s%2Fg%2F1vd92sky!19sChIJ0dPv3mqpQjQR4jGkaf8Uiog?authuser=0&hl=zh-TW&rclk=1,4.1,$200-400,503,"['黑蒜', '蚵仔煎', '楊桃', '培根', '夜市', '冬瓜茶', '蟑螂', '炒飯', '滷汁', '烏龍茶']"
寧夏夜市,柴進來雞蛋糕-寧夏夜市（4/25-5/1休息7天喔）,台北市,大同區寧夏路32號水羿云飛和甘記冰店中間寧夏第一大樓裡面電梯旁 ,https://www.google.com/maps/place/%E6%9F%B4%E9%80%B2%E4%BE%86%E9%9B%9E%E8%9B%8B%E7%B3%95-%E5%AF%A7%E5%A4%8F%E5%A4%9C%E5%B8%82%EF%BC%884%2F25-5%2F1%E4%BC%91%E6%81%AF7%E5%A4%A9%E5%96%94%EF%BC%89/data=!4m7!3m6!1s0x3442af8a66d955a7:0x1f49ccd385414d54!8m2!3d25.0559543!4d121.5151416!16s%2Fg%2F11h9bhp2gk!19sChIJp1XZZoqvQjQRVE1BhdPMSR8?authuser=0&hl=zh-TW&rclk=1,4.9,,651,"['流沙', '內餡', '口味', '狗', '榛果巧克力', '花生', '麻糬', '三重奏', '卡士達', '香草']"
寧夏夜市,寧夏夜市范太太Mrs.Fan香菇肉焿,台北市,大同區寧夏路038攤位號 ,https://www.google.com/maps/place/%E5%AF%A7%E5%A4%8F%E5%A4%9C%E5%B8%82%E8%8C%83%E5%A4%AA%E5%A4%AAMrs.Fan%E9%A6%99%E8%8F%87%E8%82%89%E7%84%BF/data=!4m7!3m6!1s0x3442a96adf6ef35f:0x4122694c1fc59cac!8m2!3d25.0566371!4d121.5152443!16s%2Fg%2F11b_2mqry_!19sChIJX_Nu32qpQjQRrJzFH0xpIkE?authuser=0&hl=zh-TW&rclk=1,2.6,,38,"['肉飯', '湯', '草菇', '羹', '排骨']"
寧夏夜市,郭董十全藥燉排骨,台北市,大同區寧夏路58號 ,https://www.google.com/maps/place/%E9%83%AD%E8%91%A3%E5%8D%81%E5%85%A8%E8%97%A5%E7%87%89%E6%8E%92%E9%AA%A8/data=!4m7!3m6!1s0x3442a96adeefd3d1:0x9b4d0cd68f1841df!8m2!3d25.0566808!4d121.5153641!16s%2Fg%2F11b6zxlrlv!19sChIJ0dPv3mqpQjQR30EYj9YMTZs?authuser=0&hl=zh-TW&rclk=1,2.8,$1-200,391,"['蚵仔煎', '麻油', '蝦仁', '炒飯', '滷肉飯', '腰子', '紅油抄手', '麵線', '羊肉', '豬肝湯']"
寧夏夜市,寧夏月氏激蛋蔥油餅NINGXIA YUE SHI SCALLIONS PANCAKE,台北市,大同區寧夏路62號寧夏路45巷1號對面學校側 ,https://www.google.com/maps/place/%E5%AF%A7%E5%A4%8F%E6%9C%88%E6%B0%8F%E6%BF%80%E8%9B%8B%E8%94%A5%E6%B2%B9%E9%A4%85NINGXIA+YUE+SHI+SCALLIONS+PANCAKE/data=!4m7!3m6!1s0x3442a96ade730575:0x9ed28c8bca447b06!8m2!3d25.0566069!4d121.5155639!16s%2Fg%2F11g9drbnc4!19sChIJdQVz3mqpQjQRBntEyouM0p4?authuser=0&hl=zh-TW&rclk=1,3.6,,194,"['醬料', '九層塔', '炸', '口感', '蝦餅', '酥脆', '排隊', '口味', '冷', '刷']"
寧夏夜市,FUN SUN G,台北市,大同區寧夏夜市071號攤位 ,https://www.google.com/maps/place/FUN+SUN+G/data=!4m7!3m6!1s0x3442a935b4ba9941:0x559ca771b0a05ecf!8m2!3d25.0562122!4d121.515457!16s%2Fg%2F11fd4l9fj1!19sChIJQZm6tDWpQjQRz16gsHGnnFU?authuser=0&hl=zh-TW&rclk=1,3.5,$1-200,160,"['雞排', '炸', '汁', '孜然', '粉', '辣', '醃', '夜市', '熊貓', '梅']"
寧夏夜市,客家放山雞,台北市,大同區寧夏路50號 ,https://www.google.com/maps/place/%E5%AE%A2%E5%AE%B6%E6%94%BE%E5%B1%B1%E9%9B%9E/data=!4m7!3m6!1s0x3442a96b20a0e655:0xbe967c9d4dc9c215!8m2!3d25.0564644!4d121.5151876!16s%2Fg%2F1tnk_2jw!19sChIJVeagIGupQjQRFcLJTZ18lr4?authuser=0&hl=zh-TW&rclk=1,3.0,$200-400,310,"['竹筍', '白斬雞', '雞肉飯', '湯圓', '滷肉飯', '誇張', '夜市', '煎蛋', '便當', '料']"
寧夏夜市,季哲廣東粥,台北市,大同區寧夏路035攤位 ,https://www.google.com/maps/place/%E5%AD%A3%E5%93%B2%E5%BB%A3%E6%9D%B1%E7%B2%A5/data=!4m7!3m6!1s0x3442a9400f1e52af:0x3ff3e1d374515371!8m2!3d25.0565643!4d121.5154882!16s%2Fg%2F11h011q4p!19sChIJr1IeD0CpQjQRcVNRdNPh8z8?authuser=0&hl=zh-TW&rclk=1,4.5,$1-200,81,"['碗', '價格', '皮蛋瘦肉粥', '煮', '夜市', '外帶', '吻仔魚', '配料', '夫妻', '胡椒']"
寧夏夜市,珍百味,台北市,大同區太原路240號 ,https://www.google.com/maps/place/%E7%8F%8D%E7%99%BE%E5%91%B3/data=!4m7!3m6!1s0x3442a96af78ed329:0x3a1858aea708d6f1!8m2!3d25.0568331!4d121.5168736!16s%2Fg%2F1th0kln2!19sChIJKdOO92qpQjQR8dYIp65YGDo?authuser=0&hl=zh-TW&rclk=1,4.4,$1-200,71,"['炒飯', '便當', 'cp值', '湯', '雞腿', '燴飯', '牛腩', '滷', '蛤蜊', '佛']"
寧夏夜市,阿諾可麗餅,台北市,大同區寧夏路058攤位號 ,https://www.google.com/maps/place/%E9%98%BF%E8%AB%BE%E5%8F%AF%E9%BA%97%E9%A4%85/data=!4m7!3m6!1s0x3442a96adf9c2e15:0x894ef80b6ecaceef!8m2!3d25.056486!4d121.5153174!16s%2Fg%2F11ggw8pzvp!19sChIJFS6c32qpQjQR787Kbgv4Tok?authuser=0&hl=zh-TW&rclk=1,3.8,,111,"['價格', '草莓', '聖代', '香蕉', '酥脆', '支付', '巧克力醬', '花生醬', '煉乳', '根']"
寧夏夜市,花后-花枝燒,台北市,大同區寧夏路81號攤位寧夏夜市 ,https://www.google.com/maps/place/%E8%8A%B1%E5%90%8E-%E8%8A%B1%E6%9E%9D%E7%87%92/data=!4m7!3m6!1s0x3442a94f09fb80bd:0x2e06e0f37e85f952!8m2!3d25.0563776!4d121.5154103!16s%2Fg%2F11k4m5zr4f!19sChIJvYD7CU-pQjQRUvmFfvPgBi4?authuser=0&hl=zh-TW&rclk=1,4.5,,23,"['炸', '整塊', '椒鹽', '甜', '選擇', '芥末', '蜂蜜', '夜市', '調味', '辣']"
寧夏夜市,古早味愛玉,台北市,大同區寧夏夜市137攤 ,https://www.google.com/maps/place/%E5%8F%A4%E6%97%A9%E5%91%B3%E6%84%9B%E7%8E%89/data=!4m7!3m6!1s0x3442a90e94c09337:0x7ab5f7de548f1b2a!8m2!3d25.0563583!4d121.5154108!16s%2Fg%2F11t4bx13t9!19sChIJN5PAlA6pQjQRKhuPVN73tXo?authuser=0&hl=zh-TW&rclk=1,4.9,,9,"['阿姨', '酸甜', '檸檬']"
寧夏夜市,詹記鷄脚翅 錦西店,台北市,大同區錦西街63號 ,https://www.google.com/maps/place/%E8%A9%B9%E8%A8%98%E9%B7%84%E8%84%9A%E7%BF%85+%E9%8C%A6%E8%A5%BF%E5%BA%97/data=!4m7!3m6!1s0x3442a9403d063851:0xffa38abf6099a034!8m2!3d25.0598469!4d121.5157279!16s%2Fg%2F1td62_vh!19sChIJUTgGPUCpQjQRNKCZYL-Ko_8?authuser=0&hl=zh-TW&rclk=1,3.8,$,498,"['滷味', '鴨', '酸菜', '花生', '甜不辣', '米血', '雞翅', '豆干', '大腸', '蒟蒻']"
寧夏夜市,寧夏老牌豬血湯,台北市,大同區寧夏路29-33號 ,https://www.google.com/maps/place/%E5%AF%A7%E5%A4%8F%E8%80%81%E7%89%8C%E8%B1%AC%E8%A1%80%E6%B9%AF/data=!4m7!3m6!1s0x3442a96b235f799b:0x86f481d185f40fb!8m2!3d25.0559046!4d121.5151543!16s%2Fg%2F11c6w05mjp!19sChIJm3lfI2upQjQR-0BfGB1Ibwg?authuser=0&hl=zh-TW&rclk=1,2.2,$1-200,126,"['臭豆腐', '滷肉飯', '豬腳', '泡菜', '炒麵', '燉排骨', '炒米粉', '夜市', '麻醬麵', '油豆腐']"
寧夏夜市,古早味糖葫蘆,台北市,大同區寧夏路061號攤位 ,https://www.google.com/maps/place/%E5%8F%A4%E6%97%A9%E5%91%B3%E7%B3%96%E8%91%AB%E8%98%86/data=!4m7!3m6!1s0x3442a96adfc00ac5:0x98a8d1175ad4f6b9!8m2!3d25.0563161!4d121.5154362!16s%2Fg%2F11hb3m6yhq!19sChIJxQrA32qpQjQRufbUWhfRqJg?authuser=0&hl=zh-TW&rclk=1,3.3,$1-200,68,"['草莓', '價錢', '夜市', '糖霜', '色素', '語氣', '酸甜', '竹籤', '衛生紙', '橘子']"
寧夏夜市,無骨雞腿排,台北市,大同區寧夏路109號攤位 ,https://www.google.com/maps/place/%E7%84%A1%E9%AA%A8%E9%9B%9E%E8%85%BF%E6%8E%92/data=!4m7!3m6!1s0x3442a946b5cef8a3:0x980e7f42d3e16c9d!8m2!3d25.0558496!4d121.5153182!16s%2Fg%2F11fd7gg0x2!19sChIJo_jOtUapQjQRnWzh00J_Dpg?authuser=0&hl=zh-TW&rclk=1,2.9,$1-200,128,"['價格', '煎', '夜市', '冷', '檸檬', '海鹽', '苦', '柴', '雞腿肉', '口味']"
寧夏夜市,大鐤肉焿,台北市,大同區寧夏路18號攤位號 ,https://www.google.com/maps/place/%E5%A4%A7%E9%90%A4%E8%82%89%E7%84%BF/data=!4m7!3m6!1s0x3442a96abf283ebf:0xd3d23c57a8abadd5!8m2!3d25.054766!4d121.5148032!16s%2Fg%2F11c61h9_ds!19sChIJvz4ov2qpQjQR1a2rqFc80tM?authuser=0&hl=zh-TW&rclk=1,2.6,$1-200,58,"['咖哩', '蛋', '蝦仁', '寧夏夜市', '羹', '盤', '雞肉飯', '滷肉飯', '碗', '冬菜']"
寧夏夜市,隨緣素食,台北市,大同區平陽街44號 ,https://www.google.com/maps/place/%E9%9A%A8%E7%B7%A3%E7%B4%A0%E9%A3%9F/data=!4m7!3m6!1s0x3442a96b3ee8ca35:0xbece20683569c032!8m2!3d25.0553247!4d121.5153421!16s%2Fg%2F11xk1wyhh!19sChIJNcroPmupQjQRMsBpNWggzr4?authuser=0&hl=zh-TW&rclk=1,4.4,$1-200,320,"['滷味', '炒麵', '小菜', '泡菜炒飯', '味增湯', '餛飩', '茄汁', '炒青菜', '當歸', '香椿']"
寧夏夜市,魚鮮生綜合生魚片,台北市,大同區民生西路198號12號，屈臣氏正對面寧夏夜市北側 ,https://www.google.com/maps/place/%E9%AD%9A%E9%AE%AE%E7%94%9F%E7%B6%9C%E5%90%88%E7%94%9F%E9%AD%9A%E7%89%87/data=!4m7!3m6!1s0x3442a93faaaaaaab:0x76efe0e0f07eb652!8m2!3d25.0569902!4d121.5162686!16s%2Fg%2F1wzt01v5!19sChIJq6qqqj-pQjQRUrZ-8ODg73Y?authuser=0&hl=zh-TW&rclk=1,3.6,,45,"['價格', '鮭魚', '夜市', '軟絲', '甜蝦']"
寧夏夜市,雙連滷味,台北市,大同區民生西路159號 ,https://www.google.com/maps/place/%E9%9B%99%E9%80%A3%E6%BB%B7%E5%91%B3/data=!4m7!3m6!1s0x3442a96a677818ef:0x97336945b63dbb73!8m2!3d25.0573818!4d121.5176086!16s%2Fg%2F11bwhb43n8!19sChIJ7xh4Z2qpQjQRc7s9tkVpM5c?authuser=0&hl=zh-TW&rclk=1,4.0,$1-200,181,"['醬', '雞腸', '米血', '豆皮', '蒟蒻', '海帶', '香油', '手套', '甜不辣', '豆乾']"
寧夏夜市,李記悶烤玉米,台北市,大同區民生西路北側人行道上010攤位 ,https://www.google.com/maps/place/%E6%9D%8E%E8%A8%98%E6%82%B6%E7%83%A4%E7%8E%89%E7%B1%B3/data=!4m7!3m6!1s0x3442a96ad4b4c34f:0x8ca21c5bf67a4db7!8m2!3d25.0569998!4d121.5157149!16s%2Fg%2F11c75z4_y5!19sChIJT8O01GqpQjQRt0169lscoow?authuser=0&hl=zh-TW&rclk=1,4.5,$1-200,160,"['醬', 'cp值', '口感', '香', '甜', '寧夏夜市', '糯玉米', '中藥', '大支', '預警']"
寧夏夜市,武士食堂-寧夏店,台北市,大同區民生西路224號 ,https://www.google.com/maps/place/%E6%AD%A6%E5%A3%AB%E9%A3%9F%E5%A0%82-%E5%AF%A7%E5%A4%8F%E5%BA%97/data=!4m7!3m6!1s0x3442a97c04acbaf9:0x1bdc899396e7c64f!8m2!3d25.0568797!4d121.5147817!16s%2Fg%2F11rzwt7mkg!19sChIJ-bqsBHypQjQRT8bnlpOJ3Bs?authuser=0&hl=zh-TW&rclk=1,4.3,$1-200,176,"['丼飯', '大阪燒', '餃', '煎', '豬排', '幽默', '寧夏夜市', '可樂餅', '牡蠣', '收藏']"
寧夏夜市,你好！台灣地瓜球,台北市,大同區寧夏路 ,https://www.google.com/maps/place/%E4%BD%A0%E5%A5%BD%EF%BC%81%E5%8F%B0%E7%81%A3%E5%9C%B0%E7%93%9C%E7%90%83/data=!4m7!3m6!1s0x3442a99cd7473c85:0xa2bf521c7f17f522!8m2!3d25.056892!4d121.5155482!16s%2Fg%2F11swn6ytzb!19sChIJhTxH15ypQjQRIvUXfxxSv6I?authuser=0&hl=zh-TW&rclk=1,2.7,$1-200,224,"['炸', '排隊', 'Q', '鍋', '竹籤', '粉', '夜市', '包', '梅', '有嚼勁']"
寧夏夜市,雙連烤地瓜,台北市,大同區民生西路198-13號 ,https://www.google.com/maps/place/%E9%9B%99%E9%80%A3%E7%83%A4%E5%9C%B0%E7%93%9C/data=!4m7!3m6!1s0x3442a96af06bc40d:0x63286c1ae1ec0c94!8m2!3d25.0569501!4d121.5164105!16s%2Fg%2F11cn5rj23t!19sChIJDcRr8GqpQjQRlAzs4RpsKGM?authuser=0&hl=zh-TW&rclk=1,4.6,$1-200,106,"['甜', '價格', '經濟', '秤', '夜市', '皮', '點心', '小孩']"
寧夏夜市,秋雲潤餅,台北市,大同區寧夏路043攤位 ,https://www.google.com/maps/place/%E7%A7%8B%E9%9B%B2%E6%BD%A4%E9%A4%85/data=!4m7!3m6!1s0x3442a92a25a8d98d:0x97c77b5a173ae125!8m2!3d25.0565017!4d121.5154919!16s%2Fg%2F11f8wvb_bt!19sChIJjdmoJSqpQjQRJeE6F1p7x5c?authuser=0&hl=zh-TW&rclk=1,2.4,$1-200,150,"['咖哩', '高麗菜', '口感', '夜市', '口味', '炒', '潤餅捲', '花生粉', '排隊', '豆芽菜']"
寧夏夜市,柴寮仔米苔目,台北市,大同區寧夏路78號 ,https://www.google.com/maps/place/%E6%9F%B4%E5%AF%AE%E4%BB%94%E7%B1%B3%E8%8B%94%E7%9B%AE/data=!4m7!3m6!1s0x3442a93f86e0b4c5:0xbfe163b3a181092e!8m2!3d25.05817!4d121.5150919!16s%2Fg%2F12m97ggkn!19sChIJxbTghj-pQjQRLgmBobNj4b8?authuser=0&hl=zh-TW&rclk=1,4.2,$1-200,1351,"['小菜', '內臟', '小吃', '傳統', '黑白切', '油豆腐', '梅花肉', '豬肝', '軟骨', '甜辣醬']"
寧夏夜市,芋頭太郎 TARO TARO,台北市,大同區寧夏路60號 ,https://www.google.com/maps/place/%E8%8A%8B%E9%A0%AD%E5%A4%AA%E9%83%8E+TARO+TARO/data=!4m7!3m6!1s0x3442a990c7d66593:0x283b299afb391845!8m2!3d25.0567183!4d121.515374!16s%2Fg%2F11pq5lplxk!19sChIJk2XWx5CpQjQRRRg5-5opOyg?authuser=0&hl=zh-TW&rclk=1,4.4,,1641,"['豆花', '芋圓', '金牌', '冰酥', '芒果冰', '湯圓', '宇治金時', '杏仁茶', '狂想曲', '芋頭冰']"
寧夏夜市,天品滷味坊,台北市,大同區寧夏路68號 ,https://www.google.com/maps/place/%E5%A4%A9%E5%93%81%E6%BB%B7%E5%91%B3%E5%9D%8A/data=!4m7!3m6!1s0x3442a9d5ca211c0b:0x97b907d676b8c55b!8m2!3d25.0568225!4d121.5154122!16s%2Fg%2F11rz7770y5!19sChIJCxwhytWpQjQRW8W4dtYHuZc?authuser=0&hl=zh-TW&rclk=1,2.8,$1-200,44,"['價格', '鳳爪', '豆干', '鹹', '白菜', '米血糕', '豬耳朵', '蕪菁', '百頁', '魚皮']"
寧夏夜市,焗烤海鮮貝(寧夏夜市),台北市,大同區寧夏路58號第128攤 ,https://www.google.com/maps/place/%E7%84%97%E7%83%A4%E6%B5%B7%E9%AE%AE%E8%B2%9D%28%E5%AF%A7%E5%A4%8F%E5%A4%9C%E5%B8%82%29/data=!4m7!3m6!1s0x3442a9e956999505:0x958985a001c0a852!8m2!3d25.0566808!4d121.5153641!16s%2Fg%2F11f8mdlcv4!19sChIJBZWZVumpQjQRUqjAAaCFiZU?authuser=0&hl=zh-TW&rclk=1,5.0,,1,[]
寧夏夜市,雙連鵝肉小館,台北市,大同區民生西路171巷2號 ,https://www.google.com/maps/place/%E9%9B%99%E9%80%A3%E9%B5%9D%E8%82%89%E5%B0%8F%E9%A4%A8/data=!4m7!3m6!1s0x3442a96a6088b713:0x614d382d90981fe8!8m2!3d25.0574202!4d121.5170721!16s%2Fg%2F1tdvgw9h!19sChIJE7eIYGqpQjQR6B-YkC04TWE?authuser=0&hl=zh-TW&rclk=1,4.1,$200-400,373,"['小菜', '價格', '甜', '湯麵', '煙燻', '酒', '冬粉', '豬血糕', '魚', '腿']"
寧夏夜市,曾家鮮果汁,台北市,大同區寧夏路36號【in Ningxia Night Market】 寧夏夜市內 ,https://www.google.com/maps/place/%E6%9B%BE%E5%AE%B6%E9%AE%AE%E6%9E%9C%E6%B1%81/data=!4m7!3m6!1s0x3442a96b23c40233:0xc3c380e780d3abb8!8m2!3d25.0561428!4d121.5151479!16s%2Fg%2F12m9kx4bv!19sChIJMwLEI2upQjQRuKvTgOeAw8M?authuser=0&hl=zh-TW&rclk=1,3.3,$1-200,236,"['杯', '木瓜牛奶', '酪梨', '夜市', '芭樂', '布丁', '柳橙汁', '臉', '綜合果汁', '西瓜汁']"
寧夏夜市,老六高粱香腸蛋餅捲,台北市,大同區寧夏路97號攤位 ,https://www.google.com/maps/place/%E8%80%81%E5%85%AD%E9%AB%98%E7%B2%B1%E9%A6%99%E8%85%B8%E8%9B%8B%E9%A4%85%E6%8D%B2/data=!4m7!3m6!1s0x3442a90ae0856e23:0x6313dfd4f3bb4f8c!8m2!3d25.0559471!4d121.5153038!16s%2Fg%2F11s8qldpnn!19sChIJI26F4AqpQjQRjE-789TfE2M?authuser=0&hl=zh-TW&rclk=1,3.3,$1-200,48,"['價格', '九層塔', '酒', '口感', '組合', '煎', '中等', '冷']"
寧夏夜市,東麥局燒番麥寧夏店,台北市,大同區民生西路232號 ,https://www.google.com/maps/place/%E6%9D%B1%E9%BA%A5%E5%B1%80%E7%87%92%E7%95%AA%E9%BA%A5%E5%AF%A7%E5%A4%8F%E5%BA%97/data=!4m7!3m6!1s0x3442a96cb68907a1:0xaa1956876f7d91a5!8m2!3d25.0568316!4d121.5145519!16s%2Fg%2F11rdc989fw!19sChIJoQeJtmypQjQRpZF9b4dWGao?authuser=0&hl=zh-TW&rclk=1,4.6,$1-200,152,"['烤玉米', '紅茶', '口味', '椒鹽', '土', '甜玉米', '種', '糯米', '店面', '水果']"
寧夏夜市,三元號魯肉飯,台北市,大同區重慶北路二段11號 ,https://www.google.com/maps/place/%E4%B8%89%E5%85%83%E8%99%9F%E9%AD%AF%E8%82%89%E9%A3%AF/data=!4m7!3m6!1s0x3442a96b53d1c9b5:0x6942d152898b5419!8m2!3d25.0545187!4d121.5144606!16s%2Fg%2F1tfl7c2f!19sChIJtcnRU2upQjQRGVSLiVLRQmk?authuser=0&hl=zh-TW&rclk=1,4.0,$1-200,5231,"['肉羹', '魚翅', '鳥', '松茸', '寧夏夜市', '圓環', '蒜泥白肉', '海帶', '草菇', '赤肉']"
寧夏夜市,感恩東山鴨頭,台北市,大同區寧夏路35-43號 ,https://www.google.com/maps/place/%E6%84%9F%E6%81%A9%E6%9D%B1%E5%B1%B1%E9%B4%A8%E9%A0%AD/data=!4m7!3m6!1s0x3442a96ade0a7943:0x706b81fc21555580!8m2!3d25.056735!4d121.5157487!16s%2Fg%2F11bzzx1rzx!19sChIJQ3kK3mqpQjQRgFVVIfyBa3A?authuser=0&hl=zh-TW&rclk=1,3.6,$1-400,86,"['米血', '大腸', '甜不辣', '豆干', '價格', '鳥', '杏鮑菇', '夜市', '舌', '海帶']"
寧夏夜市,寧夏夜市鳥蛋達人,台北市,大同區寧夏夜市29攤 ,https://www.google.com/maps/place/%E5%AF%A7%E5%A4%8F%E5%A4%9C%E5%B8%82%E9%B3%A5%E8%9B%8B%E9%81%94%E4%BA%BA/data=!4m7!3m6!1s0x3442a9e7519069b9:0x6d448928de3780da!8m2!3d25.0563772!4d121.5154134!16s%2Fg%2F11thxv27zr!19sChIJuWmQUeepQjQR2oA33iiJRG0?authuser=0&hl=zh-TW&rclk=1,3.8,,19,"['油', '煎', '起司', '胡椒', '價格']"
寧夏夜市,寧夏夜市022一品香豆腐,台北市,大同區寧夏路022攤位 ,https://www.google.com/maps/place/%E5%AF%A7%E5%A4%8F%E5%A4%9C%E5%B8%82022%E4%B8%80%E5%93%81%E9%A6%99%E8%B1%86%E8%85%90/data=!4m7!3m6!1s0x3442a96ae0a978df:0x5624b5527c579cc0!8m2!3d25.0567006!4d121.51551!16s%2Fg%2F11by_f79h_!19sChIJ33ip4GqpQjQRwJxXfFK1JFY?authuser=0&hl=zh-TW&rclk=1,3.1,$1-200,79,"['臭豆腐', '麵線', '醬汁', '炸', '泡菜', '外帶', '大腸', '香菜', '口感', '臉']"
寧夏夜市,歐帕醬醬雞(寧夏店),台北市,大同區民生西路200號 ,https://www.google.com/maps/place/%E6%AD%90%E5%B8%95%E9%86%AC%E9%86%AC%E9%9B%9E%28%E5%AF%A7%E5%A4%8F%E5%BA%97%29/data=!4m7!3m6!1s0x3442a967fc26b4f9:0x8bccf352c398c1c8!8m2!3d25.0569513!4d121.5156608!16s%2Fg%2F11gj4kbw3c!19sChIJ-bQm_GepQjQRyMGYw1LzzIs?authuser=0&hl=zh-TW&rclk=1,4.0,$1-200,80,"['年糕', '甜', '韓式炸雞', '辣', '價格', '外送', '口感', '熊貓', '抽菸', '雞胸肉']"
寧夏夜市,阿卡拉炸雞,台北市,大同區寧夏夜市078號攤位號 ,https://www.google.com/maps/place/%E9%98%BF%E5%8D%A1%E6%8B%89%E7%82%B8%E9%9B%9E/data=!4m7!3m6!1s0x3442a927480db3e5:0x487680c4e9e9868b!8m2!3d25.0566808!4d121.5153641!16s%2Fg%2F11sf2hx66z!19sChIJ5bMNSCepQjQRi4bp6cSAdkg?authuser=0&hl=zh-TW&rclk=1,3.9,$1-200,26,"['腿', '排', '地瓜', '梅', '酥脆']"
寧夏夜市,洪記刈包,台北市,大同區寧夏路 ,https://www.google.com/maps/place/%E6%B4%AA%E8%A8%98%E5%88%88%E5%8C%85/data=!4m7!3m6!1s0x3442a95f3bcbbc03:0x8d150f300145c05c!8m2!3d25.0564174!4d121.5154271!16s%2Fg%2F11ty13sf0j!19sChIJA7zLO1-pQjQRXMBFATAPFY0?authuser=0&hl=zh-TW&rclk=1,2.4,$1-200,38,"['酸菜', '四神湯', '價格', '豬', '碗', '口感', '花生粉', '薏仁', '柴', '肚']"
寧夏夜市,刈飽-做台灣的刈包,台北市,大同區民生西路198號之19 ,https://www.google.com/maps/place/%E5%88%88%E9%A3%BD-%E5%81%9A%E5%8F%B0%E7%81%A3%E7%9A%84%E5%88%88%E5%8C%85/data=!4m7!3m6!1s0x3442a97612e5a217:0x59f36e119f6deb0f!8m2!3d25.0569773!4d121.5160914!16s%2Fg%2F11rw8_ftf0!19sChIJF6LlEnapQjQRD-ttnxFu81k?authuser=0&hl=zh-TW&rclk=1,3.8,$1-200,227,"['牛肉', '酸菜', '腿', '酸辣湯', '香菜', '筍乾', '花生粉', '麻辣', '傳統', '寧夏夜市']"
寧夏夜市,純鮮奶雞蛋糕,台北市,大同區寧夏路56-38號 ,https://www.google.com/maps/place/%E7%B4%94%E9%AE%AE%E5%A5%B6%E9%9B%9E%E8%9B%8B%E7%B3%95/data=!4m7!3m6!1s0x3442a9880fcfa1e9:0xab42a7c035a05dc0!8m2!3d25.0563111!4d121.5152593!16s%2Fg%2F11g20j1v9q!19sChIJ6aHPD4ipQjQRwF2gNcCnQqs?authuser=0&hl=zh-TW&rclk=1,3.7,,70,"['口味', '起司', '口感', '花生', '價格', '可愛', '袋']"
寧夏夜市,那個地瓜球-寧夏店,台北市,大同區寧夏路017攤位號 ,https://www.google.com/maps/place/%E9%82%A3%E5%80%8B%E5%9C%B0%E7%93%9C%E7%90%83-%E5%AF%A7%E5%A4%8F%E5%BA%97/data=!4m7!3m6!1s0x3442a9539cd2c109:0xf919c4e5f7c8744c!8m2!3d25.056888!4d121.5155821!16s%2Fg%2F11twj3v4nc!19sChIJCcHSnFOpQjQRTHTI9-XEGfk?authuser=0&hl=zh-TW&rclk=1,3.3,$1-200,46,"['夜市', '梅', '皮', '鍋', '牙齒', '佇列', 'Q', '炸', '選擇', '失望']"
寧夏夜市,大橋頭筒仔米糕 重慶店,台北市,大同區重慶北路二段113號 ,https://www.google.com/maps/place/%E5%A4%A7%E6%A9%8B%E9%A0%AD%E7%AD%92%E4%BB%94%E7%B1%B3%E7%B3%95+%E9%87%8D%E6%85%B6%E5%BA%97/data=!4m7!3m6!1s0x3442a9a8043d6e15:0x7c7cc46fe4b34a53!8m2!3d25.0574359!4d121.513904!16s%2Fg%2F11fk4l70s9!19sChIJFW49BKipQjQRU0qz5G_EfHw?authuser=0&hl=zh-TW&rclk=1,4.6,$1-200,2761,"['豬肝湯', '豬血', '蚵仔', '血湯', '小肥', '蘿蔔乾', '延山夜市', '油飯', '寧夏夜市', '必比登']"
寧夏夜市,東石蚵仔煎鮑魚海產粥,台北市,大同區寧夏路66號 ,https://www.google.com/maps/place/%E6%9D%B1%E7%9F%B3%E8%9A%B5%E4%BB%94%E7%85%8E%E9%AE%91%E9%AD%9A%E6%B5%B7%E7%94%A2%E7%B2%A5/data=!4m7!3m6!1s0x3442a96add7583c3:0xaebae1ba500e7a54!8m2!3d25.05684!4d121.5153562!16s%2Fg%2F11b7ts8pgh!19sChIJw4N13WqpQjQRVHoOULrhuq4?authuser=0&hl=zh-TW&rclk=1,2.6,,34,"['炒飯', '海鮮', '麻油', '辣椒', '蝦仁', '夜市', '頭髮', '外帶', '甜']"
寧夏夜市,童年木瓜牛奶（寧夏店）114號攤,台北市,大同區寧夏路114號攤位（全家便利商店對面 ,https://www.google.com/maps/place/%E7%AB%A5%E5%B9%B4%E6%9C%A8%E7%93%9C%E7%89%9B%E5%A5%B6%EF%BC%88%E5%AF%A7%E5%A4%8F%E5%BA%97%EF%BC%89114%E8%99%9F%E6%94%A4/data=!4m7!3m6!1s0x3442a96abb408fd7:0x213c87ae7541caff!8m2!3d25.0558229!4d121.5151136!16s%2Fg%2F1v1tkslp!19sChIJ149Au2qpQjQR_8pBda6HPCE?authuser=0&hl=zh-TW&rclk=1,4.5,$1-200,473,"['夜市', '價格', '布丁', '酪梨', '苦', '臭', '健康', '西瓜汁', '口', '糖']"
寧夏夜市,四海豆漿大王,台北市,大同區寧夏路55號 ,https://www.google.com/maps/place/%E5%9B%9B%E6%B5%B7%E8%B1%86%E6%BC%BF%E5%A4%A7%E7%8E%8B/data=!4m7!3m6!1s0x3442a96ac038f4fd:0xad5a69bd3e95fb5e!8m2!3d25.0575202!4d121.5156107!16s%2Fg%2F11zgwv9gb!19sChIJ_fQ4wGqpQjQRXvuVPr1pWq0?authuser=0&hl=zh-TW&rclk=1,3.4,$1-200,355,"['豆漿', '蛋餅', '燒餅', '油條', '蔥', '饅頭', '飯糰', '米漿', '煎', '芝麻']"
寧夏夜市,十全羊肉,台北市,大同區寧夏路6號 ,https://www.google.com/maps/place/%E5%8D%81%E5%85%A8%E7%BE%8A%E8%82%89/data=!4m7!3m6!1s0x3442a96b5056a337:0x81433218598b4f63!8m2!3d25.0544283!4d121.5147088!16s%2Fg%2F11f3s4l8yc!19sChIJN6NWUGupQjQRY0-LWRgyQ4E?authuser=0&hl=zh-TW&rclk=1,3.3,$1-200,36,"['湯', '油飯', '羊排', '油麵', '麵線', '豆瓣醬', '排骨', '哭', '燉', '夜市']"
寧夏夜市,香連鐵板料理,台北市,大同區寧夏路16號 ,https://www.google.com/maps/place/%E9%A6%99%E9%80%A3%E9%90%B5%E6%9D%BF%E6%96%99%E7%90%86/data=!4m7!3m6!1s0x3442a96ae8df6059:0xff0eda2fd6a5e216!8m2!3d25.0547484!4d121.5147936!16s%2Fg%2F12m9002g3!19sChIJWWDf6GqpQjQRFuKl1i_aDv8?authuser=0&hl=zh-TW&rclk=1,4.2,$200-400,3938,"['酸梅湯', '寧夏夜市', '蛋捲', '豬血糕', '三鮮', '烏梅', '檸檬水', '去骨', '梅汁', '牛肩']"
寧夏夜市,福穎商行 潤餅製造所Taiwanese Burrito,台北市,大同區寧夏路5號 ,https://www.google.com/maps/place/%E7%A6%8F%E7%A9%8E%E5%95%86%E8%A1%8C+%E6%BD%A4%E9%A4%85%E8%A3%BD%E9%80%A0%E6%89%80Taiwanese+Burrito/data=!4m7!3m6!1s0x3442a9f571dab4cb:0xf3550b01a3a9fe38!8m2!3d25.0543888!4d121.5149714!16s%2Fg%2F11l2kkqf0q!19sChIJy7TacfWpQjQROP6powELVfM?authuser=0&hl=zh-TW&rclk=1,4.3,$1-200,95,"['高麗菜', '花生粉', '雞腿肉', '調味', '健康', '夜市', '豆干', '招牌', '包裝', '濕紙巾']"
寧夏夜市,蔡家嘉義火雞肉飯,台北市,大同區寧夏路48號 ,https://www.google.com/maps/place/%E8%94%A1%E5%AE%B6%E5%98%89%E7%BE%A9%E7%81%AB%E9%9B%9E%E8%82%89%E9%A3%AF/data=!4m7!3m6!1s0x3442a96b20bec633:0xfcd5865787dbae4e!8m2!3d25.0564555!4d121.5153025!16s%2Fg%2F1tgp7zhl!19sChIJM8a-IGupQjQRTq7bh1eG1fw?authuser=0&hl=zh-TW&rclk=1,3.0,$1-200,875,"['白菜', '夜市', '雞捲', '油煙', '豬肝湯', '雞油', '滷豆腐', '店員', '下水湯', '炸排骨']"
寧夏夜市,寧夏夜市-知高飯,台北市,大同區寧夏路034攤位號 ,https://www.google.com/maps/place/%E5%AF%A7%E5%A4%8F%E5%A4%9C%E5%B8%82-%E7%9F%A5%E9%AB%98%E9%A3%AF/data=!4m7!3m6!1s0x3442a94003690bb1:0xd606438829f09d0!8m2!3d25.0565845!4d121.5155778!16s%2Fg%2F1tgvb9s5!19sChIJsQtpA0CpQjQR0AmfgjhkYA0?authuser=0&hl=zh-TW&rclk=1,3.1,$1-200,542,"['蝦仁', '筍', '滷肉飯', '滷蛋', '豬腳', '排骨', '滷汁', '香菇', '半熟蛋', '赤肉']"
寧夏夜市,魚大師寧夏店/烤魚/鹽焗台灣鯛,台北市,大同區民生西路198號1-40攤 ,https://www.google.com/maps/place/%E9%AD%9A%E5%A4%A7%E5%B8%AB%E5%AF%A7%E5%A4%8F%E5%BA%97%2F%E7%83%A4%E9%AD%9A%2F%E9%B9%BD%E7%84%97%E5%8F%B0%E7%81%A3%E9%AF%9B/data=!4m7!3m6!1s0x3442a94b13fe87cd:0x15facf78f96ef78b!8m2!3d25.0570366!4d121.5167753!16s%2Fg%2F11w89m973q!19sChIJzYf-E0upQjQRi_du-XjP-hU?authuser=0&hl=zh-TW&rclk=1,4.8,$200-400,116,"['蛤蜊', '鮮', '價格', '土', '蒸', '酒', '甜', '奶油', '光', '薑片']"
寧夏夜市,洪記烏龍麵,台北市,大同區寧夏路34-5號 ,https://www.google.com/maps/place/%E6%B4%AA%E8%A8%98%E7%83%8F%E9%BE%8D%E9%BA%B5/data=!4m7!3m6!1s0x3442a96ac1a610d9:0x99229d4ff79cb7d8!8m2!3d25.0560461!4d121.5151677!16s%2Fg%2F11g_4l9j8!19sChIJ2RCmwWqpQjQR2Lec90-dIpk?authuser=0&hl=zh-TW&rclk=1,3.8,$1-200,77,"['關東煮', '炒烏龍麵', '鍋', '意麵', '價格', '夜市', '碗', '行動支付', '怪味', '蛤蜊']"
寧夏夜市,維縈家鄉碳烤雞排 寧夏店,台北市,大同區民生西路198-19號 ,https://www.google.com/maps/place/%E7%B6%AD%E7%B8%88%E5%AE%B6%E9%84%89%E7%A2%B3%E7%83%A4%E9%9B%9E%E6%8E%92+%E5%AF%A7%E5%A4%8F%E5%BA%97/data=!4m7!3m6!1s0x3442a9ed6d8b8825:0x51698f94475c3bfc!8m2!3d25.0569075!4d121.5161755!16s%2Fg%2F11vc_6728q!19sChIJJYiLbe2pQjQR_DtcR5SPaVE?authuser=0&hl=zh-TW&rclk=1,4.2,$1-200,94,"['炸', '甜', '醬', '外送', '寧夏夜市', '鹹酥雞', '炭', '微辣', '酥脆', '士林夜市']"
寧夏夜市,富樂台式涮涮鍋,台北市,大同區寧夏路67號 ,https://www.google.com/maps/place/%E5%AF%8C%E6%A8%82%E5%8F%B0%E5%BC%8F%E6%B6%AE%E6%B6%AE%E9%8D%8B/data=!4m7!3m6!1s0x3442a96abc8794a5:0x6ff70afac95e1678!8m2!3d25.0583757!4d121.515266!16s%2Fg%2F1pztnry6w!19sChIJpZSHvGqpQjQReBZeyfoK928?authuser=0&hl=zh-TW&rclk=1,3.4,$200-400,155,"['甜點', '價錢', '沙朗', '紅豆湯', '組合肉', '小孩', '滷肉飯', '霜降', '泡菜', '配菜']"
寧夏夜市,大烹小饌｜精緻台客中式料理,台北市,大同區民生西路146-1號 ,https://www.google.com/maps/place/%E5%A4%A7%E7%83%B9%E5%B0%8F%E9%A5%8C%EF%BD%9C%E7%B2%BE%E7%B7%BB%E5%8F%B0%E5%AE%A2%E4%B8%AD%E5%BC%8F%E6%96%99%E7%90%86/data=!4m7!3m6!1s0x3442ab967746fa9b:0x27f0a0c524ef3fb0!8m2!3d25.05734!4d121.5185969!16s%2Fg%2F11b7wc57ck!19sChIJm_pGd5arQjQRsD_vJMWg8Cc?authuser=0&hl=zh-TW&rclk=1,4.5,$400-600,1631,"['聚餐', '豬肝', '臭豆腐', '熱情', '雞湯', '燒豬', '蔥爆牛肉', '客家小炒', '油雞', '砂鍋魚頭']"
寧夏夜市,好吃炒羊肉,台北市,大同區寧夏路6號 ,https://www.google.com/maps/place/%E5%A5%BD%E5%90%83%E7%82%92%E7%BE%8A%E8%82%89/data=!4m7!3m6!1s0x3442a9d2a873345d:0x5f3abe90c08e61ba!8m2!3d25.0544298!4d121.5147001!16s%2Fg%2F11rwrdhfcd!19sChIJXTRzqNKpQjQRumGOwJC-Ol8?authuser=0&hl=zh-TW&rclk=1,3.4,$1-200,88,"['湯', '麵線', '碗', '羊排', '油飯', '豆瓣醬', '油麵', '燉', '坐', '香']"
寧夏夜市,一品臭豆腐,台北市,大同區寧夏路 ,https://www.google.com/maps/place/%E4%B8%80%E5%93%81%E8%87%AD%E8%B1%86%E8%85%90/data=!4m7!3m6!1s0x3442a931a53fe0e1:0x752f482388432d47!8m2!3d25.0567544!4d121.5153922!16s%2Fg%2F11jyk98nv7!19sChIJ4eA_pTGpQjQRRy1DiCNIL3U?authuser=0&hl=zh-TW&rclk=1,3.4,$1-200,51,"['炸', '泡菜', '麵線', '酥', '外帶', '項鍊', '里長', '蒜味', '招牌', '座位']"
寧夏夜市,冰哨酪梨牛奶,Nig,"ht Market, 寧夏路大同區台北市103 ",https://www.google.com/maps/place/%E5%86%B0%E5%93%A8%E9%85%AA%E6%A2%A8%E7%89%9B%E5%A5%B6/data=!4m7!3m6!1s0x3442a93faaaaaaab:0x2acae5c146597cdd!8m2!3d25.0556201!4d121.5151945!16s%2Fg%2F11h0ksyzq!19sChIJq6qqqj-pQjQR3XxZRsHlyio?authuser=0&hl=zh-TW&rclk=1,4.3,$1-200,76,"['布丁', '甜', '價格', '寧夏夜市', '木瓜牛奶', '杯', '苦']"
寧夏夜市,雞蛋蚵仔煎,台北市,大同區寧夏路46號 No ,https://www.google.com/maps/place/%E9%9B%9E%E8%9B%8B%E8%9A%B5%E4%BB%94%E7%85%8E/data=!4m7!3m6!1s0x3442a9af2d60c405:0xcd5374bbe23a600b!8m2!3d25.0564053!4d121.5152811!16s%2Fg%2F11k53s21j0!19sChIJBcRgLa-pQjQRC2A64rt0U80?authuser=0&hl=zh-TW&rclk=1,4.5,,6,[]
寧夏夜市,自然捲 烤肉捲專賣店,台北市,大同區寧夏路020攤位號 ,https://www.google.com/maps/place/%E8%87%AA%E7%84%B6%E6%8D%B2+%E7%83%A4%E8%82%89%E6%8D%B2%E5%B0%88%E8%B3%A3%E5%BA%97/data=!4m7!3m6!1s0x3442a90077b0c095:0xd1b9a8ae634e8aee!8m2!3d25.0567678!4d121.5155794!16s%2Fg%2F11ln0l832m!19sChIJlcCwdwCpQjQR7opOY66oudE?authuser=0&hl=zh-TW&rclk=1,5.0,,1,[]
寧夏夜市,厚切牛排,台北市,大同區寧夏路97號攤位號 ,https://www.google.com/maps/place/%E5%8E%9A%E5%88%87%E7%89%9B%E6%8E%92/data=!4m7!3m6!1s0x3442a95825bd1c7d:0x40906eae8331ed6a!8m2!3d25.0559465!4d121.5153946!16s%2Fg%2F11vbjdmm32!19sChIJfRy9JVipQjQRau0xg65ukEA?authuser=0&hl=zh-TW&rclk=1,2.3,$1-200,4,[]
寧夏夜市,飛天火爆骰子牛,台北市,大同區寧夏夜市第89攤 ,https://www.google.com/maps/place/%E9%A3%9B%E5%A4%A9%E7%81%AB%E7%88%86%E9%AA%B0%E5%AD%90%E7%89%9B/data=!4m7!3m6!1s0x3442a99ce544c763:0x84fb2b993249e9e2!8m2!3d25.0560556!4d121.5154233!16s%2Fg%2F11l2p2zhlc!19sChIJY8dE5ZypQjQR4ulJMpkr-4Q?authuser=0&hl=zh-TW&rclk=1,3.4,$1-200,7,['烤']
寧夏夜市,一番大溪港海鮮,台灣大,同區民生西路219號 ,https://www.google.com/maps/place/%E4%B8%80%E7%95%AA%E5%A4%A7%E6%BA%AA%E6%B8%AF%E6%B5%B7%E9%AE%AE/data=!4m7!3m6!1s0x3442a96aee6d44d3:0x9dd8b3159002a86b!8m2!3d25.0572465!4d121.5161635!16s%2Fg%2F1pzt1y1jw!19sChIJ00Rt7mqpQjQRa6gCkBWz2J0?authuser=0&hl=zh-TW&rclk=1,3.9,$400-600,183,"['價格', '炒', '菜', '透明', '寧夏夜市', '蔥爆牛肉', '公道', '魚頭', '生魚片', '雞湯']"
寧夏夜市,塩烤鮮蝦,台北市,大同區寧夏路第65攤 ,https://www.google.com/maps/place/%E5%A1%A9%E7%83%A4%E9%AE%AE%E8%9D%A6/data=!4m7!3m6!1s0x3442a9204105a515:0x6bf8e1e49419cb26!8m2!3d25.0562542!4d121.515396!16s%2Fg%2F11p028l2nq!19sChIJFaUFQSCpQjQRJssZlOTh-Gs?authuser=0&hl=zh-TW&rclk=1,2.8,,6,['生蠔']
寧夏夜市,邱記10元碳烤,台北市,大同區寧夏路035攤位號 ,https://www.google.com/maps/place/%E9%82%B1%E8%A8%9810%E5%85%83%E7%A2%B3%E7%83%A4/data=!4m7!3m6!1s0x3442a9003ac42771:0xda0bd7153560ae8b!8m2!3d25.0564838!4d121.5156776!16s%2Fg%2F11w3891k4d!19sChIJcSfEOgCpQjQRi65gNRXXC9o?authuser=0&hl=zh-TW&rclk=1,2.9,$200-400,12,"['價格', '評論區', '袋']"
寧夏夜市,日船章魚小丸子,台北市,大同區寧夏路109號攤位號 ,https://www.google.com/maps/place/%E6%97%A5%E8%88%B9%E7%AB%A0%E9%AD%9A%E5%B0%8F%E4%B8%B8%E5%AD%90/data=!4m7!3m6!1s0x3442a9d666e15517:0xbdfe4d736325a84e!8m2!3d25.0558125!4d121.5153065!16s%2Fg%2F11ty6576ph!19sChIJF1XhZtapQjQRTqglY3NN_r0?authuser=0&hl=zh-TW&rclk=1,2.3,$1-200,27,"['價格', '苦味', '內餡', '盒', '失望', '店員', '柴魚片', '口感']"
寧夏夜市,阿川蚵仔麵線,台北市,大同區民生西路198-17號 ,https://www.google.com/maps/place/%E9%98%BF%E5%B7%9D%E8%9A%B5%E4%BB%94%E9%BA%B5%E7%B7%9A/data=!4m7!3m6!1s0x3442a96b2129eb95:0x410737b63d140cc1!8m2!3d25.0569791!4d121.5162818!16s%2Fg%2F1th472ls!19sChIJlespIWupQjQRwQwUPbY3B0E?authuser=0&hl=zh-TW&rclk=1,4.3,$1-200,1635,"['壽司', '蒜', '辣油', '烤腸', '寧夏夜市', '黑醋', '柴魚', '阿宗面線', '荷爾蒙', '元慶蠔']"
寧夏夜市,小漁夫海鮮燒烤（泰國蝦.乾燒蛤.烤魷魚）,台北市,大同區寧夏路56-38號 ,https://www.google.com/maps/place/%E5%B0%8F%E6%BC%81%E5%A4%AB%E6%B5%B7%E9%AE%AE%E7%87%92%E7%83%A4%EF%BC%88%E6%B3%B0%E5%9C%8B%E8%9D%A6.%E4%B9%BE%E7%87%92%E8%9B%A4.%E7%83%A4%E9%AD%B7%E9%AD%9A%EF%BC%89/data=!4m7!3m6!1s0x3442a9c254389b11:0x241c24e93c5fef25!8m2!3d25.0562512!4d121.5152728!16s%2Fg%2F11l2p32lss!19sChIJEZs4VMKpQjQRJe9fPOkkHCQ?authuser=0&hl=zh-TW&rclk=1,3.2,,6,['價格']
寧夏夜市,墾丁牧場炸鮮奶,台北市,大同區寧夏路012攤位號 ,https://www.google.com/maps/place/%E5%A2%BE%E4%B8%81%E7%89%A7%E5%A0%B4%E7%82%B8%E9%AE%AE%E5%A5%B6/data=!4m7!3m6!1s0x3442a9cb90747c29:0x2dc8a81926ab1ef3!8m2!3d25.0546538!4d121.5147469!16s%2Fg%2F11trk9mgf4!19sChIJKXx0kMupQjQR8x6rJhmoyC0?authuser=0&hl=zh-TW&rclk=1,1.7,$1-200,23,"['oreo', '夜市', '奶油', '吃吃看', '價錢']"
寧夏夜市,放羊吃草新疆羊肉串,台北市,大同區寧夏路寧夏夜市 ,https://www.google.com/maps/place/%E6%94%BE%E7%BE%8A%E5%90%83%E8%8D%89%E6%96%B0%E7%96%86%E7%BE%8A%E8%82%89%E4%B8%B2/data=!4m7!3m6!1s0x3442a9f6db7b9abd:0x941a08356e5cc0e2!8m2!3d25.056394!4d121.5153051!16s%2Fg%2F11sf7zk9xt!19sChIJvZp72_apQjQR4sBcbjUIGpQ?authuser=0&hl=zh-TW&rclk=1,3.3,$1-200,41,"['孜然', '香', '調味', '夜市', '鹹', '鹿肉', '零錢', '抽煙', '故意', '臉']"
寧夏夜市,龍賛鍋,台北市,大同區平陽街26號 ,https://www.google.com/maps/place/%E9%BE%8D%E8%B3%9B%E9%8D%8B/data=!4m7!3m6!1s0x3442a96b14709fc7:0xb3971fec76872380!8m2!3d25.0551839!4d121.5159171!16s%2Fg%2F11gd1t_z14!19sChIJx59wFGupQjQRgCOHduwfl7M?authuser=0&hl=zh-TW&rclk=1,3.5,$1-200,271,"['白飯', '外送', '臭臭鍋', '麻辣', '羊肉', '藥膳', '蟑螂', '寧夏夜市', '酸菜', '臭豆腐']"
寧夏夜市,牛窟,台北市,大同區歸綏街127號 ,https://www.google.com/maps/place/%E7%89%9B%E7%AA%9F/data=!4m7!3m6!1s0x3442a941fb4551fb:0x52bb0963c23b7c76!8m2!3d25.0585659!4d121.5154955!16s%2Fg%2F11c1wwpzr7!19sChIJ-1FF-0GpQjQRdnw7wmMJu1I?authuser=0&hl=zh-TW&rclk=1,4.0,$200-400,337,"['外送', '蓋飯', '炒飯', '燴飯', '蔥爆牛肉', '牛肉湯', '食材', '牛雜', '空心菜', '沙茶']"
寧夏夜市,就愛豆乳雞,台北市,大同區民生西路 ,https://www.google.com/maps/place/%E5%B0%B1%E6%84%9B%E8%B1%86%E4%B9%B3%E9%9B%9E/data=!4m7!3m6!1s0x3442a9e6e1866f99:0x30a3ef5eba40889a!8m2!3d25.0570217!4d121.5156164!16s%2Fg%2F11v0zp0jcw!19sChIJmW-G4eapQjQRmohAul7vozA?authuser=0&hl=zh-TW&rclk=1,4.1,$1-200,21,"['新聞', '攤販', '酥脆', '價格']"
寧夏夜市,老攤肉粥,台北市,大同區寧夏路口與民生路口 ,https://www.google.com/maps/place/%E8%80%81%E6%94%A4%E8%82%89%E7%B2%A5/data=!4m7!3m6!1s0x3442a96ac29c0743:0x12e9b58b0fc87242!8m2!3d25.0571683!4d121.5156308!16s%2Fg%2F11g__vnz8!19sChIJQwecwmqpQjQRQnLID4u16RI?authuser=0&hl=zh-TW&rclk=1,3.8,$1-200,293,"['炸', '紅燒肉', '碗', '價格', '海鮮', '早上', '蝦仁', '小菜', '花枝', '旗魚']"
寧夏夜市,文大叔蔬食麵線 全素與蛋奶素,台北市,大同區民生西路169之2號 ,https://www.google.com/maps/place/%E6%96%87%E5%A4%A7%E5%8F%94%E8%94%AC%E9%A3%9F%E9%BA%B5%E7%B7%9A+%E5%85%A8%E7%B4%A0%E8%88%87%E8%9B%8B%E5%A5%B6%E7%B4%A0/data=!4m7!3m6!1s0x3442a903028a32ab:0xd2abdfa19577a384!8m2!3d25.0572659!4d121.5173654!16s%2Fg%2F11j8dt98mp!19sChIJqzKKAgOpQjQRhKN3laHfq9I?authuser=0&hl=zh-TW&rclk=1,4.7,$1-200,335,"['麵線', '滷味', '小菜', '排骨', '素麵', '滷蛋', '勾芡', '豆干', '黑白', '沙茶醬']"
寧夏夜市,蓮飲料吧,台北市,大同區寧夏路001攤位 ,https://www.google.com/maps/place/%E8%93%AE%E9%A3%B2%E6%96%99%E5%90%A7/data=!4m7!3m6!1s0x3442a96b1ffb695b:0xba7bbf6d6780528d!8m2!3d25.0569448!4d121.5155948!16s%2Fg%2F1t_hwpdp!19sChIJW2n7H2upQjQRjVKAZ22_e7o?authuser=0&hl=zh-TW&rclk=1,4.4,$1-200,204,"['甘蔗', '檸檬', '杯', '甜', '楊桃', '牛奶', '養樂多', '比例', '酸', '夜市']"
寧夏夜市,泰讚了thai like tea 寧夏店,台北市,大同區民生西路198之14號 ,https://www.google.com/maps/place/%E6%B3%B0%E8%AE%9A%E4%BA%86thai+like+tea+%E5%AF%A7%E5%A4%8F%E5%BA%97/data=!4m7!3m6!1s0x3442a97698927f1d:0x9591ac4f5e53ff5!8m2!3d25.057003!4d121.5163613!16s%2Fg%2F11y1srw98m!19sChIJHX-SmHapQjQR9T_l9cQaWQk?authuser=0&hl=zh-TW&rclk=1,4.8,$1-200,137,"['甜', '泰式奶茶', '店員', '選擇', '班蘭', '椰', '寧夏夜市', '鴛鴦', '西米', '衛生']"
寧夏夜市,甘記燒仙草飲料店,台北市,大同區寧夏路30之4號 ,https://www.google.com/maps/place/%E7%94%98%E8%A8%98%E7%87%92%E4%BB%99%E8%8D%89%E9%A3%B2%E6%96%99%E5%BA%97/data=!4m7!3m6!1s0x3442a96b248a37ed:0xaf3613ef0505409b!8m2!3d25.0558677!4d121.5151325!16s%2Fg%2F12m9jydhq!19sChIJ7TeKJGupQjQRm0AFBe8TNq8?authuser=0&hl=zh-TW&rclk=1,4.0,,1431,"['雪花', '湯圓', '芋圓', '紅豆', '豆花', '芒果冰', '糖水', '奶凍', '花生湯', '酒釀']"
寧夏夜市,波諦波諦鮮做飲料-大同區飲料 大同區飲料外送 大同區果汁 雙連飲料 雙連飲料外送 雙連果汁,台北市,大同區民生西路198-16號 ,https://www.google.com/maps/place/%E6%B3%A2%E8%AB%A6%E6%B3%A2%E8%AB%A6%E9%AE%AE%E5%81%9A%E9%A3%B2%E6%96%99-%E5%A4%A7%E5%90%8C%E5%8D%80%E9%A3%B2%E6%96%99+%E5%A4%A7%E5%90%8C%E5%8D%80%E9%A3%B2%E6%96%99%E5%A4%96%E9%80%81+%E5%A4%A7%E5%90%8C%E5%8D%80%E6%9E%9C%E6%B1%81+%E9%9B%99%E9%80%A3%E9%A3%B2%E6%96%99+%E9%9B%99%E9%80%A3%E9%A3%B2%E6%96%99%E5%A4%96%E9%80%81+%E9%9B%99%E9%80%A3%E6%9E%9C%E6%B1%81/data=!4m7!3m6!1s0x3442a96aefed4e0b:0xb6b161251160574e!8m2!3d25.0569716!4d121.5162151!16s%2Fg%2F11fy5hf77z!19sChIJC07t72qpQjQRTldgESVhsbY?authuser=0&hl=zh-TW&rclk=1,4.7,$1-200,659,"['木瓜牛奶', '佛', 'cp值', '寧夏夜市', '西瓜汁', '吐司', '香蕉', '豆乾', '酪梨', '奇異果']"
寧夏夜市,那個木瓜牛奶,台北市,大同區寧夏路 ,https://www.google.com/maps/place/%E9%82%A3%E5%80%8B%E6%9C%A8%E7%93%9C%E7%89%9B%E5%A5%B6/data=!4m7!3m6!1s0x3442a9d58a718f7f:0xb5eae6bc52f9ea93!8m2!3d25.0568267!4d121.5154266!16s%2Fg%2F11t74cfpsk!19sChIJf49xitWpQjQRk-r5Urzm6rU?authuser=0&hl=zh-TW&rclk=1,3.9,$1-200,43,"['價格', '西瓜汁', '酪梨', '女老闆']"
寧夏夜市,阿婆特調 鴛鴦奶茶,台北市,大同區寧夏路70號 ,https://www.google.com/maps/place/%E9%98%BF%E5%A9%86%E7%89%B9%E8%AA%BF+%E9%B4%9B%E9%B4%A6%E5%A5%B6%E8%8C%B6/data=!4m7!3m6!1s0x3442a91c7ab5622d:0x50c0f499337cc5c4!8m2!3d25.0570864!4d121.5156696!16s%2Fg%2F11gxdw23hk!19sChIJLWK1ehypQjQRxMV8M5n0wFA?authuser=0&hl=zh-TW&rclk=1,4.0,$1-200,24,"['價格', '珍珠奶茶', '紅茶', '杯', '甜', '百香果', '夜市', '雷']"
寧夏夜市,最老牌之地骨露,台北市,大同區寧夏路004攤位 ,https://www.google.com/maps/place/%E6%9C%80%E8%80%81%E7%89%8C%E4%B9%8B%E5%9C%B0%E9%AA%A8%E9%9C%B2/data=!4m7!3m6!1s0x3442a93faaaaaaab:0xb86b2450faed7010!8m2!3d25.0569191!4d121.5154417!16s%2Fg%2F1tfcl0s6!19sChIJq6qqqj-pQjQREHDt-lAka7g?authuser=0&hl=zh-TW&rclk=1,3.4,$1-200,57,"['苦', '青草茶', '杯', '夜市', '價格', '冬瓜茶', '稀釋', '身體', 'menu', '甜']"
寧夏夜市,杉味豆花,台北市,大同區民生西路172號1樓 ,https://www.google.com/maps/place/%E6%9D%89%E5%91%B3%E8%B1%86%E8%8A%B1/data=!4m7!3m6!1s0x3442a93ed6b1e7e7:0x5cc67ba213c2d0db!8m2!3d25.0571601!4d121.5176427!16s%2Fg%2F1tz73nz3!19sChIJ5-ex1j6pQjQR29DCE6J7xlw?authuser=0&hl=zh-TW&rclk=1,4.4,$,2543,"['芋圓', '刨冰', '燒仙草', '去札維圖法', '寧夏夜市', '蓮子', '杏仁茶', '延山夜市', '薑汁', '西班牙涼菜湯']"
寧夏夜市,水羿云飛 Wing Prime Tea,台北市,大同區寧夏路34號 ,https://www.google.com/maps/place/%E6%B0%B4%E7%BE%BF%E4%BA%91%E9%A3%9B+Wing+Prime+Tea/data=!4m7!3m6!1s0x3442a94729185397:0x77700cb2c79fe780!8m2!3d25.0560179!4d121.5151489!16s%2Fg%2F11why89b5z!19sChIJl1MYKUepQjQRgOefx7IMcHc?authuser=0&hl=zh-TW&rclk=1,4.1,$1-200,27,"['仙草', '冬瓜', '奶茶', '價格', '夜市', '香', '珍珠', '紅茶', '甜']"
寧夏夜市,現打西瓜汁(寧夏夜市),台北市,大同區寧夏路70-58號號 第126攤 ,https://www.google.com/maps/place/%E7%8F%BE%E6%89%93%E8%A5%BF%E7%93%9C%E6%B1%81%28%E5%AF%A7%E5%A4%8F%E5%A4%9C%E5%B8%82%29/data=!4m7!3m6!1s0x3442a972637868af:0xef28d1dc3ab80bd8!8m2!3d25.0566911!4d121.5153836!16s%2Fg%2F11f8mdjhdl!19sChIJr2h4Y3KpQjQR2Au4OtzRKO8?authuser=0&hl=zh-TW&rclk=1,3.0,,8,[]
寧夏夜市,圓環阿勝愛玉冰,台北市,大同區南京西路262巷 ,https://www.google.com/maps/place/%E5%9C%93%E7%92%B0%E9%98%BF%E5%8B%9D%E6%84%9B%E7%8E%89%E5%86%B0/data=!4m7!3m6!1s0x3442a96ca357ef01:0x5a8f0d3c4bcd47ca!8m2!3d25.0536839!4d121.515057!16s%2Fg%2F1tr7g21t!19sChIJAe9Xo2ypQjQRykfNSzwNj1o?authuser=0&hl=zh-TW&rclk=1,4.4,$1-200,439,"['糖水', '路邊攤', '楊桃', '乙酸異戊酯', '懷念', '柳橙', '夜市', '攤販', '養樂多', '復古']"
寧夏夜市,寧夏星光冰果凍小舖,台北市,大同區民生西路231號 ,https://www.google.com/maps/place/%E5%AF%A7%E5%A4%8F%E6%98%9F%E5%85%89%E5%86%B0%E6%9E%9C%E5%87%8D%E5%B0%8F%E8%88%96/data=!4m7!3m6!1s0x3442a96ae8566079:0xf7d15f833cd2f1c3!8m2!3d25.057175!4d121.5157569!16s%2Fg%2F11f30pjl_2!19sChIJeWBW6GqpQjQRw_HSPINf0fc?authuser=0&hl=zh-TW&rclk=1,3.0,,3,[]
寧夏夜市,部隊紅茶,台北市,大同區寧夏路65號 ,https://www.google.com/maps/place/%E9%83%A8%E9%9A%8A%E7%B4%85%E8%8C%B6/data=!4m7!3m6!1s0x3442a9eb0181dae9:0x727fb9cbb3ad39e4!8m2!3d25.0583414!4d121.5152782!16s%2Fg%2F11ssx_j1h2!19sChIJ6dqBAeupQjQR5Dmts8u5f3I?authuser=0&hl=zh-TW&rclk=1,4.9,$1-200,39,"['杯', '甘蔗', '百香果', '烏梅', '蘆薈', '仙草', '冬瓜', '甜', '檸檬', '珍珠']"
寧夏夜市,甜蜜紅茶,台北市,大同區寧夏路113號攤位號 ,https://www.google.com/maps/place/%E7%94%9C%E8%9C%9C%E7%B4%85%E8%8C%B6/data=!4m7!3m6!1s0x3442a91a05bf819d:0x2d04e9ccee11f167!8m2!3d25.0558214!4d121.5152995!16s%2Fg%2F11v00cqgcc!19sChIJnYG_BRqpQjQRZ_ER7szpBC0?authuser=0&hl=zh-TW&rclk=1,4.0,,1,[]
寧夏夜市,好吸飲料店,台北市,大同區寧夏路台湾 Datong District 夜市 ,https://www.google.com/maps/place/%E5%A5%BD%E5%90%B8%E9%A3%B2%E6%96%99%E5%BA%97/data=!4m7!3m6!1s0x3442a963d9a508f1:0x8bd6b3973a5d49c2!8m2!3d25.0556497!4d121.5152022!16s%2Fg%2F11jt4hnyv8!19sChIJ8Qil2WOpQjQRwkldOpez1os?authuser=0&hl=zh-TW&rclk=1,1.8,$1-200,4,"['西瓜', '酸']"
寧夏夜市,酪梨牛奶專賣店,台北市,大同區民生西路156-126號 ,https://www.google.com/maps/place/%E9%85%AA%E6%A2%A8%E7%89%9B%E5%A5%B6%E5%B0%88%E8%B3%A3%E5%BA%97/data=!4m7!3m6!1s0x3442a96a6ae10b6f:0xc4506f912f64852c!8m2!3d25.0572083!4d121.5183865!16s%2Fg%2F11gfhytp4f!19sChIJbwvhamqpQjQRLIVkL5FvUMQ?authuser=0&hl=zh-TW&rclk=1,3.3,$1-200,69,"['杯', '糖', '刷子', '衛生', '懷疑', '木瓜牛奶', '清洗', '失望']"
寧夏夜市,大胖鮮水果汁,台北市,大同區民生西路153門前號 ,https://www.google.com/maps/place/%E5%A4%A7%E8%83%96%E9%AE%AE%E6%B0%B4%E6%9E%9C%E6%B1%81/data=!4m7!3m6!1s0x3442a9a55d1d5d5b:0x481807fd3d144466!8m2!3d25.0574281!4d121.5176306!16s%2Fg%2F11jg115g3f!19sChIJW10dXaWpQjQRZkQUPf0HGEg?authuser=0&hl=zh-TW&rclk=1,4.8,$1-200,79,"['牛奶', '酪梨', '價格', '檸檬汁', '草莓', '夏天', '桔', '酸', '口感', '冬天']"
寧夏夜市,寧夏鄭記台南碗粿,台北市,大同區民生西路275 號 ,https://www.google.com/maps/place/%E5%AF%A7%E5%A4%8F%E9%84%AD%E8%A8%98%E5%8F%B0%E5%8D%97%E7%A2%97%E7%B2%BF/data=!4m7!3m6!1s0x3442a943ec33bc9d:0x3b8dfd52b8ba55ca!8m2!3d25.0571928!4d121.5139671!16s%2Fg%2F11shpgm5lg!19sChIJnbwz7EOpQjQRylW6uFL9jTs?authuser=0&hl=zh-TW&rclk=1,4.2,$1-200,62,"['價格', '羹', '虱目魚', '道', '水', '鹹蛋黃', '香菇', '雞湯', '甜', '傳統']"
