餐廳名稱,留言者,留言者身分,留言時間,星級評等,評論內容
翁記泡沫廣場,鄭景紘,在地嚮導 · 86 則評論 · 61 張相片,3 小時前,5 顆星,他們家的餐點價格實惠、份量也足夠。非常推薦😄 …
翁記泡沫廣場,劉明盈,7 則評論 · 2 張相片,1 天前,4 顆星,"適合跟朋友聊天聚會的好地方
食物份量偏少，但烏龍豆乾好吃～
珍奶是古早味"
翁記泡沫廣場,emina chen,在地嚮導 · 11 則評論 · 6 張相片,2 天前,3 顆星,"傳說中的泡沫紅茶老店
原來就在一中街附近欸
話說以前曾經經過而已
年輕的時候沒有來過這裡
反而是這兩年才一直聽到朋友推薦
現在一段時間就會來一次
那個豆乾真的太太太上癮了
快約朋友一起來😄"
翁記泡沫廣場,徐安迪,在地嚮導 · 62 則評論 · 8 張相片,4 天前,1 顆星,"漲價漲這麼兇也就罷了
開發票還愛開不開  不問就不開
是想被查是不是"
翁記泡沫廣場,郭巧容,在地嚮導 · 28 則評論 · 31 張相片,4 天前,5 顆星,這是我們老台中人懷念的老味道帶朋友去吃他讚不絕口因為他是豆乾王他說無與倫比的好吃給一百分
翁記泡沫廣場,林喬芯,在地嚮導 · 61 則評論 · 15 張相片,6 天前,1 顆星,好爛 薛店 東西不好吃
翁記泡沫廣場,Wels Liu,在地嚮導 · 33 則評論 · 14 張相片,1 週前,3 顆星,評價餐飲
翁記泡沫廣場,陳柏諺,"在地嚮導 · 368 則評論 · 4,076 張相片",1 週前,5 顆星,"從小看到大
今天終於第一次來啦
真的超棒耶
珍珠奶茶好喝
招牌豆干辣味讚讚
毛豆薯條也超讚
豆腐更讚啦"
翁記泡沫廣場,高偉智,在地嚮導 · 84 則評論 · 294 張相片,1 週前,5 顆星,對煙味敏感，門口座椅區抽煙的客人煙味直接飄進來全店，似乎沒有躲藏的地方。大門開著的，裡面外面似乎沒有隔開的意義了
翁記泡沫廣場,Clint Chen,在地嚮導 · 167 則評論 · 225 張相片,2 週前,4 顆星,與朋友聚會好地方，小食很開胃，個人喜歡白蘭地紅茶與芬蘭果汁。
翁記泡沫廣場,陳維連,在地嚮導 · 7 則評論 · 41 張相片,2 週前,1 顆星,外帶ㄧ塊黑豆干70元、被搶劫的感覺
翁記泡沫廣場,謝小寶,10 則評論 · 3 張相片,2 週前,5 顆星,
翁記泡沫廣場,蕭宗慶,在地嚮導 · 5 則評論,2 週前,3 顆星,"在地老店,餐點多,味道好,燈光美,氣氛佳,若不要漏開發票逃漏稅的話會更好"
翁記泡沫廣場,周羿帆,3 則評論,2 週前,1 顆星,小孩想要睡覺，讓他趴下來，服務人員過來告知這裡不能睡覺，不太懂這個規定
翁記泡沫廣場,小藍,在地嚮導 · 14 則評論 · 1 張相片,3 週前,1 顆星,物價上漲可理解 房租漲價可理解  但是這次真的差很多  炒飯份量比路邊攤還少 味道也沒好到哪裡 還不如買路邊攤回家吃  不會再來 反正在貴的店都有人會來 那我寧可選 春水堂吧。翁只剩豆干 厚片 能吃了！
翁記泡沫廣場,鄭喻文,6 則評論,3 週前,5 顆星,
翁記泡沫廣場,V約翰之神,在地嚮導 · 14 則評論 · 1 張相片,3 週前,1 顆星,太貴
翁記泡沫廣場,Sarah Chiang,在地嚮導 · 38 則評論,3 週前,4 顆星,
翁記泡沫廣場,Bryan Chen,"在地嚮導 · 174 則評論 · 1,245 張相片",3 週前,5 顆星,懷念的好地方，豆乾超好吃
翁記泡沫廣場,Rou Chen,在地嚮導 · 58 則評論 · 37 張相片,3 週前,2 顆星,"食物好吃
一樣的味道
現在到底有開發票還是沒開發票？

櫃檯老闆態度好兇
看到旁邊客人要外帶
口氣有夠兇 叫他到吧台打包
服務業真的不用這樣訓話口氣….."
翁記泡沫廣場,Liang LingLing,在地嚮導 · 6 則評論 · 2 張相片,3 週前,5 顆星,
翁記泡沫廣場,Mr.Q,在地嚮導 · 194 則評論 · 648 張相片,4 週前,4 顆星,記憶中的忘記豆乾最好吃
翁記泡沫廣場,LiJyun Chen,在地嚮導 · 175 則評論 · 184 張相片,4 週前,2 顆星,"好貴。
一點心70元、飲料也差不多價位，而且份量都不多。
兩個人吃兩杯茶四樣點心440。"
翁記泡沫廣場,Ivy Huang,"在地嚮導 · 373 則評論 · 1,410 張相片",1 個月前,4 顆星,"這吃的應該是時代的眼淚吧！
可能我剛好嘴破所以吃豆乾被辣到了
但是芬蘭果汁很好喝～
牛肉燴飯就一般般
臨時起意想吃泡沫紅茶店
結果幾年前常吃的綠＊茶居然全部收掉了
不過還好翁記還在🤣🤣🤣"
翁記泡沫廣場,伊宇嫣,3 則評論 · 1 張相片,1 個月前,5 顆星,
翁記泡沫廣場,李佳和,在地嚮導 · 25 則評論 · 16 張相片,1 個月前,5 顆星,很傳統，飲料很不錯，辣味豆乾入味也夠辣。惟價格稍高，但仍值得一試
翁記泡沫廣場,金力,2 則評論,1 個月前,1 顆星,老店賺飽了 態度有夠差  吃的也ㄧ般般宵張什麼
翁記泡沫廣場,施冠宇,在地嚮導 · 37 則評論 · 12 張相片,1 個月前,4 顆星,
翁記泡沫廣場,H S,在地嚮導 · 52 則評論 · 50 張相片,1 個月前,5 顆星,烏龍豆干好好吃
翁記泡沫廣場,Archie Hsiao (阿奇),在地嚮導 · 37 則評論 · 16 張相片,1 個月前,4 顆星,喜歡跟朋友一起去的地方，吃點心喝茶豆干必點👍 …
翁記泡沫廣場,mikayla chang,在地嚮導 · 68 則評論 · 20 張相片,1 個月前,5 顆星,"平常不喜歡吃豆乾
但這家辣烏龍豆乾無敵
一個人可以吃三個"
翁記泡沫廣場,ShiYu Wang,"在地嚮導 · 464 則評論 · 1,225 張相片",1 個月前,5 顆星,"豆干不能錯過
不過辣度很高
不是吃很辣的人可以考慮微辣就好"
翁記泡沫廣場,蕭佳,16 則評論,1 個月前,5 顆星,台中老字號茶藝館！飲料好喝又便宜，餐點豐富也便宜，來這裡聊天、消磨時間超棒的！心情超放鬆！鄰近又有停車場超方便😃 …
翁記泡沫廣場,周慧雅,14 則評論,1 個月前,4 顆星,感覺上還是喜歡二十幾年前在路邊暗暗微亮燈光的翁記，覺得現在都翁紀尤其是泡沫红茶味有點變了豆乾也沒有像以前那麼辣了還是喜歡以前的感覺。
翁記泡沫廣場,Joy,"在地嚮導 · 367 則評論 · 1,475 張相片",1 個月前,3 顆星,來吃懷念的味道，茶點都還可以，但套餐的餐點真的很不推薦，太隨便的料理了、吃過最難吃的宮保雞丁套餐、超雷，應該不會再訪吧
翁記泡沫廣場,sueann,在地嚮導 · 12 則評論 · 381 張相片,1 個月前,4 顆星,
翁記泡沫廣場,heng heng,在地嚮導 · 63 則評論 · 21 張相片,1 個月前,5 顆星,我覺得挺好吃的欸
翁記泡沫廣場,張原逢,在地嚮導 · 183 則評論 · 28 張相片,1 個月前,4 顆星,回味以前讀書時的時光，播影片沒了，也不能打牌，限時約兩小時
翁記泡沫廣場,烏拉那拉如懿,在地嚮導 · 67 則評論 · 12 張相片,1 個月前,2 顆星,青椒牛肉炒飯還行，份量還好，態度隨性，沒到很好但也還好，但給人的感覺隨便，下次換家吃
翁記泡沫廣場,23爺,2 則評論,1 個月前,2 顆星,
翁記泡沫廣場,陳俊樺（陳俊瑋）,在地嚮導 · 326 則評論 · 677 張相片,2 個月前,5 顆星,三歲吃到現在
翁記泡沫廣場,Andrew Chang,"在地嚮導 · 435 則評論 · 3,798 張相片",2 個月前,4 顆星,"很有老店的味道，連收銀的都是老大姐，很有人情味他沒有說錯直接跟我說好久不見，我還真的是大約30幾年沒去了，珍珠奶茶好喝豆干也ok但是價格還是不便宜啦,但是比起春水堂還是便宜些，不能攀比！"
翁記泡沫廣場,Danielle Lai,2 則評論,2 個月前,5 顆星,"每次到台中，一定要去吃的泡沫紅茶店。
烏龍豆乾真的太絕了，現場叫了兩份，另外還打包了六份回台北"
翁記泡沫廣場,姚治源（台中房多多）,在地嚮導 · 8 則評論 · 8 張相片,2 個月前,5 顆星,回味年輕時的泡沫紅茶，不過生意好像沒很好，餐點味道好像跟記憶中的不一樣了
翁記泡沫廣場,69 Money_,9 則評論 · 1 張相片,2 個月前,1 顆星,菜裡有毛
翁記泡沫廣場,胡翠吟,在地嚮導 · 54 則評論 · 60 張相片,2 個月前,5 顆星,
翁記泡沫廣場,李李,在地嚮導 · 164 則評論 · 206 張相片,2 個月前,5 顆星,上餐速度快，適合下班閒聊吃飯的好地方
翁記泡沫廣場,S晨,在地嚮導 · 16 則評論 · 1 張相片,2 個月前,3 顆星,"豆乾很好吃
剛剛外帶的的奶綠 下面全部都是茶葉🙃 …"
翁記泡沫廣場,Tony Lin,在地嚮導 · 710 則評論 · 430 張相片,2 個月前,5 顆星,超級當地風格的咖啡館，招牌燉豆腐一定要試試。老派的飲料菜單和奶奶的廚房。
翁記泡沫廣場,小華,在地嚮導 · 13 則評論 · 4 張相片,2 個月前,1 顆星,消費貴 服務態度差 一次店
翁記泡沫廣場,黃詩詩,在地嚮導 · 63 則評論 · 220 張相片,2 個月前,4 顆星,
翁記泡沫廣場,聖母瑪麗亞,6 則評論,2 個月前,1 顆星,真普
翁記泡沫廣場,楊曜宇,2 則評論,2 個月前,1 顆星,不能睡覺是三小
翁記泡沫廣場,angie,在地嚮導 · 61 則評論 · 153 張相片,2 個月前,5 顆星,烏龍豆干十分入味.蒜味及辣味都恰到好處.胚芽奶茶的胚芽用料實在.喝一口都有滿滿的胚芽.下次會再訪的～
翁記泡沫廣場,Cecily Huang,在地嚮導 · 46 則評論 · 6 張相片,2 個月前,4 顆星,"東西份量小，但生意很好！！
麻辣乾麵超辣（因為我喜歡吃麻辣口感，但這家的是辛辣，大概接近中辣了）
珍珠奶茶蠻古早味的，好喝
薯條跟芋丸也好吃"
翁記泡沫廣場,陳香蘭,11 則評論 · 6 張相片,2 個月前,5 顆星,
翁記泡沫廣場,Vanessa Liu,"在地嚮導 · 527 則評論 · 1,970 張相片",3 個月前,5 顆星,辣烏龍豆乾滿滿的辣椒、蔥、九層塔，大杯珍奶，愛了30年的好味道👅
翁記泡沫廣場,Liz Lin,在地嚮導 · 877 則評論 · 38 張相片,3 個月前,5 顆星,推從小吃到大的辣豆干$70 一份不夠要兩份 無糖小杯珍綠
翁記泡沫廣場,八嘎,3 則評論,3 個月前,1 顆星,"這樣吧，推薦各位大家去第二市場吃比較不會來留評論，花了210吃一個套餐結果端上來的我以為是人家吃剩的。
茶餐廳可以做得像西餐廳其實蠻不簡單，佩服老闆及老闆娘，這麼有巧思。
一餐花了500結果感覺像去吃路邊攤，希望台中可以都是這種店家，這樣窮的越窮富的越富，真會做生意。"
翁記泡沫廣場,Ph Lui,在地嚮導 · 58 則評論 · 4 張相片,3 個月前,3 顆星,"豆乾份量變少，其他的點心也是變很貴，價格上漲很多
不是平替版的春水堂。但是服務跟環境還有氛圍，都很簡陋"
翁記泡沫廣場,MBTT,8 則評論,3 個月前,4 顆星,
翁記泡沫廣場,Karen Lien,"在地嚮導 · 1,082 則評論 · 7,211 張相片",3 個月前,4 顆星,我的出生年份開始發跡的泡沫紅茶店，生意很好，出餐很快，低消費一個人一百元也是很便宜！
翁記泡沫廣場,吳瑞勳 班森身心養護師,在地嚮導 · 58 則評論 · 137 張相片,3 個月前,5 顆星,
翁記泡沫廣場,劉苓蓁,在地嚮導 · 21 則評論 · 26 張相片,3 個月前,4 顆星,"林阿辰推薦的店ヽ(*´з｀*)ノ
烏龍豆干和珍奶必點
跟朋友吃飯很好聊天的地方嘻"
翁記泡沫廣場,林庭瑜,2 則評論,3 個月前,1 顆星,態度有夠差臉有夠臭
翁記泡沫廣場,財神爺,在地嚮導 · 21 則評論 · 25 張相片,3 個月前,5 顆星,"從小吃到大，來台中必吃的😎
豆干辣辣真的好吃😍😍😍
推薦大家來吃😎😎😎
祝老闆員工們
生意興隆 財運滾滾 八方進財 順心平安健康👍"
翁記泡沫廣場,小樂,在地嚮導 · 56 則評論 · 626 張相片,3 個月前,5 顆星,
翁記泡沫廣場,MrDesperado911,在地嚮導 · 90 則評論 · 24 張相片,3 個月前,2 顆星,還在喝飲料就急著收餐具，這不是很好的服務態度
翁記泡沫廣場,徐徐如生,在地嚮導 · 4 則評論 · 59 張相片,4 個月前,5 顆星,
翁記泡沫廣場,Danny Wang,"在地嚮導 · 383 則評論 · 7,973 張相片",4 個月前,5 顆星,從學生時代就常來光顧的地方，吃的不只是餐點，還有滿滿的青春回憶！
翁記泡沫廣場,東島毛仔,7 則評論 · 4 張相片,4 個月前,1 顆星,外帶餐點，在門口打開看內容物而已，一個老店員馬上出來驅趕說：去外面邊走邊吃，不能在店裡的門口吃，因為環保局的人會來驅趕，我是買本店的東西，不是外帶外面餐點，一次店！
翁記泡沫廣場,ZIJUNG TUNG,在地嚮導 · 91 則評論 · 138 張相片,4 個月前,2 顆星,"謝謝店員用很差的態度加比手畫腳 提醒
讓原本會帶走外食垃圾的我
可以把垃圾留在店裡"
翁記泡沫廣場,陳政南,2 則評論,4 個月前,5 顆星,經典的泡沫紅茶店，豆干真的是必吃，又辣又香
翁記泡沫廣場,Ray Chen,在地嚮導 · 11 則評論 · 462 張相片,4 個月前,3 顆星,
翁記泡沫廣場,許秋琴,在地嚮導 · 21 則評論 · 4 張相片,4 個月前,2 顆星,CP值不高，東西還好
翁記泡沫廣場,Niko,在地嚮導 · 73 則評論 · 388 張相片,4 個月前,1 顆星,"門口營業時間寫到晚上12點半, 到了12點旁邊的空桌椅子全部都被立起來，12點5分兩側鐵門直接拉下來，加上十幾個員工們眼神直盯著客人看。餐點售價偏高份量少，員工送餐態度不佳。建議以後營業時間寫12點關門就好!"
翁記泡沫廣場,小劉,"在地嚮導 · 1,286 則評論 · 2,386 張相片",4 個月前,4 顆星,"滷味、炒飯等都不錯吃，可惜價位好像隨著裝潢及菜單的更新變較高價，對老台中人可能吃的是一種回憶🤔
二訪：每次來必點米血、豆干、炒飯👍"
翁記泡沫廣場,Lucy Su,"在地嚮導 · 259 則評論 · 1,719 張相片",4 個月前,4 顆星,"翁記源自1983年，是我們學生時代很受歡迎的茶館；今天朋友和我逛累了也來這歇腳， 紅茶好喝，辣烏龍豆干和米血糕也是我們愛吃的，喜歡厚片的也推薦點一份吃吃看。 不抽菸的建議坐裡面喔。
因為坐戶外的，常常有人抽煙。"
翁記泡沫廣場,融,在地嚮導 · 18 則評論 · 14 張相片,4 個月前,1 顆星,
翁記泡沫廣場,andy hsieh,"在地嚮導 · 154 則評論 · 1,047 張相片",4 個月前,5 顆星,超過30年的好味道，好吃
翁記泡沫廣場,Yz,19 則評論 · 13 張相片,4 個月前,1 顆星,"這樣一杯珍珠奶茶（奶精）外帶130
真的很普
不如喝春水堂
比較香珍珠也比較好吃外帶還可以85折
而且什麼年代了吸管還沒有外包裝
服務生態度也很不好
不知道為什麼還沒被淘汰掉
不推"
翁記泡沫廣場,Lotus Hung,在地嚮導 · 89 則評論 · 221 張相片,4 個月前,3 顆星,"大概有20年沒來過了，物換星移。
就是來吃個回憶，用餐限兩小時，時間到了服務員會很有技巧的來收碗盤，順帶說用餐時間到了還有要加點嗎？！
甜不辣的口感超越麻辣豆乾了！"
翁記泡沫廣場,陳妙蟬,在地嚮導 · 21 則評論 · 18 張相片,4 個月前,1 顆星,"禮拜三消費，與朋友各點了飲料加一盤豆乾！
以前的石榴綠茶味道很剛好，現在的石榴綠茶真的淡到不行，小小一杯要75元，物價上漲能體諒，但應該要有的品質要維護，很可惜無法再回味以前的味道。服務員的態度真的要再加強，無意發現店員口氣不佳又轉頭翻白眼，真的降低老店的價值！"
翁記泡沫廣場,Hank Yu,在地嚮導 · 136 則評論 · 521 張相片,5 個月前,5 顆星,開了很久的老牌泡沫紅茶店，從小吃到大的招牌烏龍豆干依舊是No.1
翁記泡沫廣場,李岱容,7 則評論,5 個月前,5 顆星,
翁記泡沫廣場,吳珮君,9 則評論 · 1 張相片,5 個月前,3 顆星,"一間老字號的茶坊，一段時間未來，餐點依舊，只是…，已不能悠慢的好好享受茶點，閱讀喜愛的書籍，藉此放鬆一下。

不知何時，店內用餐限定2小時。
門口未張貼告知限時用餐。
點餐時，茶坊人員也未告知。
如果事前知曉，應不會再次享用茶點。

如果，想找個地方，喝茶看書，放鬆一下。
這家茶坊已不合適。"
翁記泡沫廣場,郭湘湘,在地嚮導 · 71 則評論 · 565 張相片,5 個月前,3 顆星,已經不是記憶中的味道了......
翁記泡沫廣場,Michelle,在地嚮導 · 35 則評論 · 20 張相片,5 個月前,1 顆星,"喝了35年今天的珍珠奶茶味道變了….失望！
依然不開發票！？沒在怕的！？"
翁記泡沫廣場,Mayo TSAI,在地嚮導 · 36 則評論 · 15 張相片,5 個月前,5 顆星,
翁記泡沫廣場,Alex “Alex” Sung,在地嚮導 · 16 則評論 · 3 張相片,5 個月前,5 顆星,老臺中的老味道
翁記泡沫廣場,林俐伶,7 則評論 · 2 張相片,5 個月前,5 顆星,"辣豆乾.珍珠奶茶🧋.必吃.推推
頭家嬤人超好的👍非常親切可愛😍 …"
翁記泡沫廣場,高儷瑜,在地嚮導 · 26 則評論 · 236 張相片,5 個月前,5 顆星,
翁記泡沫廣場,kimo drum,在地嚮導 · 31 則評論,5 個月前,1 顆星,"烏龍豆干的大辣回不去了……
以前真的又辣又好吃 從35開始吃
之前去不僅不能點大辣 味道也比之前淡也沒入味
真的謝了 以前美好的回憶"
翁記泡沫廣場,黃筱喬,在地嚮導 · 19 則評論 · 20 張相片,5 個月前,4 顆星,
翁記泡沫廣場,Livia C,在地嚮導 · 14 則評論 · 2 張相片,5 個月前,1 顆星,作為遊客在這家餐廳的經歷很糟糕。  這是我第一次來wengji，我進來要給我的孩子買一張嬰兒椅，但服務小姐讓我把椅子搬到座位上，然後自己把它放在椅子上，儘管很明顯我已經懷孕了，還帶著一個孩子。不適合嬰兒/幼兒的環境
翁記泡沫廣場,梁家菁,在地嚮導 · 124 則評論,5 個月前,4 顆星,"多種飲料是五六年級才有的古早味
豆乾小菜都不錯"
翁記泡沫廣場,莎莎,在地嚮導 · 495 則評論 · 374 張相片,5 個月前,1 顆星,因為烏龍豆乾再訪N次，此次來的感覺，變很貴，餐點大退步，味道整個走針，不會再訪。
翁記泡沫廣場,吳宣鋒,在地嚮導 · 8 則評論 · 10 張相片,5 個月前,5 顆星,
翁記泡沫廣場,Queeny Lee,在地嚮導 · 93 則評論 · 674 張相片,5 個月前,4 顆星,這家店在幾十年前生意就很好了，尤其豆乾更是讓人難忘，沒想到現在生意仍很好，雖然現在豆乾辣度選擇很小，沒有大辣的選項，怎麼要求都無法辦到，且味道也比心目中的期待有落差，但能吃到當年的記憶很高興。
翁記泡沫廣場,Eat Chang,"在地嚮導 · 476 則評論 · 1,597 張相片",5 個月前,5 顆星,"老字號的品牌
飲料真心“沒有踩雷的！！”
飲料風味真的非常好！！
點心也，非常用心製作！！！！
烏龍豆干、米血！！真心好吃！！味道非常棒！！
炸物都是現點現作！
食材新鮮
真的是很適合坐下來聊天的地方！！"
翁記泡沫廣場,Jessie,10 則評論 · 4 張相片,5 個月前,1 顆星,
翁記泡沫廣場,mustang,在地嚮導 · 39 則評論 · 5 張相片,5 個月前,1 顆星,"服務態度極差
用餐限時兩個小時
還不能帶自己的水真的是很棒的店家！？"
翁記泡沫廣場,Yuyu Hwang,8 則評論 · 5 張相片,5 個月前,4 顆星,
翁記泡沫廣場,Ping Yen,在地嚮導 · 104 則評論 · 116 張相片,6 個月前,4 顆星,"食物份量不多，但還不錯吃，推薦烏龍豆乾（辣的）；炸甜不辣。
炸豆腐（不推，份量太少了啦）"
翁記泡沫廣場,uan k,8 則評論 · 1 張相片,6 個月前,1 顆星,
翁記泡沫廣場,Ed Lu,在地嚮導 · 98 則評論 · 78 張相片,6 個月前,4 顆星,吃的就是個回憶。謝謝這麼多年的經營。さよなら。
翁記泡沫廣場,伯朗熊,在地嚮導 · 30 則評論 · 2 張相片,6 個月前,5 顆星,
翁記泡沫廣場,Happy,在地嚮導 · 448 則評論 · 32 張相片,6 個月前,3 顆星,"茶奌退步很多
都為了快速上桌
炸一下就起鍋
煮一下就撈起來
不好吃"
翁記泡沫廣場,陳瑛斌,在地嚮導 · 56 則評論 · 40 張相片,6 個月前,2 顆星,
翁記泡沫廣場,Ming,在地嚮導 · 75 則評論 · 106 張相片,6 個月前,1 顆星,"餐點超貴，一個排骨飯210元‼️
量少Cp值超不推。"
翁記泡沫廣場,陳玥舞,在地嚮導 · 61 則評論 · 94 張相片,6 個月前,4 顆星,"超推薦豆乾，一個人可以吃到2盤
然後飲料有時候好喝，但有時候味道有點不太一樣🤣🤣
一些茶點都可以
人很多，環境比較操嘈雜
但整體來說東西好吃，服務還不錯"
翁記泡沫廣場,chiang edward,在地嚮導 · 17 則評論 · 343 張相片,6 個月前,5 顆星,
翁記泡沫廣場,林芷儀,在地嚮導 · 41 則評論 · 66 張相片,6 個月前,3 顆星,"東西是好吃的，但是非常貴，那蘿蔔糕一份70，我傻眼！再來炸雞排套餐，以外面便當的價格，精緻一點的，內容物大概也差不多是這樣，130塊錢好了，這邊賣210🙄。
適合來這邊喝飲料聊天、打發時間，用餐的話，個人不推薦。"
翁記泡沫廣場,Rou Hsiu,在地嚮導 · 145 則評論 · 254 張相片,6 個月前,3 顆星,"沒給發票
洋蔥圈 6個70元？😵‍💫"
翁記泡沫廣場,藍偉誠,在地嚮導 · 20 則評論 · 53 張相片,6 個月前,5 顆星,很好
翁記泡沫廣場,Joyce Tseng,在地嚮導 · 68 則評論 · 88 張相片,6 個月前,3 顆星,幾年沒吃漲價，CP值下降很多，份量少價錢貴，例如一份薯條70(鹹酥雞店30的量)、雞絲麵破100沒有任何料，豆干飲料是唯一有保持水準的品項。
翁記泡沫廣場,劉金金,在地嚮導 · 154 則評論 · 263 張相片,6 個月前,5 顆星,
翁記泡沫廣場,hao tu,2 則評論 · 2 張相片,7 個月前,1 顆星,東西沒很好吃，有點小貴，服務態度差
翁記泡沫廣場,林均翰,6 則評論 · 10 張相片,7 個月前,1 顆星,"我是不懂為什麼零錢不是錢，只有大鈔整數才要收？只是拿出零錢問一下能不能收，幾歲人了現場直接哇哇叫？
很特別的用餐體驗。"
翁記泡沫廣場,JhinYin Jhu (MsMiss蜜絲小姐),17 則評論 · 10 張相片,7 個月前,1 顆星,拿1元零錢支付，特別算好10元一排。總共支付40元，其他鈔票。遭到店員態度非常差的拒絕，說零錢不收。我問零錢不是現金嗎，為什麼不能收？店員說因為他用不到拒收，10元以上的才收。原來還有這種國家發行的貨幣可以拒收的。算是開眼界了。
翁記泡沫廣場,76A陳家芳,"在地嚮導 · 165 則評論 · 1,511 張相片",7 個月前,4 顆星,獨家的辣豆干真的太好吃了~非常入味，加了九層塔一起吃非常對味，其他的飯類份量真的有大，炸物一般般~
翁記泡沫廣場,rder Mu,在地嚮導 · 30 則評論 · 11 張相片,7 個月前,5 顆星,
翁記泡沫廣場,康亞甄,在地嚮導 · 54 則評論 · 133 張相片,7 個月前,4 顆星,"豆乾漲價😮‍💨
半年來一次就漲10元了"
翁記泡沫廣場,Aa A,"在地嚮導 · 62 則評論 · 1,860 張相片",7 個月前,3 顆星,
翁記泡沫廣場,shark long (龍蝦),在地嚮導 · 107 則評論 · 298 張相片,7 個月前,4 顆星,"大約有60座，大部分在室內有冷氣吹
但是座位之間排得很緊湊，感覺很擠
不過整體來說還算舒適
餐點部分中規中矩
沒有特別突出的菜色
不過也都沒有地雷
真要說的話….就是每一盤份量都很少"
翁記泡沫廣場,Mike LEE,在地嚮導 · 48 則評論 · 13 張相片,7 個月前,1 顆星,東西超難吃..超難喝..也不便宜
翁記泡沫廣場,愛河艾爾,在地嚮導 · 91 則評論 · 2 張相片,7 個月前,4 顆星,
翁記泡沫廣場,陳世恆,"在地嚮導 · 101 則評論 · 1,668 張相片",7 個月前,5 顆星,
翁記泡沫廣場,林暘,15 則評論 · 6 張相片,7 個月前,1 顆星,已告知提醒老闆娘要暫時離開座位，桌上餐點不要收，進來的時候發現都被收光跟老闆娘反應結果抱怨我們沒有在桌上放東西店員不知道，還跑去隔壁桌客人抱怨我們 態度有夠差 飲料才喝兩口夠明顯了吧
翁記泡沫廣場,yem chen,11 則評論,7 個月前,1 顆星,價格偏貴 不適合當正餐
翁記泡沫廣場,Jimmy Lin,在地嚮導 · 59 則評論 · 275 張相片,7 個月前,5 顆星,"來 尋找 少年時代 懷舊的泡沫紅茶店文化
每樣都好喝 每一口都感動 回到20年前
招牌烏龍豆干 還不錯
其他 炸物 主食 普通"
翁記泡沫廣場,祖品蓁,5 則評論 · 1 張相片,7 個月前,3 顆星,
翁記泡沫廣場,Ariel Hua Liu,在地嚮導 · 122 則評論 · 40 張相片,7 個月前,5 顆星,從小吃到大，好好吃，只是量越來越少🤣
翁記泡沫廣場,an an,在地嚮導 · 78 則評論 · 787 張相片,7 個月前,4 顆星,"台中泡沫紅茶老店
辣味魯豆干，讚！"
翁記泡沫廣場,南屯金城武安東尼,"在地嚮導 · 65 則評論 · 1,090 張相片",7 個月前,4 顆星,
翁記泡沫廣場,大陳,"在地嚮導 · 967 則評論 · 3,225 張相片",7 個月前,4 顆星,老店老味道
翁記泡沫廣場,YY LL,在地嚮導 · 509 則評論,7 個月前,5 顆星,"這是一家標準的普通餐廳。
那裡的環境沒有想像中的那麼髒。
詛咒率：0%
破損率：0%
故障率：0%
高級餐廳"
翁記泡沫廣場,ERIN WU,在地嚮導 · 330 則評論 · 438 張相片,7 個月前,3 顆星,越來越貴
翁記泡沫廣場,Shih Kai Chen,8 則評論,7 個月前,4 顆星,豆乾好吃
翁記泡沫廣場,愛玩一姊,"在地嚮導 · 477 則評論 · 4,842 張相片",7 個月前,4 顆星,"開車轉錯彎…看到了久違20年的招牌

不管多難停車….就是要進來吃一份 記憶中 的 豆干滋味

本身現在能吃的辣度已降低…邊吃邊哈氣還是吃得很開心 ( 也有不辣的選擇 )

過往總是內用1份+外帶冰著微波吃 … 依舊外帶1份 ( 畢竟太難停車的點 )

重新裝潢過的店面…熟悉的老闆娘( 依舊動作麻利 點菜記憶力超好 )"
翁記泡沫廣場,林育安,2 則評論,7 個月前,1 顆星,"Cp值有夠差 一個餐點210 份量極少 吃不飽
只有豆乾可以吃"
翁記泡沫廣場,peimei,21 則評論 · 1 張相片,7 個月前,4 顆星,"不能得罪櫃檯欸😂
不然微辣的辣椒會多到讓你懷疑人生"
翁記泡沫廣場,陳峻銘,在地嚮導 · 18 則評論 · 17 張相片,7 個月前,5 顆星,
翁記泡沫廣場,Vib Shau,在地嚮導 · 23 則評論 · 8 張相片,7 個月前,1 顆星,今天去吃 同行友人的餐都已經上了 唯獨我的飯沒來 去催了三次四次 店員只會說東西已經全部都上了 但是我已經付錢的飯沒來啊 SOP嚴重有問題 老闆要好好檢討並且處理一下這個狀況 這樣下去不是辦法啦
翁記泡沫廣場,卓昱廷,18 則評論 · 2 張相片,7 個月前,2 顆星,"東西是不錯吃，但小貴
但是…有一位女店員的態度有待加強（雖然不是對我）
有一位女客戶問衛生紙在那裡，這位女店員先回答他一次，女客戶找不到又再次問了其他店員，而這位女店員轉頭向其他同事說：剛剛不是有跟他講了嗎？耳朵不好不要怪我……講一堆🙄

有一次和朋友來，桌上還有東西，一直把東西收走，很像在趕客人（重點沒多少客人，空位一堆😑）"
翁記泡沫廣場,楊竣傑,在地嚮導 · 30 則評論 · 1 張相片,8 個月前,5 顆星,餐點好吃，服務態度好。
翁記泡沫廣場,余柏賢,在地嚮導 · 274 則評論 · 355 張相片,8 個月前,5 顆星,泡沫紅茶和茉香綠茶喝起來很順口好喝，茶點類烏龍豆干、炸甜不辣也不錯，但米血有加花生粉比較吃不慣，環境很好。
翁記泡沫廣場,劉至虔,在地嚮導,8 個月前,5 顆星,
翁記泡沫廣場,Pinky Liu,"在地嚮導 · 316 則評論 · 4,219 張相片",8 個月前,4 顆星,"食物不算好吃，雞絲麵偏少，不推
但豆干不錯。推
珍珠紅茶也蠻好喝，大杯很大，推
適合聚會聊天
沒有載具、刷卡
只有發票、付現"
翁記泡沫廣場,Aillie,在地嚮導 · 417 則評論 · 286 張相片,8 個月前,5 顆星,常常漏開發票，物價上漲能理解，但漲價薯條份量越來越少，不合理啊
翁記泡沫廣場,老鼠mouse,在地嚮導 · 58 則評論 · 137 張相片,8 個月前,5 顆星,"服務人員態度親切，男服務員對小Baby也很熱情🥰
茶點很好吃，珍奶還是記憶中的好味道❤️
和朋友聊天聚餐的好地方 …"
翁記泡沫廣場,Évelyne H,在地嚮導 · 110 則評論 · 249 張相片,8 個月前,5 顆星,"推推他們家的辣味烏龍豆乾實在太太太好吃😋
辣椒很夠味又不會太辣，👍"
翁記泡沫廣場,初依時舞,4 則評論 · 1 張相片,8 個月前,1 顆星,份量少又貴，菜又是冷的
翁記泡沫廣場,Being Yuan Wu,在地嚮導 · 34 則評論 · 79 張相片,8 個月前,4 顆星,食物有達到水準，價格較高，但氣氛不錯 類似阿Q
翁記泡沫廣場,棠棠,在地嚮導 · 38 則評論 · 1 張相片,8 個月前,1 顆星,"以前的烏龍豆干有滿滿的九層塔、大蒜、蔥，辣椒末、和蒜頭，現在漲成一小份70,外帶回家打開一看，什麼配料都沒有，越來越貴卻越來越難吃，以後不會再光顧了。
店家能在台中屹立數十年天天高朋滿座，不就是靠著老顧客的支持與愛護嗎？相信數十年來已獲利滿滿，就算壓縮一點點利潤，給消費者傳統道地配料豐富的翁記豆干，也不為過吧？"
翁記泡沫廣場,林志偉,11 則評論,8 個月前,1 顆星,豆干越賣越貴但卻越來越難吃，沒什麼配料，豆干也沒入味，跟以前差很多。老闆從客人那裡賺那麼多錢，卻不知道要回饋客人，只想撈更多錢，真是奸商心態，以後不會再去了。
翁記泡沫廣場,* W,1 則評論 · 1 張相片,8 個月前,5 顆星,
翁記泡沫廣場,WEN KAI WU,14 則評論 · 1 張相片,8 個月前,3 顆星,
翁記泡沫廣場,吳庭毅,"在地嚮導 · 2 則評論 · 1,199 張相片",8 個月前,5 顆星,
翁記泡沫廣場,Emma,在地嚮導 · 85 則評論 · 83 張相片,8 個月前,1 顆星,"店面不能叫翁記
應該叫盤記才對
份量少又貴冷氣還不強這樣就算了
還不好吃！！！！！！！"
翁記泡沫廣場,林東毅,"在地嚮導 · 1,292 則評論 · 4,772 張相片",8 個月前,5 顆星,喝泡沫紅茶的地方，感受古早味，菜色普
翁記泡沫廣場,若欣,10 則評論,8 個月前,1 顆星,
翁記泡沫廣場,小熊Bear,在地嚮導 · 108 則評論 · 85 張相片,8 個月前,3 顆星,"來一中逛街，順便來吃年輕時的回憶味道，東西不踩雷，不錯吃，但是價格真的算貴，份量又少，烏龍豆干70×2份，米血70,厚片70,雞絲麵（蛋+青菜）100，鮭魚炒飯180，紅茶大杯100，珍奶大杯130，說真的四個人來吃真的只是舔牙縫而已，久久一次是回味，不適合常來 🤣🤣🤣 …"
翁記泡沫廣場,1100EX CB,1 則評論 · 7 張相片,8 個月前,4 顆星,
翁記泡沫廣場,王魯魯,在地嚮導 · 196 則評論 · 196 張相片,9 個月前,4 顆星,
翁記泡沫廣場,Michael Ho,"在地嚮導 · 329 則評論 · 3,091 張相片",9 個月前,2 顆星,雖然說這裡本來就是聊天為主 但70塊的洋蔥圈只有6塊未免也太盤了吧…
翁記泡沫廣場,kunhau tsai,在地嚮導 · 71 則評論 · 186 張相片,9 個月前,4 顆星,聽說是一家老店。豆干尤其出名。今天點了一份套餐再加點一份滷豆干。滷豆干調味香料很多，但有到好吃到值得推薦嗎？我個人覺得有經過時再嘗試就可以了。
翁記泡沫廣場,Kami Liao,在地嚮導 · 18 則評論 · 9 張相片,9 個月前,5 顆星,
翁記泡沫廣場,コル小可露（小可露）,在地嚮導 · 63 則評論 · 173 張相片,9 個月前,3 顆星,"帶寵物雖然可以做戶外，
但是戶外很熱，
只有完全沒風力的天扇，
有寵物的真的不建議過來，
毛小孩會熱到不行，
食物味道還行，但價格真的貴，
點一些些就六百多。"
翁記泡沫廣場,I-Hsin Chang,3 則評論,9 個月前,1 顆星,為了賣下個位置 一直催我們四人桌換座位 我們點了四杯飲料六個餐點 爛店以後不會再來了
推擠 韓食,陳妤宣,8 則評論 · 3 張相片,1 週前,5 顆星,韓式炸雞和冷拌麵好吃
推擠 韓食,曾渝容,6 則評論,2 週前,5 顆星,回訪第二次了～環境東西都好吃
推擠 韓食,ng To,11 則評論 · 5 張相片,2 週前,5 顆星,單點小份烤肉、炸雞、粉紅年糕、白飯與飲料，烤盤的部分會有桌邊人員服務，餐點都不錯吃，吃很飽還有剩，兩人加服務費1500左右。
推擠 韓食,吳沐夏,11 則評論 · 8 張相片,2 週前,5 顆星,
推擠 韓食,劉惠玲,7 則評論 · 1 張相片,2 週前,1 顆星,餐點還可以，梅花肉太硬咬不動，店家放的韓國歌曲音樂非常吵又快又很大聲，很影響食慾，令人想趕緊離開
推擠 韓食,Shu Wei Tan,在地嚮導 · 16 則評論 · 2 張相片,2 週前,5 顆星,好吃 服務很好
推擠 韓食,U J,13 則評論 · 4 張相片,2 週前,5 顆星,好吃
推擠 韓食,柯娣芝,14 則評論 · 4 張相片,2 週前,5 顆星,韓式炸雞好好吃 服務人員人超好的
推擠 韓食,吳俊毅,3 則評論,2 週前,5 顆星,餐點跟服務人員都很棒 喜歡吃韓式料理的可以來嘗試
推擠 韓食,林北就愛吃,"在地嚮導 · 364 則評論 · 1,652 張相片",2 週前,4 顆星,"有免費的水💦可以喝、小菜一直➕、冰淇淋🍦可以吃
海帶：微酸
泡菜：不會辣
豆芽：很脆
小黃瓜🥒：不會辣
醃蘿蔔：正常，脆脆的
蟹膏飯🍚：醬有點少，味道夠，🍚軟糯
辣豆腐鍋🥘：桌邊服務，小小辣，湯頭清甜很不錯，料豐富👌👌
糖醋肉：外酥，不會太硬，還不錯👍"
推擠 韓食,伊嵐,15 則評論 · 6 張相片,2 週前,5 顆星,"海鮮煎餅好好吃👍
魚板也好吃🤤"
推擠 韓食,愛吃的豬,4 張相片,2 週前,5 顆星,
推擠 韓食,threecia huang,9 則評論 · 7 張相片,2 週前,5 顆星,餐點美味而且很有飽足感，服務態度佳
推擠 韓食,wen,在地嚮導 · 258 則評論 · 324 張相片,2 週前,3 顆星,只能現金交易，服務人員多，態度友善和氣。小菜無限吃到飽，有5樣可以選。烤肉盤的肉品幾乎已烤完，上菜後客人幾乎只剩復熱或是再煎脆功能；蒜味蜂蜜炸雞也是溫的。
推擠 韓食,cindy chien,3 則評論,2 週前,5 顆星,不錯吃
推擠 韓食,Alice K,"在地嚮導 · 338 則評論 · 1,386 張相片",2 週前,5 顆星,"蟹膏麵很有特色，口味很濃郁，還有鮭魚卵做搭配，整體口感上很好。

小菜有很多種可以自助夾取，也有冰淇淋可以吃，CP值還不錯!"
推擠 韓食,李庚勳,2 則評論,3 週前,2 顆星,沒辦法連這裡網路🫠
推擠 韓食,Kai,在地嚮導 · 22 則評論,3 週前,5 顆星,好吃，服務棒
推擠 韓食,wink 雨文雯,6 則評論 · 4 張相片,3 週前,5 顆星,
推擠 韓食,Loveand GG,在地嚮導 · 59 則評論 · 337 張相片,3 週前,4 顆星,餐點的部份會覺得豆腐鍋的內容有點料偏少，蒜味蜂蜜炸雞好吃😋！味道蠻夠味的！小菜的生菜能解膩，小菜選擇蠻多樣的，蟹醬麵夠味好吃！可樂是鋁罐長方罐，哈密瓜氣泡飲也蠻特別，有冰棒可以加入攪拌，搭配著喝蠻不錯的！
推擠 韓食,吳紜喬,2 則評論,3 週前,5 顆星,
推擠 韓食,蹦醬油,14 則評論 · 3 張相片,3 週前,5 顆星,好粗
推擠 韓食,Rain Yang,2 則評論 · 1 張相片,3 週前,5 顆星,
推擠 韓食,bard LIN,1 則評論,3 週前,5 顆星,很棒
推擠 韓食,M Meroy,在地嚮導 · 37 則評論 · 45 張相片,4 週前,5 顆星,4人烤肉套餐長這樣，蠻好吃的，我們5個人吃超飽
推擠 韓食,林亞潔,3 則評論 · 3 張相片,4 週前,5 顆星,"東西好吃，服務更好。
推薦給愛吃韓食的朋友，走過路過別錯過。"
推擠 韓食,林佳慧,6 則評論 · 3 張相片,4 週前,5 顆星,不太敢吃辣的人可以來吃吃看，烤肉好吃，胖胖年糕鍋也很棒，最好的還是桌邊服務，👍
推擠 韓食,S,在地嚮導 · 290 則評論 · 361 張相片,4 週前,4 顆星,低消300 ，只有現金或轉帳。小菜可以隨意取用，還有冰淇淋。餐點很有特色。
推擠 韓食,陳小臻,6 則評論 · 1 張相片,4 週前,5 顆星,好吃，服務態度好
推擠 韓食,沈大祐（Kris）,在地嚮導 · 75 則評論 · 132 張相片,4 週前,4 顆星,餐點：烤肉（小份），蟹膏飯，冷麵，海鮮煎餅。 這次用餐覺得最優秀的餐點應該是冷麵，味道調得很好且也在能吃了烤肉後解膩，是個很棒的餐點，烤肉也很不錯，豬皮搭配韭菜很優秀。海鮮煎餅跟蟹膏飯中規中矩，小菜部分個人覺得略遜色了點。
推擠 韓食,Yunjung Chiang,在地嚮導 · 46 則評論 · 138 張相片,1 個月前,5 顆星,"服務很好～～～～
炸醬麵很Q彈😋
烤肉要熱熱的吃
聊個天變硬就沒這麼好吃了😅
小菜無限供應，今天是草莓🍓冰
推推👍🏻"
推擠 韓食,xie Xie,在地嚮導 · 25 則評論 · 5 張相片,1 個月前,2 顆星,不讚
推擠 韓食,Lo hmmm,10 則評論 · 1 張相片,1 個月前,5 顆星,"東西好吃 推推

吃的很飽 讚讚👍"
推擠 韓食,N,9 則評論,1 個月前,3 顆星,挺普通的
推擠 韓食,J J,"在地嚮導 · 341 則評論 · 2,517 張相片",1 個月前,5 顆星,"食物還可以
服務人員很親切
環境簡陋
背景音樂過於大聲
跟友人聊天有點吃力
無特約停車場
不易停車
若假日前往需預留40分鐘尋找車位"
推擠 韓食,邱玟萍,7 則評論,1 個月前,5 顆星,cp值高，份量多又好吃，下次聚會一樣來這裡
推擠 韓食,李雅慧,4 則評論 · 1 張相片,1 個月前,5 顆星,
推擠 韓食,Ecc Lin,在地嚮導 · 24 則評論 · 8 張相片,1 個月前,5 顆星,很好吃且服務也很好
推擠 韓食,呂俊霆,6 則評論,1 個月前,5 顆星,
推擠 韓食,Walter Chen,12 則評論 · 1 張相片,1 個月前,5 顆星,好吃，服務人員很貼心的介紹
推擠 韓食,盧珮瑜,1 則評論 · 1 張相片,1 個月前,5 顆星,蟹膏麵超級推😍
推擠 韓食,wayne wang,在地嚮導 · 29 則評論 · 27 張相片,1 個月前,5 顆星,好吃的韓式料理～口味特別！👍🏻👍🏻👍🏻
推擠 韓食,"韓樹貞Han, Shu-Jhen_Ashley",2 則評論,1 個月前,5 顆星,東西都很好吃！烤肉的起司馬鈴薯特別讓人驚艷。豆腐鍋也都很讚。就算是不吃辣的人也都能有很好的體驗。
推擠 韓食,林宥穎,在地嚮導 · 14 則評論 · 12 張相片,1 個月前,5 顆星,餐點好吃 服務很好
推擠 韓食,許郢芳,8 則評論 · 6 張相片,1 個月前,5 顆星,"食物都好好吃🤤推推👍🏻
桌邊服務很完善環境也很整潔～"
推擠 韓食,aden su,10 則評論 · 1 張相片,1 個月前,5 顆星,別推了
推擠 韓食,Asa,10 則評論,1 個月前,5 顆星,小菜好吃 餐點不錯
推擠 韓食,Miya,1 則評論,1 個月前,5 顆星,環境很棒
推擠 韓食,Lawrence Wang,2 則評論 · 1 張相片,1 個月前,5 顆星,
推擠 韓食,小嫻,在地嚮導 · 15 則評論 · 10 張相片,1 個月前,5 顆星,海鮮煎餅料多又脆，蒜味蜂蜜炸雞脆又不會膩口，這兩樣都超推～
推擠 韓食,June woo,8 則評論 · 5 張相片,1 個月前,3 顆星,"慕名而來 個人感受餐點普普
店員親切 桌邊服務很好😊

（僅現金支付 無載具）"
推擠 韓食,장가형,在地嚮導 · 17 則評論 · 17 張相片,1 個月前,5 顆星,口味偏台，但是好吃的
推擠 韓食,李佳諭,13 則評論 · 3 張相片,1 個月前,5 顆星,
推擠 韓食,琦琦,在地嚮導 · 17 則評論 · 16 張相片,1 個月前,5 顆星,
推擠 韓食,Aaron Lai,1 則評論 · 2 張相片,1 個月前,4 顆星,
推擠 韓食,SiYan,在地嚮導 · 31 則評論 · 129 張相片,1 個月前,5 顆星,"遲到的評論
3月1日晚在此間用餐
小菜給得很大方
美中不足的是五花肉燒的不夠酥脆
不然會更好吃喔"
推擠 韓食,楊岳勳,4 則評論,1 個月前,5 顆星,服務好 餐點好吃
推擠 韓食,Pei Yun Wu,11 則評論 · 5 張相片,1 個月前,5 顆星,
推擠 韓食,tw Commoner,7 則評論,1 個月前,5 顆星,好吃
推擠 韓食,kjim PA,6 則評論,1 個月前,5 顆星,好吃
推擠 韓食,賴芃汝,8 則評論 · 12 張相片,1 個月前,5 顆星,初訪！烤肉有服務人員幫忙，餐點也都很美味，烤肉的豬皮有滷過再烤，口感特別，超讚👍 推推
推擠 韓食,郭翰昇,9 則評論 · 3 張相片,1 個月前,5 顆星,很少吃到那麼好吃的韓式料理 上餐也很迅速
推擠 韓食,kenneth wu,14 則評論,1 個月前,5 顆星,東西好吃😋服務也很周到～推 …
推擠 韓食,蘇庭萱,在地嚮導 · 17 則評論 · 14 張相片,1 個月前,5 顆星,餐點新鮮好吃，份量足夠，服務人員態度親切、服務良好，值得到訪。
推擠 韓食,蔡宓芸,13 則評論 · 13 張相片,1 個月前,5 顆星,店員服務很用心，餐點也很好吃👍推
推擠 韓食,Chloe,7 則評論 · 5 張相片,1 個月前,5 顆星,豆腐湯好吃
推擠 韓食,CHIEN YU YE,10 則評論 · 3 張相片,1 個月前,5 顆星,👍👍👍
推擠 韓食,黃姿蓉,16 則評論 · 4 張相片,1 個月前,5 顆星,"很不錯的韓式料理
蠻道地的
小菜可以免費續
推推 下次會再訪"
推擠 韓食,juiling Lu,在地嚮導 · 47 則評論 · 172 張相片,1 個月前,5 顆星,今天點了雙人烤肉套餐！現金收費無行動支付，附近有全家便利超商可以領錢。用餐區在二樓。餐點新鮮，桌邊服務還會全程解說，會繼續回訪的韓式餐廳
推擠 韓食,美月（Moon）,在地嚮導 · 93 則評論 · 719 張相片,1 個月前,5 顆星,"上菜偏慢，鍋有服務人員處理
但是一直滾噴到整個桌子都是😅
東西算好吃
如果可以改一下噴整個桌子的部分會想再來"
推擠 韓食,Lydia,"在地嚮導 · 431 則評論 · 1,956 張相片",1 個月前,4 顆星,桌子較近，希望隔開些，其他都不錯，服務人員態度親切，六樣小菜免費續吃。
推擠 韓食,ching,"在地嚮導 · 404 則評論 · 1,270 張相片",1 個月前,5 顆星,好吃，已多次來訪，建議大家來試試
推擠 韓食,Robin老鄧,在地嚮導 · 15 則評論 · 1 張相片,1 個月前,2 顆星,
推擠 韓食,李品宣,1 則評論,1 個月前,4 顆星,
推擠 韓食,̇Ⱉ ̇,1 則評論,1 個月前,5 顆星,食物很好吃😋
推擠 韓食,Jackie,10 則評論,1 個月前,5 顆星,服務一級棒👍
推擠 韓食,吃貨工程師萊恩,在地嚮導 · 10 則評論 · 1 張相片,1 個月前,5 顆星,"完整版影片請到 Instagram 搜尋 @ryan.thatfoodie 😃

台中韓料控必吃！高CP值烤肉 + 小菜吃到飽🔥

一中街超夯的推擠韓食，韓式烤肉直接現場代烤，搭配無限供應的小菜，吃起來超滿足！

✅ 推薦必點：
🥩 推擠烤肉拼盤（三人套餐 $1599） —— 五花肉、梅花肉、豬皮一次滿足，專人代烤超方便，搭配生菜、小菜一起吃，彷彿身在韓國！
🦀 蟹膏麵（$199 可套餐加購） —— 滿滿蟹膏與海鮮香氣，濃郁鮮甜，趁熱吃最過癮！
🍗 韓式炸雞 + 胖胖年糕 —— 甜辣醬汁完美包裹炸雞，搭配Q彈年糕，口感超涮嘴！

💡 聽說最近還會推出烤腸，有人要一起衝嗎？"
推擠 韓食,詹晏瑜,8 則評論 · 5 張相片,1 個月前,5 顆星,
推擠 韓食,鍾岑昀,9 則評論 · 4 張相片,1 個月前,5 顆星,"店員很常來幫忙用烤盤
不會讓肉烤焦
飲品跟食物都在水準之上👍"
推擠 韓食,張珊咪,12 則評論 · 4 張相片,1 個月前,5 顆星,小菜多樣性❤️桌邊服務都很好喔!
推擠 韓食,蔡啟楠,2 則評論 · 2 張相片,1 個月前,5 顆星,很好吃，份量很多，聚餐推推
推擠 韓食,藍宥盈,11 則評論 · 4 張相片,1 個月前,5 顆星,點了烤肉的雙人套餐，服務人員會代烤可以專心吃飯聊天，熟度可以依個人喜好調整超級貼心，餐點也在水準之上，整體來說是非常棒的用餐體驗，下次會再來！🤍
推擠 韓食,Y,在地嚮導 · 37 則評論 · 4 張相片,1 個月前,5 顆星,"本來以為很多評論可能只是洗出來的，沒想到完全不是！餐點超好吃、服務也超好！
豬皮沒吃完，服務人員回報給櫃檯（覺得這個舉動很貼心，有隨時在注意客人的感覺）櫃檯提醒說下次可以幫我們換成肉（但其實我只是吃不下ㄌ😂）
總之是非常美好的用餐體驗！一定還會再來😍"
推擠 韓食,丁姐aka翰寶,在地嚮導 · 103 則評論 · 211 張相片,1 個月前,5 顆星,"四人套餐有7道餐食
霜淇淋及小菜吃到飽
店員會桌邊服務豆腐湯及烤肉的部分
飲料一定要點柚子綠茶很好喝～
整體不錯～肉很多～吃的很飽，還外帶回家
圖片款all+服務費約2千6！
打卡送杯套～

-需+10%服務費
-只能現金交易"
推擠 韓食,Alex Lai,10 則評論 · 1 張相片,1 個月前,5 顆星,很棒很好吃 服務人員也很棒很貼心
推擠 韓食,可可歐蕾,在地嚮導 · 16 則評論 · 17 張相片,1 個月前,5 顆星,糖醋肉好吃😋
推擠 韓食,kura Sa,在地嚮導 · 27 則評論 · 1 張相片,1 個月前,5 顆星,吃炸雞吃烤肉！
推擠 韓食,Coco Li,在地嚮導 · 58 則評論 · 16 張相片,1 個月前,5 顆星,"1.要訂位，有提前開放進場
2.點烤肉的雙人套餐，肉的份量比想像中的多，雖然只有一碗白飯，但真的能吃飽，生菜希望能多一點
3.湯會先來，很容易冷掉，一定要先喝，小菜吃到飽很棒
4.只能現金付費，訂位時都會提醒"
推擠 韓食,Wendy Liu,在地嚮導 · 22 則評論 · 6 張相片,1 個月前,5 顆星,Cp值超高，4個人點三人套餐就吃不完了，紅醬洋釀炸雞必點。烤肉盤非常好吃，值得推薦給大家！👍👍👍
推擠 韓食,hotbrother,在地嚮導 · 105 則評論 · 58 張相片,1 個月前,3 顆星,走桌邊服務路線👍，網美應該會拍的開心，小菜普通，其他的烤肉 炸雞 泡菜鍋 蟹膏麵蟹糕飯 你吃完之後結完帳，會覺得價格高了些口味普通，跟其他的韓式品牌餐廳料理比較的話…
推擠 韓食,lady smile,在地嚮導 · 98 則評論 · 193 張相片,1 個月前,5 顆星,"Cp值最高的是炸雞🍗
我是點大份的，有15隻小雞腿，價錢399元
如果內用需10%服務費

整體來說，大推《推擠 韓食》 🤩🤩
我們3個人點2人份+大份炸雞🍗
大家都吃得飽飽飽～
自助吧小菜選擇性蠻多樣
最愛海帶芽😍
吃飽當然還有霜淇淋🍦"
推擠 韓食,TING YEN,在地嚮導 · 19 則評論 · 5 張相片,1 個月前,5 顆星,東西好吃，服務態度好！
推擠 韓食,廷廷,3 則評論,1 個月前,5 顆星,cp高 餐點好吃
推擠 韓食,Changyuan Wu,在地嚮導 · 4 則評論 · 2 張相片,1 個月前,5 顆星,
推擠 韓食,陳湘雯,在地嚮導 · 7 則評論 · 6 張相片,1 個月前,5 顆星,好吃
推擠 韓食,JHEN.,1 則評論 · 1 張相片,1 個月前,5 顆星,超好吃！！！！服務人員的態度也超好的🥹 好喜歡❤️ …
推擠 韓食,施侑宜,4 則評論,1 個月前,5 顆星,好吃
推擠 韓食,楊宛蒨,5 則評論 · 1 張相片,1 個月前,5 顆星,烤肉拼盤非常好吃👍 …
推擠 韓食,小葳“惜惜”しょう しょう,在地嚮導 · 113 則評論 · 808 張相片,1 個月前,4 顆星,"蟹膏麵＆海鮮煎餅好吃。有自助吧小菜跟冰淇淋，水杯也在自助吧。桌面蠻大的雖然座位蠻近的，但也不會太擁擠；有提供拋棄式圍裙(灬°ω°灬)
只有現金付款ヽ(*。>Д<)o゜
(σ°∀°)σ..:*☆有點鍋物、烤肉使用瓦斯爐的餐點服務人員也會幫忙看，鍋物好了會再移到旁邊木拖上再讓顧客使用；烤肉也會確認顧客喜歡的狀態"
推擠 韓食,Ene I,14 則評論 · 4 張相片,1 個月前,5 顆星,服務態度很好
推擠 韓食,Jessie,在地嚮導 · 12 則評論 · 122 張相片,2 個月前,5 顆星,
推擠 韓食,高職商科の廢物學渣（渣渣）,5 則評論 · 7 張相片,2 個月前,5 顆星,
推擠 韓食,NazzZ,6 則評論 · 7 張相片,2 個月前,5 顆星,
推擠 韓食,詹家眞,在地嚮導 · 36 則評論 · 49 張相片,2 個月前,5 顆星,好吃二訪👍
推擠 韓食,張佳蓁,3 則評論 · 3 張相片,2 個月前,5 顆星,
推擠 韓食,Yi,8 則評論 · 1 張相片,2 個月前,5 顆星,小菜可以無限續很棒👍
推擠 韓食,相關剪輯,13 則評論 · 1 張相片,2 個月前,4 顆星,點了兩人套餐吃起來很不錯 烤盤有服務人員會幫忙料理 位子稍嫌小了點
推擠 韓食,詹前霈,在地嚮導 · 43 則評論 · 4 張相片,2 個月前,5 顆星,"餐點很好吃
服務超優質
值得一來再來"
推擠 韓食,李芷葳,在地嚮導 · 24 則評論 · 9 張相片,2 個月前,5 顆星,店員服務超好，還會解答我的疑問，好好笑而且好吃吃很飽(⁎⁍̴̛ᴗ⁍̴̛⁎)
推擠 韓食,Astrid,7 則評論 · 4 張相片,2 個月前,5 顆星,不錯
推擠 韓食,Flora Tsai,4 則評論,2 個月前,5 顆星,我覺得份量很夠也很好吃
推擠 韓食,陳咨羲,在地嚮導 · 13 則評論 · 6 張相片,2 個月前,3 顆星,第一次來，感覺很年輕人的店，音樂很好聽！
推擠 韓食,陳臻,在地嚮導 · 46 則評論 · 37 張相片,2 個月前,5 顆星,很好吃吃好飽，服務人員很親切，還有專人代烤，豬皮意外好吃耶，下次再訪👍
推擠 韓食,陳毅承,11 則評論 · 1 張相片,2 個月前,5 顆星,"韓式豆腐鍋好吃
蟹膏面👍"
推擠 韓食,陳世慧,16 則評論 · 3 張相片,2 個月前,5 顆星,非常好吃！份量很足～～推推豆腐鍋😍😍
推擠 韓食,曉琪,4 則評論,2 個月前,5 顆星,一中商圈好吃的韓式料理
推擠 韓食,Yu Hsieh (Aphro_1995),在地嚮導 · 20 則評論 · 5 張相片,2 個月前,5 顆星,超好吃 東西又大份 物超所值
推擠 韓食,詹昀浩,10 則評論 · 12 張相片,2 個月前,5 顆星,第一次來用餐，店員服務態度很好，餐點也很棒
推擠 韓食,鄭菩提,6 則評論 · 2 張相片,2 個月前,5 顆星,
推擠 韓食,Eddie,在地嚮導 · 20 則評論 · 12 張相片,2 個月前,5 顆星,
推擠 韓食,古翊涵,6 則評論 · 2 張相片,2 個月前,5 顆星,"份量很足
工作人員都很親切👍"
推擠 韓食,吳侑霖,在地嚮導 · 35 則評論 · 170 張相片,2 個月前,5 顆星,
推擠 韓食,黃于禎,25 則評論 · 5 張相片,2 個月前,5 顆星,
推擠 韓食,林奕亨,4 則評論 · 7 張相片,2 個月前,5 顆星,
推擠 韓食,楊喆銘,2 則評論 · 1 張相片,2 個月前,5 顆星,
推擠 韓食,吳吉姆,5 則評論 · 4 張相片,2 個月前,5 顆星,推泡菜鍋、年糕，很好吃，烤肉拼盤也好吃
推擠 韓食,狸賀,在地嚮導 · 103 則評論 · 301 張相片,2 個月前,5 顆星,"餐點多樣有單點及套餐，店員代烤服務親切、說明仔細。
🍲推炸醬麵、辣豆腐鍋
🥘拼盤烤肉，肉質軟嫩不乾柴，很好吃。
🥢四、五樣小菜提供，無限續，還有霜淇淋。

• 選四人套餐，裡面附的白飯只有一碗，得分者吃。
• 掃碼點餐、用餐時間90分鐘，吃不完可打包。
• 二樓空間較大，有廁所。貼心的提供圍裙。"
推擠 韓食,Min Lee,在地嚮導 · 30 則評論 · 43 張相片,2 個月前,5 顆星,"餐點份量多cp值也高！
推薦蟹膏麵😋和海鮮煎餅！"
推擠 韓食,陸瑋婕,在地嚮導 · 41 則評論 · 16 張相片,2 個月前,5 顆星,店員很親切 東西很好吃 cp直高
推擠 韓食,Una Nlin,在地嚮導 · 16 則評論 · 9 張相片,2 個月前,5 顆星,
推擠 韓食,陳振宏,7 則評論 · 6 張相片,2 個月前,5 顆星,
推擠 韓食,Christy Pan,在地嚮導 · 12 則評論 · 8 張相片,2 個月前,5 顆星,"小菜基本上都好吃，可續
跟朋友因為趕時間，只點了基本的套餐
辣豆腐鍋和泡菜鍋，湯頭很不錯
辣炒年糕內有個用海苔包冬粉的炸物
沾滿醬汁也是特別，不錯吃

平價好吃
一人或多人都有不同的餐可以點

路過很多次，都沒發現這間(誇張)
今天用完餐後，心滿意足
跟朋友約好下次有時間再來點雙人套餐"
推擠 韓食,黃照庭,在地嚮導 · 65 則評論 · 108 張相片,2 個月前,5 顆星,"2/10來用餐，東西都很好吃，樓上一開始只有兩位店員但感覺得出來很盡力在服務每一桌。
餐點份量都不少，小菜也可以無限吃，真的都滿好吃的，會再回訪～"
推擠 韓食,Ting,11 則評論 · 7 張相片,2 個月前,5 顆星,好吃👍🏻
推擠 韓食,劉若亭,10 則評論 · 7 張相片,2 個月前,5 顆星,餐點很好吃 豬肉烤的脆脆的很香 剛好有朋友生日 還很貼心一直跟我們確認什麼時候要送蛋糕上來～︎❤️
推擠 韓食,劉虹庭,11 則評論 · 9 張相片,2 個月前,5 顆星,"店員都超親切，貼心服務。
餐點也很好吃 值得跟朋友一起來🥰"
推擠 韓食,游思,在地嚮導 · 42 則評論 · 97 張相片,2 個月前,5 顆星,"很棒，小菜好吃的沒話說
還有霜淇淋甜點
火鍋+烤肉套餐👍👍👍"
推擠 韓食,W Mr.,19 則評論 · 16 張相片,2 個月前,5 顆星,讚👍
推擠 韓食,成家宏,4 則評論,2 個月前,5 顆星,
推擠 韓食,D Y,在地嚮導 · 24 則評論 · 14 張相片,2 個月前,5 顆星,好吃😋 …
推擠 韓食,何慧珊,9 則評論 · 3 張相片,2 個月前,5 顆星,讚👍👍👍👍
推擠 韓食,呂紹誌,12 則評論 · 3 張相片,2 個月前,5 顆星,讚👍👍👍👍
推擠 韓食,sunny,在地嚮導 · 22 則評論 · 1 張相片,2 個月前,5 顆星,好吃
推擠 韓食,Pinchen LIN,在地嚮導 · 17 則評論 · 46 張相片,2 個月前,5 顆星,
推擠 韓食,歐弟,8 則評論,2 個月前,5 顆星,超讚
推擠 韓食,葉家妤,在地嚮導 · 23 則評論 · 20 張相片,2 個月前,5 顆星,"價位合理，餐點好吃！紅色洋釀醬的炸雞熱熱吃很好吃，微辣很開胃；蟹膏飯跟炸醬麵有種置身韓劇的感覺。
用餐氛圍很好，服務人員也很親切！"
推擠 韓食,k K,65 則評論 · 34 張相片,2 個月前,5 顆星,環境乾淨整潔舒服 服務人員親切專業 食物好吃 套餐cp值高 還會想再來的地方😇
推擠 韓食,鄭思薇,在地嚮導 · 20 則評論 · 12 張相片,2 個月前,5 顆星,CP值高
推擠 韓食,鄭莞薰,11 則評論 · 4 張相片,2 個月前,5 顆星,"餐點好吃 服務很好
店員幫你烤不用自己烤"
推擠 韓食,peggy,2 則評論 · 2 張相片,2 個月前,5 顆星,糖醋肉和辣炒年糕都很好吃o(≧v≦)o
推擠 韓食,許德惠,3 則評論 · 1 張相片,2 個月前,5 顆星,好吃
推擠 韓食,憨瑜謝,在地嚮導 · 10 則評論 · 25 張相片,2 個月前,5 顆星,不錯
推擠 韓食,jinhorng lin,"在地嚮導 · 384 則評論 · 2,634 張相片",2 個月前,4 顆星,25/1小菜自由😅
推擠 韓食,陳忻怡,5 則評論 · 5 張相片,2 個月前,5 顆星,"辣豆腐鍋不會太辣，好吃
蟹膏麵有點膩，不適合多吃"
推擠 韓食,張宏茂,在地嚮導 · 40 則評論 · 3 張相片,2 個月前,5 顆星,
推擠 韓食,賴庭庭,在地嚮導 · 34 則評論 · 33 張相片,2 個月前,5 顆星,
推擠 韓食,cai cai,10 則評論 · 3 張相片,2 個月前,5 顆星,服務親切 豬皮好吃🫶🏻 …
推擠 韓食,修嘎蹦,2 則評論,2 個月前,5 顆星,好吃好吃好吃好吃老好吃了
推擠 韓食,李幸容,3 則評論 · 3 張相片,2 個月前,5 顆星,
推擠 韓食,賴子維,2 則評論 · 1 張相片,3 個月前,5 顆星,讚
推擠 韓食,賴樺樺,在地嚮導 · 171 則評論 · 987 張相片,3 個月前,5 顆星,蟹膏麵吃起來不錯
推擠 韓食,Aimee Jeng,在地嚮導 · 225 則評論 · 440 張相片,3 個月前,4 顆星,
推擠 韓食,Bing rong Lee,在地嚮導 · 30 則評論 · 59 張相片,3 個月前,5 顆星,"他們服務真的超好
從一進門 櫃檯的服務人員就很親切
入座之後 樓上的服務人員也會很注意我們
很貼心 還有記得我們的忌口
服務真的超好
要不是可以選六顆 服務就是六顆星了
餐點部分
蒜味蜂蜜炸雞超級推 超好吃
自助的冰淇淋也很讚
其他就是都中規中矩 但也不會不好吃
而且價格真的不貴
反正我們都好喜歡
而且 超多seventeen的歌 反正我超愛
你們隨意🫰🏻"
推擠 韓食,沈佳安,在地嚮導 · 18 則評論 · 4 張相片,3 個月前,5 顆星,不錯吃店員很親切
推擠 韓食,品薇,8 則評論 · 4 張相片,3 個月前,5 顆星,
推擠 韓食,莊子萱,13 則評論 · 1 張相片,3 個月前,5 顆星,好吃😋
推擠 韓食,Mingyu Lo,在地嚮導 · 50 則評論 · 366 張相片,3 個月前,4 顆星,
推擠 韓食,阿樺來也,7 則評論 · 1 張相片,3 個月前,5 顆星,"炸雞很嫩好吃 紅醬不會辣
烤肉不油膩 服務員烤的很好 好吃🤤
小菜吃到飽也很讚"
推擠 韓食,林依靜,在地嚮導 · 20 則評論 · 21 張相片,3 個月前,5 顆星,第一次來用餐，網路評價不錯！實際上餐點也好吃，服務人員會桌邊幫忙烤肉及調整火力！
推擠 韓食,Yun Yun,在地嚮導 · 51 則評論 · 9 張相片,3 個月前,5 顆星,👏👏👏
推擠 韓食,林郁芹,在地嚮導 · 42 則評論 · 9 張相片,3 個月前,5 顆星,辣味豆腐鍋好好吃！烤肉的肉好吃！
推擠 韓食,RMa Lin,在地嚮導 · 23 則評論 · 6 張相片,3 個月前,5 顆星,環境很好 好吃
推擠 韓食,艾莎,11 則評論 · 7 張相片,3 個月前,5 顆星,環境舒適，服務人員都會貼心提醒相關注意事項，忘記帶綁頭髮的，服務人員也提供了髮圈，讓人備感溫馨，食材新鮮好吃😋，推推
推擠 韓食,徐俊傑,12 則評論 · 8 張相片,3 個月前,5 顆星,"服務上態度很好👍
飲食菜單也很棒"
推擠 韓食,葉芮彤,在地嚮導 · 11 則評論 · 3 張相片,3 個月前,5 顆星,謝謝徐俊的愛戴❤️
推擠 韓食,R,在地嚮導 · 26 則評論 · 2 張相片,3 個月前,4 顆星,"推薦辣豆腐鍋，糖醋肉和炸雞都好吃
烤肉就比較普通"
推擠 韓食,po Kuma,在地嚮導 · 77 則評論 · 24 張相片,3 個月前,5 顆星,"推薦海鮮煎餅 很大一份 海鮮料也不少 煎的脆脆的超贊，糖醋肉也好吃蠻韓的，蟹膏扮麵也不錯不過吃到後面小膩建議多人分食。
第二次回訪點了蒜味豬腳套餐 在台灣好像很少很少有這道韓菜，蠻大一份的不過肉比較沒什麼味道一定要沾醬，小菜區很推柚香蘿蔔、海帶芽、小黃瓜（解膩用）"
推擠 韓食,陳美蓉,在地嚮導 · 28 則評論 · 36 張相片,3 個月前,3 顆星,"餐點口味OK,唯品項不多；雙人套餐建議附‘’兩碗‘’白飯（實際只有一碗），湯鍋很快就冷卻，有點可惜；免費小菜味道不錯，可解烤肉的油膩；烤盤上的菜建議和湯鍋內的菜有區別，不然會覺得都是一樣的東西，會有點膩。"
推擠 韓食,張潔西,在地嚮導 · 13 則評論,3 個月前,5 顆星,
推擠 韓食,Ian Lin,在地嚮導 · 33 則評論 · 31 張相片,3 個月前,5 顆星,
推擠 韓食,Mingming,7 則評論 · 3 張相片,3 個月前,5 顆星,餐點很好吃
推擠 韓食,林小茹,在地嚮導 · 7 則評論 · 16 張相片,3 個月前,5 顆星,很好吃，份量很多，會推薦朋友來聚餐
推擠 韓食,hsin tung lai,在地嚮導 · 34 則評論 · 14 張相片,3 個月前,5 顆星,"小菜跟熟食很好吃耶，感覺每天吃都可以！
烤肉還行，算是一般般。
現場服務人員親切熱情，吃得很開心😊"
推擠 韓食,張媛媛,4 則評論 · 1 張相片,3 個月前,5 顆星,
推擠 韓食,洪莉鈞,在地嚮導 · 18 則評論 · 5 張相片,3 個月前,5 顆星,"男服務生服務非常好～
會時常到桌邊看狀況👍"
推擠 韓食,林Yan,在地嚮導 · 28 則評論 · 3 張相片,3 個月前,5 顆星,推炸醬麵
推擠 韓食,劉守銓,10 則評論 · 1 張相片,3 個月前,5 顆星,東西好吃，服務很好
推擠 韓食,何幸芳,10 則評論,3 個月前,5 顆星,讚
推擠 韓食,YuChia,在地嚮導 · 26 則評論 · 1 張相片,3 個月前,5 顆星,好吃
推擠 韓食,張育華,5 則評論 · 1 張相片,3 個月前,5 顆星,小菜很好吃
推擠 韓食,Yachih Teng,43 則評論 · 16 張相片,3 個月前,5 顆星,
推擠 韓食,Peggy Tsai,15 則評論 · 6 張相片,3 個月前,5 顆星,好吃😋 …
推擠 韓食,Chen Chen,在地嚮導 · 31 則評論 · 9 張相片,3 個月前,5 顆星,打卡送杯杯
推擠 韓食,吳佳琪,在地嚮導 · 15 則評論 · 11 張相片,3 個月前,2 顆星,"蠻ㄧ般的韓式….韓式肉不是就要醃漬過嗎？
小黃瓜醃沒入味…"
推擠 韓食,Rosa jhong,在地嚮導 · 121 則評論 · 591 張相片,3 個月前,5 顆星,"推 蟹膏麵、糖醋肉、紅醬炸雞!
服務人員親切，認真介紹及推薦餐點給我們
老闆必須看到～ 獎勵員工👍👍👍👍👍

是用扁扁筷子和長長橢圓形湯匙
附近有些停車位，建議開車要提早來停車"
推擠 韓食,風風風,10 則評論 · 4 張相片,3 個月前,5 顆星,
推擠 韓食,Linda Peng,2 則評論,3 個月前,5 顆星,很道地的韓國美食，可以來吃看看
推擠 韓食,leo chiang,在地嚮導 · 90 則評論 · 581 張相片,3 個月前,5 顆星,份量大又美味😁
推擠 韓食,許睿芮,7 則評論 · 2 張相片,3 個月前,5 顆星,服務態度好
推擠 韓食,fun wu,在地嚮導 · 13 則評論 · 4 張相片,3 個月前,5 顆星,"東西很好穿吃,服務人員很有禮貌
很親切~"
推擠 韓食,Mo Nee,在地嚮導 · 56 則評論 · 33 張相片,3 個月前,5 顆星,
推擠 韓食,林語婕,2 則評論 · 1 張相片,3 個月前,5 顆星,
推擠 韓食,chiaying Cu,8 則評論 · 9 張相片,3 個月前,5 顆星,
推擠 韓食,Chingyi Wang,在地嚮導 · 65 則評論 · 165 張相片,3 個月前,5 顆星,炸雞好吃😋已經二訪！
推擠 韓食,詹惠婷,1 則評論,3 個月前,5 顆星,看fb分享過來的！好吃，值得推薦
推擠 韓食,Dino Hsiao,5 則評論 · 1 張相片,3 個月前,5 顆星,餐點好吃
推擠 韓食,陳宥螢,在地嚮導 · 15 則評論 · 43 張相片,3 個月前,5 顆星,"免費小菜吃到飽！海帶泡菜白蘿蔔豆芽菜生菜💙
好吃的烤肉🤤海鮮煎餅😄洋醸炸雞🐣不辣豆腐湯
美味又高CP！！分量超多吃不完🥰"
推擠 韓食,哈三小,,3 個月前,5 顆星,
推擠 韓食,黃琪淯,4 則評論 · 3 張相片,3 個月前,5 顆星,"整體氛圍很好，服務超親切！
餐點也都很好吃！下次一定還會再來"
推擠 韓食,蔡承希,2 則評論,3 個月前,5 顆星,"服務很好
有小菜自助吧"
推擠 韓食,林念萱,15 則評論 · 2 張相片,3 個月前,1 顆星,"最新的那些評論怎麼回事？
食物好吃？CP值高？
我要來平衡一下評論
食物普
小菜的小黃瓜沒有味道⋯⋯
空間好悶
選了一家評論高的吃完好失望
不過員工服務很好很親切"
推擠 韓食,古佳巧,3 則評論,3 個月前,5 顆星,
推擠 韓食,Mingshan,13 則評論 · 4 張相片,4 個月前,5 顆星,"覺得很好吃❤️
豆腐湯頭很好喝
服務人員服務超棒"
推擠 韓食,Lyyy,在地嚮導 · 146 則評論 · 583 張相片,4 個月前,5 顆星,"東西很好吃 存很久的店 終於跟朋友一起來了！！
每一道料理都非常美味 很推薦跟家人朋友來
店員態度也非常好！也很細心幫我們烤肉還有介紹餐點"
推擠 韓食,Ling Ling,在地嚮導 · 20 則評論 · 23 張相片,4 個月前,5 顆星,"看評價來嚐鮮～
CP值真的真的很高～吃超級飽～
重點是東西都很好吃～
小菜和冰淇淋無限吃,每道都好好吃耶！
服務員都好親切,會桌邊煮鍋和烤肉～很加分～
會再回訪～推～推～👍👍👍"
推擠 韓食,瑋萱,3 則評論,4 個月前,5 顆星,
推擠 韓食,Loo Wu,1 則評論,4 個月前,5 顆星,已購買小孩很愛吃
推擠 韓食,廖韋翔,在地嚮導 · 30 則評論 · 27 張相片,4 個月前,5 顆星,豬肉肉質蠻不錯的，海鮮煎餅也是
推擠 韓食,MIN KAO,在地嚮導 · 116 則評論 · 437 張相片,4 個月前,5 顆星,"服務人員超級貼心
食物很美味
下次必來"
推擠 韓食,Huang_,在地嚮導 · 28 則評論 · 7 張相片,4 個月前,5 顆星,好吃！ ！
推擠 韓食,Ha Ha,在地嚮導 · 12 則評論 · 35 張相片,4 個月前,5 顆星,"去附近拍婚紗偶然發現的店
辣豆腐鍋真的超好吃超愛😍😍
吃完推擠後吃別家的豆腐鍋都感覺普普🥲"
推擠 韓食,Maze Brisko,2 則評論 · 1 張相片,4 個月前,5 顆星,認真很不錯😌🤩
推擠 韓食,P.C LEE,1 則評論,4 個月前,5 顆星,店員很有趣，推推！
推擠 韓食,蔡至博,在地嚮導 · 32 則評論 · 14 張相片,4 個月前,5 顆星,"內用的氛圍非常好，推薦各位點豆腐鍋！
小菜跟冰淇淋是自助的！
烤肉的生菜可以續的話我認為會更好
椒鹽香油的味道不錯，不過我認為可以再鹹一點！
五星打卡可以拿杯套！"
推擠 韓食,林宇,2 則評論 · 6 張相片,4 個月前,5 顆星,好吃
推擠 韓食,杜東維,7 則評論 · 1 張相片,4 個月前,5 顆星,"好吃😋
白天如果可以不要坐靠窗的位子，有陽光很熱，空調沒有很強"
推擠 韓食,游典融,5 則評論,4 個月前,1 顆星,我不推薦你吃 但你一定要請你的朋友吃
推擠 韓食,angel lee,11 則評論 · 1 張相片,4 個月前,4 顆星,好吃😋貼心服務，很舒適的環境！
推擠 韓食,Erica Chang,在地嚮導 · 208 則評論 · 866 張相片,4 個月前,4 顆星,"太多人慕名而來
韓式食物還不錯
值得一試"
推擠 韓食,喜歡貓咪58,在地嚮導 · 31 則評論 · 24 張相片,4 個月前,4 顆星,"炸雞、麵、小菜、冰、煎餅好吃
飯黏黏的"
推擠 韓食,謝皓宇,在地嚮導 · 40 則評論 · 12 張相片,4 個月前,5 顆星,嘎嘎好吃 彷彿來到韓國非常道地也很平價CP值很高，已購買 我和我女朋友很愛吃❤️
推擠 韓食,許浣珍,9 則評論 · 1 張相片,4 個月前,5 顆星,東西好吃服務也很棒！
推擠 韓食,Bling Bun,在地嚮導 · 9 則評論 · 27 張相片,4 個月前,5 顆星,"點了2人套餐999 換炸醬麵+160
單點炸雞259
小菜&冰淇淋免費吃到飽
用餐90分鐘
服務人員很貼心
烤肉還會幫忙遮
每個位子下有籃子可以放包包
餐點好吃 cp值高 細節💯"
推擠 韓食,谷欣芮,3 則評論 · 4 張相片,4 個月前,5 顆星,服務很周到，很貼心，肉很好吃，我很喜歡，小菜選擇很多，還有冰淇淋，音樂放的很不錯讚讚🫶🏼
推擠 韓食,王品云,,4 個月前,5 顆星,
推擠 韓食,張傑堡,10 則評論 · 2 張相片,4 個月前,5 顆星,钚岬
推擠 韓食,陳潔,5 則評論 · 3 張相片,4 個月前,5 顆星,好吃 推推👍🏽
推擠 韓食,王詩尹,在地嚮導 · 21 則評論 · 21 張相片,4 個月前,5 顆星,蠻道地的韓國美食！很好吃😋
推擠 韓食,z simi,在地嚮導 · 25 則評論 · 2 張相片,4 個月前,5 顆星,店裡有波內豆跟17的歌愛死😻（因為這樣才給五星好評）
推擠 韓食,Ruby,10 則評論 · 4 張相片,4 個月前,5 顆星,"服務人員超讚- ̗̀ ෆ( ˶'ᵕ'˶)ෆ ̖́-
餐點也好吃😋"
推擠 韓食,lemon,在地嚮導 · 42 則評論 · 19 張相片,4 個月前,5 顆星,好吃
推擠 韓食,張雅淇,在地嚮導 · 13 則評論 · 28 張相片,4 個月前,5 顆星,肉品跟豆腐鍋都好吃👍🏻
推擠 韓食,Vera Lin,在地嚮導 · 28 則評論 · 18 張相片,4 個月前,5 顆星,烤肉+豆腐鍋好吃😋
推擠 韓食,Arno,7 則評論 · 1 張相片,4 個月前,4 顆星,食物好吃，但是希望炸雞有無骨的
推擠 韓食,Asa Hu,在地嚮導 · 24 則評論 · 1 張相片,4 個月前,5 顆星,好吃好吃
推擠 韓食,Yiting Lin,在地嚮導 · 62 則評論 · 112 張相片,4 個月前,5 顆星,"餐點口味還不錯份量也蠻多的
豆腐鍋由店員代煮很貼心
整體都蠻推薦的~"
推擠 韓食,何文雅,在地嚮導 · 40 則評論 · 15 張相片,4 個月前,5 顆星,出餐速度快，服務人員態度良好
推擠 韓食,回甘就像現泡,9 則評論 · 6 張相片,4 個月前,5 顆星,二訪！一樣好吃
推擠 韓食,廷,14 則評論 · 5 張相片,4 個月前,5 顆星,好吃
推擠 韓食,小魯騎小魯,在地嚮導 · 15 則評論 · 5 張相片,4 個月前,5 顆星,
推擠 韓食,黄安妤,7 則評論 · 3 張相片,4 個月前,5 顆星,好吃👅🫰🏻🫰🏻
推擠 韓食,陳威宏,7 則評論 · 2 張相片,4 個月前,5 顆星,小菜好吃
推擠 韓食,曹佑民,在地嚮導 · 98 則評論 · 67 張相片,4 個月前,5 顆星,不錯吃
推擠 韓食,曾盈媗,9 則評論 · 1 張相片,4 個月前,5 顆星,"餐點好吃😋
小菜跟冰淇淋還能夠吃到飽🤤
年糕跟海鮮煎餅推推👍
蟹膏飯必點！！"
推擠 韓食,chester liu,8 則評論 · 3 張相片,4 個月前,5 顆星,餐點不錯也吃很飽 服務很好喔 推薦
推擠 韓食,趙育聰,在地嚮導 · 24 則評論 · 8 張相片,4 個月前,2 顆星,普
推擠 韓食,ChungTeLi李崇德,15 則評論 · 2 張相片,4 個月前,5 顆星,"烤肉跟鍋都好吃 全程都有服務人員幫忙煮
從電話訂位到用餐 服務都很周到"
推擠 韓食,陳靜（Alice Chen）,在地嚮導 · 285 則評論 · 80 張相片,4 個月前,1 顆星,很難吃 想吃炸雞去吃起家雞吧 這家有五星活動 真是踩一個雷
推擠 韓食,豬笑天,"在地嚮導 · 530 則評論 · 2,736 張相片",4 個月前,5 顆星,份量大，小菜吃到飽。雖然價錢不屬於平價，但是光是份量與口味就及格了！炸醬麵好吃！
推擠 韓食,田義婷,在地嚮導 · 15 則評論 · 1 張相片,4 個月前,5 顆星,
推擠 韓食,barry lee,13 則評論 · 7 張相片,4 個月前,5 顆星,服務態度很好👍
推擠 韓食,Hsieh Ya-Wen,7 則評論 · 8 張相片,4 個月前,5 顆星,好好好🤩
推擠 韓食,人類,5 則評論 · 2 張相片,4 個月前,5 顆星,朋友介紹，體驗感不錯！！！！
推擠 韓食,Yu tang Mai,13 則評論 · 2 張相片,4 個月前,5 顆星,二訪 很好吃
推擠 韓食,林京瑩,11 則評論 · 2 張相片,4 個月前,5 顆星,"服務親切，餐點很好吃😋 價位平價👍🏻
還有六種小菜跟冰淇淋自助取用👏🏻👏🏻"
推擠 韓食,DC Lee,在地嚮導 · 100 則評論 · 446 張相片,4 個月前,5 顆星,"在一中商圈一開始覺得會不會有點雷（抱歉了畢竟是學生比較多的位置，感覺常常有粗飽店）但這間每道菜都很好吃耶！道不道地我不曉得沒去過韓國，味道是真的不錯！煎餅很推，魚板、年糕調味也很ok，是跟朋友聚餐不錯的地方。
店內倒是沒什麼裝潢，吃下來一個人價位大概在500-700元左右。"
推擠 韓食,吳承鴻,在地嚮導 · 27 則評論 · 18 張相片,4 個月前,4 顆星,服務費10%很值得 👌
推擠 韓食,Jessica Liu,9 則評論 · 3 張相片,4 個月前,5 顆星,好吃😋 會再訪的！
推擠 韓食,謝沛杉,12 則評論 · 1 張相片,4 個月前,5 顆星,餐點好吃、服務親切、環境氛圍好
推擠 韓食,Hsuan,6 則評論 · 5 張相片,4 個月前,5 顆星,"很好吃！服務也非常好！
一定會回訪的店！"
推擠 韓食,Yun Peggy,3 則評論,4 個月前,5 顆星,餐點好吃
推擠 韓食,Yun,在地嚮導 · 84 則評論 · 421 張相片,4 個月前,5 顆星,"糖醋肉跟海鮮煎餅超級韓！！
喜歡的一定要試看看
好吃好吃😋🤤
東西真的多到一樣不行～
烤肉拼盤也非常好吃💘
每樣基本上都很好吃！
小菜還可以免費夾
建議四人可以吃三人套餐
份量真的很多～要小心點餐😂"
推擠 韓食,Una Pei,37 則評論 · 76 張相片,4 個月前,5 顆星,"餐點都滿好吃的，CP值算高，兩個人吃點三樣真的會太多，有低消一人$300要留意
櫃臺跟服務人員都很親切態度很好
整個吃飯過程是很愉快的"
推擠 韓食,邱坤,7 則評論 · 3 張相片,4 個月前,5 顆星,很好吃
推擠 韓食,鄭穎婷,11 則評論 · 13 張相片,4 個月前,5 顆星,"有桌邊服務好讚服務超好👍🏻
餐點份量也很足夠"
推擠 韓食,邱Nina,4 則評論 · 1 張相片,4 個月前,5 顆星,讚
推擠 韓食,劉怡君,在地嚮導 · 39 則評論 · 61 張相片,4 個月前,3 顆星,
推擠 韓食,李立惠,7 則評論 · 6 張相片,4 個月前,5 顆星,好吃
推擠 韓食,瑋,在地嚮導 · 63 則評論 · 19 張相片,4 個月前,5 顆星,超好吃👍
推擠 韓食,Michael Lu,在地嚮導 · 48 則評論 · 6 張相片,5 個月前,5 顆星,
推擠 韓食,瑄,1 則評論 · 1 張相片,5 個月前,5 顆星,
推擠 韓食,就愛笑,在地嚮導 · 26 則評論 · 38 張相片,5 個月前,3 顆星,
推擠 韓食,張承宏,在地嚮導 · 25 則評論 · 17 張相片,5 個月前,5 顆星,服務人員親切，環境幽美東西好吃，值得來訪
推擠 韓食,妮娜,在地嚮導 · 51 則評論 · 74 張相片,5 個月前,5 顆星,"服務態度真的無敵好
從訂位到用餐後都很棒

上餐點後會詢問要不要拍照
：「那拍完照等等會來打擾您們幫您們用烤肉哦！」

都會一直事先告知一些小細節

：「洋蔥可能會噴油要小心哦」
（手勢已幫我們擋著）

餐點都很好吃
打包完還會溫馨提醒有冰淇淋可以享用"
推擠 韓食,Betty Chiu,在地嚮導 · 40 則評論 · 22 張相片,5 個月前,5 顆星,海鮮煎餅好吃😋
推擠 韓食,沈墨,12 則評論 · 1 張相片,5 個月前,5 顆星,
推擠 韓食,Ming-pen,10 則評論 · 7 張相片,5 個月前,5 顆星,服務非常好
推擠 韓食,R Su,10 則評論 · 13 張相片,5 個月前,5 顆星,很好吃 不貴
推擠 韓食,王潔霓,9 則評論 · 6 張相片,5 個月前,5 顆星,餐點很好吃！服務人員也很詳細解說～下次會再來光顧！
推擠 韓食,林佩姍,8 則評論 · 3 張相片,5 個月前,5 顆星,餐點很好吃，服務態度很好，以後有機會會再來！
推擠 韓食,Ching Peng,在地嚮導 · 104 則評論 · 207 張相片,5 個月前,5 顆星,"專人桌邊服務代烤、
小菜自助無限續 超滿足、
雙人烤肉套餐份量也很不錯、
加購年糕跟海鮮煎餅、也都好吃😋
可惜下午有營業時間限制，
無法慢慢吃、只好打包外帶"
推擠 韓食,Ann Liao,在地嚮導 · 35 則評論,5 個月前,5 顆星,"3人（2女1男）點雙人烤肉套餐+小份紅醬炸雞，超級飽，還吃不完打包的，口味上都還不錯，肉質吃起來都不柴，泡菜鍋很好喝，炸雞肉質也不錯，唯一可以改進的部份是希望炸雞的醬可以裹均勻一點，看起來應該是只有刷過表面而已

11/18，晚上19-2030去用餐，2樓幫我們服務的高高瘦瘦的短頭髮女生很親切、服務態度很好👍"
推擠 韓食,詹家豪,1 則評論 · 2 張相片,5 個月前,5 顆星,
推擠 韓食,吳憂,8 則評論 · 3 張相片,5 個月前,5 顆星,店員親切 綠色小菜好吃 餐點吃完很飽
推擠 韓食,wen Yu,在地嚮導 · 21 則評論 · 20 張相片,5 個月前,5 顆星,"服務很棒🌟
烤肉拼盤很好吃😋
還有烤肉拼盤本來就附贈一碗白飯而已歐😂"
推擠 韓食,啊啊柔,在地嚮導 · 26 則評論,5 個月前,3 顆星,海鮮煎餅熱騰騰的硬到筷子刺穿盤子都還刺不到煎餅
推擠 韓食,台中IU,"在地嚮導 · 655 則評論 · 1,677 張相片",5 個月前,5 顆星,"豬皮超好吃😋
很推烤盤
也有自助 冰淇淋、水、小菜 …"
推擠 韓食,Winnie Fang,在地嚮導 · 20 則評論 · 5 張相片,5 個月前,5 顆星,
推擠 韓食,sunny,12 則評論 · 5 張相片,5 個月前,4 顆星,"烤盤必推
蟹膏麵嚐鮮讚
炸年糕QQ👍"
推擠 韓食,Lily,11 則評論 · 7 張相片,5 個月前,5 顆星,好吃 環境乾淨
推擠 韓食,Riley Li,在地嚮導 · 205 則評論 · 460 張相片,5 個月前,5 顆星,"餐點CP值很高，份量很多，點了一桌都做不完⋯⋯
小菜是真的好吃，每一道表現都是中上。
除了銅板烤肉的瘦肉有點乾柴以外，這家真心推薦，還願意再來二訪。

但奉勸女生來不要點滿，三個人點兩人份就好，吃不飽再補叫，不然就會剩一桌浪費掉🥺😂

服務滿好的，會一直過來關心，來幫你烤，介紹也都很細心"
推擠 韓食,張阿雍,在地嚮導 · 19 則評論 · 35 張相片,5 個月前,4 顆星,"食物很豐富  也美味，份量大，本來很喜歡的海鮮煎餅冷掉之後有點硬，其它餐點都很不錯
服務人員熟練的操作 用餐氣氛愉快。😃"
推擠 韓食,CHuCHu,在地嚮導 · 89 則評論 · 350 張相片,5 個月前,5 顆星,"上餐速度快👍🏻
服務人員態度親切💁🏻‍♀️
點了四人份餐點，份量很夠(吃不完)😅
推薦炸雞🐔好吃好吃😋
環境乾淨舒適😎"
推擠 韓食,shauan tsai,5 則評論 · 1 張相片,5 個月前,5 顆星,烤肉雙人套餐吃超飽
推擠 韓食,yu Shaun liu,在地嚮導 · 34 則評論 · 89 張相片,5 個月前,4 顆星,"跟朋友去吃飯，聊天一直被服務生打斷好多次了，蠻煩的，索性不聊了⋯不適合與朋友放鬆聊天的地方
餐點普普，點雙人999套餐，給了一個豆腐鍋，跟一個銅盤烤豬肉，兩個都沒有很好吃🤣,但小菜是自助的，小菜蠻好吃的啦"
推擠 韓食,Amos Chen,1 則評論,5 個月前,2 顆星,
推擠 韓食,黃佳慧,10 則評論 · 4 張相片,5 個月前,5 顆星,
推擠 韓食,Reila Reila,在地嚮導 · 16 則評論 · 19 張相片,5 個月前,5 顆星,泡菜鍋很好吃
推擠 韓食,楊誌隆,在地嚮導 · 14 則評論 · 7 張相片,5 個月前,5 顆星,海鮮煎餅好吃🤤
推擠 韓食,阿瑋,10 則評論 · 2 張相片,5 個月前,5 顆星,好吃😋
推擠 韓食,Chris,在地嚮導 · 104 則評論 · 106 張相片,5 個月前,5 顆星,"餐點好吃 服務態度滿分！
小菜種類多可以續、冰淇淋也很好吃🥹
推薦洋釀炸雞、豆腐鍋、炸醬麵、海鮮煎餅！
建議炸雞可以做半半口味嗎😍
兩種口味都好想吃～～～
環境舒適 空間大"
推擠 韓食,王育華,4 則評論,5 個月前,5 顆星,好吃
推擠 韓食,王莉,4 則評論 · 2 張相片,5 個月前,5 顆星,好吃
推擠 韓食,史梅娟,6 則評論 · 1 張相片,5 個月前,5 顆星,好吃
推擠 韓食,choting Chang,2 則評論 · 1 張相片,5 個月前,5 顆星,
推擠 韓食,yo chen,在地嚮導 · 17 則評論 · 7 張相片,5 個月前,5 顆星,好吃的韓式料理
推擠 韓食,品,10 則評論 · 1 張相片,5 個月前,5 顆星,豬皮好吃！
推擠 韓食,Jia ying Lin,在地嚮導 · 64 則評論 · 5 張相片,5 個月前,3 顆星,建議
推擠 韓食,Pei Shih,5 則評論 · 3 張相片,5 個月前,5 顆星,員工服務態度非常親切及專業，套餐份量比想像中份量還多，很滿足的一餐～
推擠 韓食,Haeri,在地嚮導 · 43 則評論 · 71 張相片,5 個月前,5 顆星,"二人套餐 非常飽
圍裙材質好"
推擠 韓食,yijun chen,15 則評論 · 2 張相片,5 個月前,5 顆星,
推擠 韓食,Jhih Yun Zeng,9 則評論 · 8 張相片,5 個月前,5 顆星,餐點好吃
推擠 韓食,蔡佳琳,2 則評論 · 2 張相片,5 個月前,5 顆星,好吃😋 …
推擠 韓食,黃育銘,9 則評論 · 1 張相片,5 個月前,5 顆星,烤肉好吃
推擠 韓食,妮娜,在地嚮導 · 25 則評論 · 2 張相片,5 個月前,5 顆星,"份量足夠，兩個人吃很飽
服務好，絕對會二訪的店"
推擠 韓食,Chun,8 則評論 · 2 張相片,5 個月前,5 顆星,肉烤的剛剛好很脆很好吃很推 辣豆腐鍋真的推 配飯也很適合❤️下次有機會會再跟朋友光顧
推擠 韓食,陳昕,3 則評論 · 1 張相片,5 個月前,5 顆星,服務很好基本上都不用自己動手，除了自己動手吃飯😂肉烤的剛剛好很脆很好吃很推 辣豆腐鍋真的推 配飯也很適合👍播的KPOP也很合潮流 下次有機會會再跟朋友光顧
推擠 韓食,Jennifer,8 則評論 · 3 張相片,5 個月前,5 顆星,氣氛很好，東西看起來很好吃！
推擠 韓食,CJ,10 則評論,5 個月前,5 顆星,好好吃！
推擠 韓食,KODY喆喆,在地嚮導 · 29 則評論 · 7 張相片,5 個月前,5 顆星,好吃！
推擠 韓食,陳力結,在地嚮導 · 14 則評論 · 13 張相片,5 個月前,5 顆星,很好吃
推擠 韓食,77,9 則評論,5 個月前,5 顆星,"餐點好吃
環境也很棒 下次還會再來"
推擠 韓食,梁君瑜,1 則評論,5 個月前,5 顆星,服務人員態度不錯、還有小菜吃到飽。
推擠 韓食,陳柔均,在地嚮導 · 14 則評論 · 29 張相片,5 個月前,5 顆星,"第一次吃完全沒踩雷！
韓式豆腐鍋不會永豆芽濫竽充數
烤五花肉脆脆好吃
重點！韓式炸雞超好吃！
嚇到我！
咬下去醬汁甜美外“酥”內嫩！！
讚👍🏻
就是冷氣可以開強一點不然吃鍋吃烤肉會有點熱🤣🤣"
推擠 韓食,Audrey Chen,10 則評論 · 8 張相片,5 個月前,5 顆星,好吃！ ！ ！ ！ ！
推擠 韓食,秋燕,在地嚮導 · 99 則評論 · 162 張相片,5 個月前,5 顆星,道地的韓國料理！
推擠 韓食,陳喬音,13 則評論 · 2 張相片,5 個月前,5 顆星,餐點很好吃
推擠 韓食,儀,3 則評論 · 1 張相片,5 個月前,5 顆星,
推擠 韓食,張倖慈,,5 個月前,5 顆星,
推擠 韓食,Wei,9 則評論 · 3 張相片,5 個月前,5 顆星,
推擠 韓食,Alma Chi,10 則評論 · 13 張相片,5 個月前,2 顆星,環境清潔不算乾淨，還收不低的價格。韓式炸雞雖然很多筷，但有骨頭超級扣分。蟹膏飯麵建議不要點，尤其是拌麵拌開根本是難吃的明太子拌麵，沒有蟹膏味。炸醬麵味道清淡，只有半顆蛋。
推擠 韓食,L L,在地嚮導 · 87 則評論 · 38 張相片,5 個月前,5 顆星,炸雞酥脆紅醬好吃～還有小菜吃到飽還不錯！
推擠 韓食,yi zhen,10 則評論 · 3 張相片,5 個月前,5 顆星,蟹膏飯超好吃🥹
推擠 韓食,懿貴人,在地嚮導 · 77 則評論 · 29 張相片,5 個月前,5 顆星,人員親切❤️
推擠 韓食,Avery LIN,15 則評論 · 2 張相片,5 個月前,5 顆星,適合姊妹淘聚會的地方😍😍😍😍
推擠 韓食,Angelina Tan,在地嚮導 · 124 則評論 · 415 張相片,5 個月前,5 顆星,"雙人套餐999$
飯升級蟹膏飯真的很值得，好吃
小菜：辣味小黃瓜、泡菜、百香果木瓜片、豆芽菜、海帶、柚香蘿蔔片，都是無限吃！
冰淇淋：巧克力口味霜淇淋無限吃

整體來說可以吃很飽、東西不錯吃"
推擠 韓食,yufen lai,在地嚮導 · 15 則評論 · 61 張相片,5 個月前,5 顆星,"食物好吃
服務很好
份量有夠
Cp值高*\(^o^)/*
第二次回訪"
推擠 韓食,Polly,5 則評論 · 2 張相片,5 個月前,5 顆星,
推擠 韓食,Anne Liu,7 則評論 · 2 張相片,5 個月前,5 顆星,"蟹膏飯好吃推推🫶
份量很多吃很飽💪"
推擠 韓食,黃灑晴,1 則評論,5 個月前,5 顆星,
推擠 韓食,林虹均,2 則評論 · 2 張相片,6 個月前,5 顆星,染髮綁小馬尾的女服務生很細心，也很有耐心等我們拍照🤣，烤肉部分都不用自己動手，餐點不錯 4個女生點三人餐再加點其他的很剛好
推擠 韓食,Debby Chung,在地嚮導 · 80 則評論 · 111 張相片,6 個月前,4 顆星,"點了烤肉拼盤、辣豆腐鍋、魚板湯，
味道都還不錯吃，小菜也還行，吃多少自己夾。

小缺點是梅花肉真的很老，一上桌就吃還是不太好咬，肉有一點騷味，沾醬就吃不出來～

豬皮以為是烤到焦脆的那種，結果有點像滷肉飯上面的肥肉，味道是不錯，但吃多蠻膩的😅"
推擠 韓食,古芮蓉,2 則評論 · 1 張相片,6 個月前,2 顆星,好
推擠 韓食,謝芷榆,在地嚮導 · 16 則評論 · 8 張相片,6 個月前,5 顆星,
推擠 韓食,劉靜惠,3 則評論 · 1 張相片,6 個月前,5 顆星,
推擠 韓食,Vivi Hsieh,5 則評論 · 1 張相片,6 個月前,5 顆星,
推擠 韓食,Daniel Lin,在地嚮導 · 48 則評論 · 36 張相片,6 個月前,5 顆星,
推擠 韓食,劉文真,6 則評論 · 6 張相片,6 個月前,3 顆星,不錯
推擠 韓食,Yu Syuan Huang,11 則評論 · 4 張相片,6 個月前,5 顆星,"餐點很好吃❤️❤️
會再回訪的店～～～"
推擠 韓食,林品均,7 則評論 · 6 張相片,6 個月前,5 顆星,"這次3人用餐🍴所以點了3人套餐
份量很足夠且大份，吃起來很飽，若沒吃完也能打包帶走，超好吃超讚的"
推擠 韓食,郭思妘,13 則評論 · 13 張相片,6 個月前,5 顆星,"小菜都超好吃
烤肉拼盤份量超大
推薦雙人套餐"
推擠 韓食,戲院看電影饅頭,4 則評論 · 2 張相片,6 個月前,5 顆星,便宜又好吃
推擠 韓食,莊芷綾,5 則評論,6 個月前,5 顆星,
推擠 韓食,紀品瑀,,6 個月前,5 顆星,
推擠 韓食,紀雅君,6 則評論 · 1 張相片,6 個月前,5 顆星,服務很好上菜很快，很讚😊
推擠 韓食,林奇緯,在地嚮導 · 20 則評論 · 3 張相片,6 個月前,5 顆星,上菜極快，服務很好，烤肉主動詢問二次加熱，超讚！餐點好吃😋
推擠 韓食,芝云曾,4 則評論 · 7 張相片,6 個月前,4 顆星,"用餐時間限時90分鐘
只能現金付款"
推擠 韓食,Claire Lin,在地嚮導 · 31 則評論 · 121 張相片,6 個月前,5 顆星,朋友聚餐超想吃韓食，就推薦離一中街很近的推擠，我們點了雙人套餐有小菜無限吃，有一個很酷的烤肉拼盤選了泡菜鍋還有飲料，我們還另外點了冷麵，份量很足夠吃完很飽，想滿足韓式料理的人很推薦。
推擠 韓食,Wanting Yu,12 則評論 · 8 張相片,6 個月前,4 顆星,服務很好👍🏻餐點不錯
推擠 韓食,徐筱苓,2 則評論 · 7 張相片,6 個月前,4 顆星,
推擠 韓食,Emily Lin,11 則評論 · 9 張相片,6 個月前,5 顆星,這裡的食物很棒！喜歡各種韓國菜，味道很正宗，儘管比較溫和。工作人員非常細心並協助您烹調食物。配菜的選擇也很不錯！起司馬鈴薯玉米和柚子蘿蔔？ A++ 🤤🤤🤤 免費自助冰淇淋還有額外點數！ …
推擠 韓食,Chu Lien Lin,7 則評論 · 2 張相片,6 個月前,5 顆星,這邊的烤肉不錯…餐點很美味。
推擠 韓食,Wannable Sue,在地嚮導 · 646 則評論 · 365 張相片,6 個月前,5 顆星,"非常好吃 而且價格不貴 店員很親切
辣豆腐鍋是在面前煮的 很酷 豆腐很多！ 白飯好吃 小菜很讚 人很多"
推擠 韓食,Lisa Chang,在地嚮導 · 18 則評論 · 5 張相片,6 個月前,5 顆星,"上餐速度快
餐點不錯吃份量很多很飽"
推擠 韓食,LING,7 則評論 · 11 張相片,6 個月前,5 顆星,"豆腐鍋 260
海鮮煎餅250
自助吧
-
豆腐鍋 8/10
內有豆腐 豬肉 蝦 蛤蜊 金針菇 杏鮑菇 大黃瓜
料蠻豐富的 不辣的口味不重
豆腐豬肉很嫩 蛤蜊有點吐沙不完全
白飯可以加價換成其他主食
辣的不會很辣
-
海鮮煎餅 8/10
煎的有脆 麵糊偏多 醬很鹹
-
自助吧 6/10
小菜 冰淇淋無限續
小菜普通
-
座位區在二樓
只能現金付款
有10%服務費"
推擠 韓食,夏天,在地嚮導 · 32 則評論 · 13 張相片,6 個月前,5 顆星,好吃！
推擠 韓食,daisy lee,3 則評論 · 1 張相片,6 個月前,5 顆星,豆腐鍋湯頭好喝 豆腐量也給很多 小菜很讚！
推擠 韓食,音聲,5 則評論 · 1 張相片,6 個月前,5 顆星,太好吃了
推擠 韓食,曾佳如,16 則評論 · 2 張相片,6 個月前,5 顆星,服務很棒～隨時注意客人需要！尤其小朋友～謝謝你們！
推擠 韓食,曾鈺婷,2 則評論,6 個月前,5 顆星,
推擠 韓食,廖彥寧,9 則評論 · 3 張相片,6 個月前,5 顆星,專人幫烤 聚會好吃
推擠 韓食,陳巧樺,3 則評論,6 個月前,4 顆星,味道好吃～
推擠 韓食,張芷瑄,7 則評論,6 個月前,5 顆星,份量多味道好～
推擠 韓食,Lamu,18 則評論 · 2 張相片,6 個月前,2 顆星,"用韓國的名義 來賣你最貴的料理 成本最低 利潤很高喔
點了海鮮雙人餐
雞肉超甜
海鮮燉鍋 原價899的樣子
也就是韓式辣醬 加一兩塊海鮮 下面全部鋪冬粉"
推擠 韓食,歐亞,在地嚮導 · 194 則評論 · 320 張相片,6 個月前,4 顆星,"餐點美味😋服務人員親切
讓人可以舒服享用美食的樂趣"
推擠 韓食,Welin Lee,在地嚮導 · 24 則評論 · 23 張相片,6 個月前,5 顆星,莫明其妙被帶進來，莫明其妙的客滿，莫明其妙的杯盤狼藉～
推擠 韓食,Rawch Li (Rawch),在地嚮導 · 27 則評論 · 29 張相片,6 個月前,5 顆星,近期吃過前幾名的韓式，蟹膏飯很特別，很香很好吃，且灑很多海苔讓蟹膏味道不會太重
推擠 韓食,yi Jing,10 則評論 · 1 張相片,6 個月前,5 顆星,好吃
推擠 韓食,胡嘉瓘,10 則評論 · 4 張相片,6 個月前,5 顆星,好吃 工作人員服務親切
推擠 韓食,xxx._. w_b__,7 則評論 · 13 張相片,6 個月前,5 顆星,好吃服務好 環境也很好 大推！
推擠 韓食,翁子喻,9 則評論 · 4 張相片,6 個月前,5 顆星,推推😻😻 …
推擠 韓食,陶博威,"在地嚮導 · 1,638 則評論 · 22,448 張相片",6 個月前,4 顆星,不錯吃，有韓味～～
推擠 韓食,陳姿婷,6 則評論,6 個月前,5 顆星,"服務很棒不用自己動手
東西好吃！"
推擠 韓食,Wanyu,在地嚮導 · 34 則評論 · 68 張相片,6 個月前,5 顆星,"點了烤肉拼盤三人套餐$1499
包含以下餐點
推擠烤肉拼盤（小）（包含豬皮、瘦肉、五花肉、起司玉米馬鈴薯、金針菇、洋蔥）
生菜盤（不可續）
不辣豆腐鍋
白飯一碗
加30元換粉紅年糕
蒜味蜂蜜炸雞8塊
魚板湯
三杯飲料
另外加點一份手捏飯糰$99

炸雞皮很脆
豆腐鍋湯頭很香
烤肉瘦肉不硬、五花不會太油
年糕沾滿起司，較容易覺得膩需要分食
飲料香草西瓜氣泡飲適合年輕人口味

四個人分食覺得份量剛剛好
服務很細心、講解說明詳細
豆腐鍋和烤肉都會幫忙料理
也會介紹最適合的享用時機
餐點種類多元
小菜和霜淇淋自助吃到飽
環境整潔，廁所也蠻乾淨的
但冷氣風扇比較強會有點冷
用餐時間限時90分鐘
只能現金付款
假日用餐人多要預先訂位

整體而言很喜歡這次的用餐體驗
會再回訪！"
推擠 韓食,洪珈軒,2 則評論,6 個月前,5 顆星,很棒！
推擠 韓食,珈,6 則評論,6 個月前,5 顆星,東西很好吃服務很好
推擠 韓食,林婕伃,3 則評論 · 1 張相片,6 個月前,5 顆星,讚
推擠 韓食,張瑞奇,在地嚮導 · 66 則評論 · 128 張相片,6 個月前,5 顆星,看起來超棒的
推擠 韓食,游棨竣,14 則評論 · 2 張相片,6 個月前,5 顆星,"自助吃到飽的小菜很好吃
炸雞也很好吃
店員親切～"
推擠 韓食,Q,5 則評論 · 4 張相片,6 個月前,5 顆星,很期待！ ！
推擠 韓食,陳嘉千108,在地嚮導 · 15 則評論 · 5 張相片,6 個月前,5 顆星,好吃😋
推擠 韓食,沈素珍,2 則評論,6 個月前,5 顆星,
推擠 韓食,王欣儀,7 則評論 · 1 張相片,6 個月前,5 顆星,很好吃～
推擠 韓食,王若雅,7 則評論,6 個月前,5 顆星,炸雞超級好吃！！
推擠 韓食,yuchuan,"在地嚮導 · 94 則評論 · 1,671 張相片",6 個月前,5 顆星,豬五花超好吃
推擠 韓食,Anita Yuan,在地嚮導 · 53 則評論 · 55 張相片,6 個月前,5 顆星,餐點好吃，環境舒適
推擠 韓食,林銘洋,7 則評論 · 3 張相片,6 個月前,5 顆星,想吃
推擠 韓食,周書祺,7 則評論,6 個月前,5 顆星,
推擠 韓食,vivian huang,在地嚮導 · 37 則評論 · 29 張相片,6 個月前,5 顆星,"餐點好吃服務超好
會在回訪"
推擠 韓食,Cindy Wang,在地嚮導 · 113 則評論 · 39 張相片,6 個月前,4 顆星,烤肉盤份量跟價位比，稍貴。小菜、蟹膏飯不錯吃。海鮮煎餅太乾了完全沒有濕潤度，這道很雷...
推擠 韓食,劉小煖,在地嚮導 · 81 則評論 · 129 張相片,6 個月前,4 顆星,"這次3人用餐🍴所以點了3人套餐
份量很足夠且大份，吃起來很飽，若沒吃完也能打包帶走（包裝的很乾淨）
各品項水準都在平均以上，最有記憶點的餐點是蟹膏飯、免費小菜、烤肉的滷豬皮！ …"
推擠 韓食,侯艾米,在地嚮導 · 16 則評論 · 87 張相片,6 個月前,5 顆星,"一中商圈內討論度超高的推擠
點了泡菜鍋以及豆腐鍋
現點現煮還有桌邊服務 …"
推擠 韓食,易詩怡,在地嚮導 · 25 則評論 · 34 張相片,6 個月前,5 顆星,"雙人套餐+一個鍋+一份年糕，飽到不行！
桌邊服務很好，餐點CP值蠻高～"
推擠 韓食,廖允,7 則評論 · 4 張相片,6 個月前,5 顆星,雙人套餐份量很夠 好吃😋 …
推擠 韓食,鄭宇喬,1 則評論 · 1 張相片,6 個月前,5 顆星,
推擠 韓食,藍妮妮,5 則評論 · 4 張相片,6 個月前,5 顆星,底哩雪斯啦
推擠 韓食,林家睿,2 則評論 · 3 張相片,6 個月前,5 顆星,｛附近有停車車位｝適合多人用餐，冷氣很冷🤧裡面有附巧克力冰淇淋🍦 …
推擠 韓食,林小噫,10 則評論 · 12 張相片,6 個月前,4 顆星,附近不好停車🚗，很商業化實際上口感還好，特色冷氣冷＇有巧克力🍫冰淇淋🍦！！🚾🈶️🛗 …
推擠 韓食,林妍妍,11 則評論 · 5 張相片,6 個月前,5 顆星,冷氣很冷😭怕冷的人記得要帶外套 …
推擠 韓食,魏衛尉,在地嚮導 · 90 則評論 · 144 張相片,6 個月前,5 顆星,兩人套餐吃超飽，桌邊服務幫忙烤肉很讚
