餐廳名稱,餐廳連結
大東夜市,https://www.google.com/maps/place/%E5%A4%A7%E6%9D%B1%E5%A4%9C%E5%B8%82/data=!4m7!3m6!1s0x346e769b79d2493d:0xfafc2c8a0c68d96d!8m2!3d22.9826132!4d120.2193412!16s%2Fg%2F155s6l9j!19sChIJPUnSeZt2bjQRbdloDIos_Po?authuser=0&hl=zh-TW&rclk=1
大東夜市,https://www.google.com/maps/place/%E5%A4%A7%E6%9D%B1%E5%A4%9C%E5%B8%82/data=!4m7!3m6!1s0x346e769b40a5d711:0x19925377a452524f!8m2!3d22.9835849!4d120.2178025!16s%2Fg%2F11b827t5qm!19sChIJEdelQJt2bjQRT1JSpHdTkhk?authuser=0&hl=zh-TW&rclk=1
原住民石板烤肉,"https://www.google.com/maps/place/%E5%8E%9F%E4%BD%8F%E6%B0%91%E7%9F%B3%E6%9D%BF%E7%83%A4%E8%82%89/@22.9822261,120.216574,17z/data=!3m1!4b1!4m6!3m5!1s0x346e769b574196af:0xbe701c12d5c4f997!8m2!3d22.9822261!4d120.2191489!16s%2Fg%2F1pzwkxjln?entry=ttu&g_ep=EgoyMDI1MDQyMS4wIKXMDSoJLDEwMjExNDU1SAFQAw%3D%3D"
東洲黑糖奶舖,https://www.google.com/maps/place/%E6%9D%B1%E6%B4%B2%E9%BB%91%E7%B3%96%E5%A5%B6%E8%88%96/data=!4m7!3m6!1s0x346e769159b91769:0x208d2042fdb12ac3!8m2!3d22.9916849!4d120.2219014!16s%2Fg%2F11b7dspp9x!19sChIJaRe5WZF2bjQRwyqx_UIgjSA?authuser=0&hl=zh-TW&rclk=1
東洲黑糖奶舖 台南新光三越西門店,https://www.google.com/maps/place/%E6%9D%B1%E6%B4%B2%E9%BB%91%E7%B3%96%E5%A5%B6%E8%88%96+%E5%8F%B0%E5%8D%97%E6%96%B0%E5%85%89%E4%B8%89%E8%B6%8A%E8%A5%BF%E9%96%80%E5%BA%97/data=!4m7!3m6!1s0x346e779aae619b2d:0x549b4950c278e3a0!8m2!3d22.9868943!4d120.1985504!16s%2Fg%2F11gmfmmpqr!19sChIJLZthrpp3bjQRoON4wlBJm1Q?authuser=0&hl=zh-TW&rclk=1
東洲黑糖奶舖,https://www.google.com/maps/place/%E6%9D%B1%E6%B4%B2%E9%BB%91%E7%B3%96%E5%A5%B6%E8%88%96/data=!4m7!3m6!1s0x346e770016cc471d:0xdc184bd56563730e!8m2!3d22.9827537!4d120.2195213!16s%2Fg%2F11vs2c9z17!19sChIJHUfMFgB3bjQRDnNjZdVLGNw?authuser=0&hl=zh-TW&rclk=1
東洲黑糖奶舖夢時代店 藍鯨館6樓藍色扶梯對面近綠區,https://www.google.com/maps/place/%E6%9D%B1%E6%B4%B2%E9%BB%91%E7%B3%96%E5%A5%B6%E8%88%96%E5%A4%A2%E6%99%82%E4%BB%A3%E5%BA%97+%E8%97%8D%E9%AF%A8%E9%A4%A86%E6%A8%93%E8%97%8D%E8%89%B2%E6%89%B6%E6%A2%AF%E5%B0%8D%E9%9D%A2%E8%BF%91%E7%B6%A0%E5%8D%80/data=!4m7!3m6!1s0x346e0372de29c9a9:0x68be1faa84c88e4b!8m2!3d22.5954046!4d120.3071294!16s%2Fg%2F11gd20ntx1!19sChIJqckp3nIDbjQRS47IhKofvmg?authuser=0&hl=zh-TW&rclk=1
東洲黑糖奶舖（岡山店）,https://www.google.com/maps/place/%E6%9D%B1%E6%B4%B2%E9%BB%91%E7%B3%96%E5%A5%B6%E8%88%96%EF%BC%88%E5%B2%A1%E5%B1%B1%E5%BA%97%EF%BC%89/data=!4m7!3m6!1s0x346e0dd4572dd81d:0xbe236c0b86de9101!8m2!3d22.7994078!4d120.2908221!16s%2Fg%2F11tnbndgl0!19sChIJHdgtV9QNbjQRAZHehgtsI74?authuser=0&hl=zh-TW&rclk=1
東洲黑糖奶鋪 - 自由店,https://www.google.com/maps/place/%E6%9D%B1%E6%B4%B2%E9%BB%91%E7%B3%96%E5%A5%B6%E9%8B%AA+-+%E8%87%AA%E7%94%B1%E5%BA%97/data=!4m7!3m6!1s0x346e050bb6b4537b:0xf76aece10373c61b!8m2!3d22.6618727!4d120.3088282!16s%2Fg%2F11v3z1mzx_!19sChIJe1O0tgsFbjQRG8ZzA-Hsavc?authuser=0&hl=zh-TW&rclk=1
東洲黑糖奶鋪 - 新富店,https://www.google.com/maps/place/%E6%9D%B1%E6%B4%B2%E9%BB%91%E7%B3%96%E5%A5%B6%E9%8B%AA+-+%E6%96%B0%E5%AF%8C%E5%BA%97/data=!4m7!3m6!1s0x346e1bcaab86e23f:0xfd1acaaeca0ddb69!8m2!3d22.6129007!4d120.3443648!16s%2Fg%2F11v3z1p58j!19sChIJP-KGq8obbjQRadsNyq7KGv0?authuser=0&hl=zh-TW&rclk=1
東洲黑糖奶舖 - 後昌店,https://www.google.com/maps/place/%E6%9D%B1%E6%B4%B2%E9%BB%91%E7%B3%96%E5%A5%B6%E8%88%96+-+%E5%BE%8C%E6%98%8C%E5%BA%97/data=!4m7!3m6!1s0x346e0fba03836537:0x13f4eab01459de80!8m2!3d22.71034!4d120.29657!16s%2Fg%2F11t1d4strc!19sChIJN2WDA7oPbjQRgN5ZFLDq9BM?authuser=0&hl=zh-TW&rclk=1
炫の日式舒芙蕾鬆餅專賣,"https://www.google.com/maps/place/%E7%82%AB%E3%81%AE%E6%97%A5%E5%BC%8F%E8%88%92%E8%8A%99%E8%95%BE%E9%AC%86%E9%A4%85%E5%B0%88%E8%B3%A3/@22.982421,120.2160459,17z/data=!3m1!4b1!4m6!3m5!1s0x346e776f09010e73:0xca391c731055a5b4!8m2!3d22.982421!4d120.2186208!16s%2Fg%2F11t830qvk5?entry=ttu&g_ep=EgoyMDI1MDQyMS4wIKXMDSoJLDEwMjExNDU1SAFQAw%3D%3D"
碳烤雄大香雞排,https://www.google.com/maps/place/%E7%A2%B3%E7%83%A4%E9%9B%84%E5%A4%A7%E9%A6%99%E9%9B%9E%E6%8E%92/data=!4m7!3m6!1s0x346e7751565f1abb:0xbfde111288ec2!8m2!3d22.9828512!4d120.2185329!16s%2Fg%2F11tn48d63m!19sChIJuxpfVlF3bjQRwo4oEeH9CwA?authuser=0&hl=zh-TW&rclk=1
碳烤雄大香雞排 台南總店,https://www.google.com/maps/place/%E7%A2%B3%E7%83%A4%E9%9B%84%E5%A4%A7%E9%A6%99%E9%9B%9E%E6%8E%92+%E5%8F%B0%E5%8D%97%E7%B8%BD%E5%BA%97/data=!4m7!3m6!1s0x346e7700619b70bd:0x525ebd6444d20605!8m2!3d23.0109038!4d120.1996384!16s%2Fg%2F11ybxt0gvd!19sChIJvXCbYQB3bjQRBQbSRGS9XlI?authuser=0&hl=zh-TW&rclk=1
碳烤雄大香雞排,https://www.google.com/maps/place/%E7%A2%B3%E7%83%A4%E9%9B%84%E5%A4%A7%E9%A6%99%E9%9B%9E%E6%8E%92/data=!4m7!3m6!1s0x346e77e57df230e7:0x3a457155fdb4d464!8m2!3d23.0039373!4d120.1902577!16s%2Fg%2F11kk7d85lp!19sChIJ5zDyfeV3bjQRZNS0_VVxRTo?authuser=0&hl=zh-TW&rclk=1
陳大民麻辣鴨血（大東東夜市）,"https://www.google.com/maps/place/%E9%99%B3%E5%A4%A7%E6%B0%91%E9%BA%BB%E8%BE%A3%E9%B4%A8%E8%A1%80(%E5%A4%A7%E6%9D%B1%E6%9D%B1%E5%A4%9C%E5%B8%82)/@22.982835,120.2161287,17z/data=!3m1!4b1!4m6!3m5!1s0x346e7744849bec4b:0xe45a1656a317a798!8m2!3d22.982835!4d120.2187036!16s%2Fg%2F11gw34x68g?entry=ttu&g_ep=EgoyMDI1MDQyMS4wIKXMDSoJLDEwMjExNDU1SAFQAw%3D%3D"
林桑Laksa麵,"https://www.google.com/maps/place/%E6%9E%97%E6%A1%91Laksa%E9%BA%B5/@22.9827851,120.2161437,17z/data=!3m1!4b1!4m6!3m5!1s0x346e769b76dedfa5:0x64b4068c552324a!8m2!3d22.9827851!4d120.2187186!16s%2Fg%2F11ddy9rf1r?entry=ttu&g_ep=EgoyMDI1MDQyMS4wIKXMDSoJLDEwMjExNDU1SAFQAw%3D%3D"
四川麻辣串串香,https://www.google.com/maps/place/%E5%9B%9B%E5%B7%9D%E9%BA%BB%E8%BE%A3%E4%B8%B2%E4%B8%B2%E9%A6%99/data=!4m7!3m6!1s0x346e769b701e8bcb:0xc2c2d42b5e4d8717!8m2!3d22.982821!4d120.218828!16s%2Fg%2F12hk8lsk3!19sChIJy4secJt2bjQRF4dNXivUwsI?authuser=0&hl=zh-TW&rclk=1
四川麻辣串串香-崇德店,https://www.google.com/maps/place/%E5%9B%9B%E5%B7%9D%E9%BA%BB%E8%BE%A3%E4%B8%B2%E4%B8%B2%E9%A6%99-%E5%B4%87%E5%BE%B7%E5%BA%97/data=!4m7!3m6!1s0x346e769e245b99c5:0xd0c7172f00752ee2!8m2!3d22.975995!4d120.2244796!16s%2Fg%2F11c1s5n8vt!19sChIJxZlbJJ52bjQR4i51AC8Xx9A?authuser=0&hl=zh-TW&rclk=1
四川麻辣串串香（大同店）,https://www.google.com/maps/place/%E5%9B%9B%E5%B7%9D%E9%BA%BB%E8%BE%A3%E4%B8%B2%E4%B8%B2%E9%A6%99%EF%BC%88%E5%A4%A7%E5%90%8C%E5%BA%97%EF%BC%89/data=!4m7!3m6!1s0x346e779a9d3b77d1:0x9246631795e20d4c!8m2!3d22.9715678!4d120.2130964!16s%2Fg%2F11qh2xgq1c!19sChIJ0Xc7nZp3bjQRTA3ilRdjRpI?authuser=0&hl=zh-TW&rclk=1
四川麻辣串串香 成大店,https://www.google.com/maps/place/%E5%9B%9B%E5%B7%9D%E9%BA%BB%E8%BE%A3%E4%B8%B2%E4%B8%B2%E9%A6%99+%E6%88%90%E5%A4%A7%E5%BA%97/data=!4m7!3m6!1s0x346e76ee77a041ad:0x42d26bd5850390cc!8m2!3d23.0042018!4d120.2188736!16s%2Fg%2F11f1463hqy!19sChIJrUGgd-52bjQRzJADhdVr0kI?authuser=0&hl=zh-TW&rclk=1
辣吉點正宗成都串串香市民店,https://www.google.com/maps/place/%E8%BE%A3%E5%90%89%E9%BB%9E%E6%AD%A3%E5%AE%97%E6%88%90%E9%83%BD%E4%B8%B2%E4%B8%B2%E9%A6%99%E5%B8%82%E6%B0%91%E5%BA%97/data=!4m7!3m6!1s0x3442ab9055ec64af:0xaf6ededf4d3989c0!8m2!3d25.0448999!4d121.550914!16s%2Fg%2F11t51svzt2!19sChIJr2TsVZCrQjQRwIk5Td_ebq8?authuser=0&hl=zh-TW&rclk=1
好吃樂蔥抓餅,https://www.google.com/maps/place/%E5%A5%BD%E5%90%83%E6%A8%82%E8%94%A5%E6%8A%93%E9%A4%85/data=!4m7!3m6!1s0x346e769b7035239f:0x7cb3a4fd2814b18c!8m2!3d22.982903!4d120.218897!16s%2Fg%2F11f6kdn66r!19sChIJnyM1cJt2bjQRjLEUKP2ks3w?authuser=0&hl=zh-TW&rclk=1
樂愛手抓餅｜新莊小吃｜餐廳｜蔥油餅｜美食推薦,https://www.google.com/maps/place/%E6%A8%82%E6%84%9B%E6%89%8B%E6%8A%93%E9%A4%85%EF%BD%9C%E6%96%B0%E8%8E%8A%E5%B0%8F%E5%90%83%EF%BD%9C%E9%A4%90%E5%BB%B3%EF%BD%9C%E8%94%A5%E6%B2%B9%E9%A4%85%EF%BD%9C%E7%BE%8E%E9%A3%9F%E6%8E%A8%E8%96%A6/data=!4m7!3m6!1s0x3442a94d8dcf0ee7:0xdab9c0e27b8626b5!8m2!3d25.0369174!4d121.4550129!16s%2Fg%2F11sfr8ps38!19sChIJ5w7PjU2pQjQRtSaGe-LAudo?authuser=0&hl=zh-TW&rclk=1
林桑鹽水雞油雞醉雞（台南大東店）,"https://www.google.com/maps/place/%E6%9E%97%E6%A1%91%E9%B9%BD%E6%B0%B4%E9%9B%9E%E6%B2%B9%E9%9B%9E%E9%86%89%E9%9B%9E+(%E5%8F%B0%E5%8D%97%E5%A4%A7%E6%9D%B1%E5%BA%97)/@22.9828015,120.21637,17z/data=!3m1!4b1!4m6!3m5!1s0x346e7756dd5eac9f:0x7327885889a91954!8m2!3d22.9828015!4d120.2189449!16s%2Fg%2F11txfbtxl0?entry=ttu&g_ep=EgoyMDI1MDQyMS4wIKXMDSoJLDEwMjExNDU1SAFQAw%3D%3D"
Dizzy Bar 冰淇淋,"https://www.google.com/maps/place/Dizzy+Bar/@22.9828579,120.2164356,17z/data=!3m1!4b1!4m6!3m5!1s0x346e770c4b136f4b:0xda98a5d3863f77fd!8m2!3d22.9828579!4d120.2190105!16s%2Fg%2F11h_8v8mw0?entry=ttu&g_ep=EgoyMDI1MDQyMS4wIKXMDSoJLDEwMjExNDU1SAFQAw%3D%3D"
三師兄古早味滷味 大東東夜市,"https://www.google.com/maps/place/%E4%BA%8C%E5%B8%AB%E5%85%84%E5%8F%A4%E6%97%A9%E5%91%B3%E6%BB%B7%E5%91%B3-%E5%A4%A7%E6%9D%B1%E6%9D%B1%E5%A4%9C%E5%B8%82%EF%BC%88%E9%9B%96%E7%84%B6%E6%94%B9%E7%82%BA%E5%A4%A7%E6%9D%B1%E6%9D%B1%E5%A4%9C%E5%B8%82%E4%BD%86%E9%82%84%E6%98%AF%E4%BB%A5%E8%88%8A%E4%BD%8D%E7%BD%AE%E7%B9%BC%E7%BA%8C%E6%93%BA%E6%94%A4%EF%BC%89/@22.9829056,120.2164584,17z/data=!3m1!4b1!4m6!3m5!1s0x346e769ba326989f:0x58342f0b3c526f68!8m2!3d22.9829056!4d120.2190333!16s%2Fg%2F1tdpcyx3?entry=ttu&g_ep=EgoyMDI1MDQyMS4wIKXMDSoJLDEwMjExNDU1SAFQAw%3D%3D"
華藝堂小上海魯味,"https://www.google.com/maps/place/%E8%8F%AF%E6%85%88%E5%A0%82%E5%B0%8F%E4%B8%8A%E6%B5%B7%E6%BB%B7%E5%91%B3%7C%E6%B0%B8%E5%BA%B7%E6%BB%B7%E5%91%B3%7C%E5%8F%B0%E5%8D%97%E5%B7%B7%E5%BC%84%E7%BE%8E%E9%A3%9F%7C%E7%BE%8E%E9%A3%9F%E6%8E%A8%E8%96%A6%7C%E6%8B%9B%E7%89%8C%E9%B4%A8%E8%A1%80%7C%E6%B0%B8%E5%BA%B7%E9%AD%AF%E5%91%B3%7C%E4%BA%BA%E6%B0%A3%E9%A4%90%E5%BB%B3%7C%E5%8F%B0%E5%8D%97%E7%BE%8E%E9%A3%9F%7C%E6%99%9A%E9%A4%90%7C%E5%AE%B5%E5%A4%9C%7C%E8%82%89%E7%87%A5%E9%A3%AF%7C%E9%AD%AF%E8%82%89%E9%A3%AF/@23.0292912,120.2526069,17z/data=!3m1!4b1!4m6!3m5!1s0x346e71ebf567c845:0x327f1f4a19f64345!8m2!3d23.0292912!4d120.2551818!16s%2Fg%2F11rwqrbg0f?entry=ttu&g_ep=EgoyMDI1MDQyMS4wIKXMDSoJLDEwMjExNDU1SAFQAw%3D%3D"
mini果 果汁牛奶專賣店,"https://www.google.com/maps/place/mini%E6%9E%9C+%E6%9E%9C%E6%B1%81%E7%89%9B%E5%A5%B6%E5%B0%88%E8%B3%A3%E5%BA%97/@22.9829751,120.2168454,17z/data=!3m1!4b1!4m6!3m5!1s0x346e7700446ebb9b:0xce66e257dab26b99!8m2!3d22.9829751!4d120.2194203!16s%2Fg%2F11ld2sv1ps?entry=ttu&g_ep=EgoyMDI1MDQyMS4wIKXMDSoJLDEwMjExNDU1SAFQAw%3D%3D"
膳品香酥排骨,https://www.google.com/maps/place/%E8%86%B3%E5%93%81%E9%A6%99%E9%85%A5%E6%8E%92%E9%AA%A8/data=!4m7!3m6!1s0x346e769b76e4e805:0xbcdca7352545fdc1!8m2!3d22.983003!4d120.2192638!16s%2Fg%2F11f3x9028r!19sChIJBejkdpt2bjQRwf1FJTWn3Lw?authuser=0&hl=zh-TW&rclk=1
膳品香酥排骨,https://www.google.com/maps/place/%E8%86%B3%E5%93%81%E9%A6%99%E9%85%A5%E6%8E%92%E9%AA%A8/data=!4m7!3m6!1s0x346e76598fd3e56f:0x61f80706b15f32d7!8m2!3d23.0110029!4d120.2000337!16s%2Fg%2F11gd1v98c6!19sChIJb-XTj1l2bjQR1zJfsQYH-GE?authuser=0&hl=zh-TW&rclk=1
膳品香酥排骨-金華店,https://www.google.com/maps/place/%E8%86%B3%E5%93%81%E9%A6%99%E9%85%A5%E6%8E%92%E9%AA%A8-%E9%87%91%E8%8F%AF%E5%BA%97/data=!4m7!3m6!1s0x346e776902784f29:0x9f3fe471fd5f2522!8m2!3d22.9985415!4d120.1947455!16s%2Fg%2F11jg2b9dp6!19sChIJKU94Aml3bjQRIiVf_XHkP58?authuser=0&hl=zh-TW&rclk=1
德聖炭烤醬燒雞排,"https://www.google.com/maps/place/%E5%BE%B7%E8%81%96%E7%82%AD%E7%83%A4%E9%86%AC%E7%87%92%E9%9B%9E%E6%8E%92%EF%BC%88%E5%A4%A7%E6%9D%B1%E5%A4%9C%E5%B8%82%EF%BC%89/@22.9827768,120.2166825,17z/data=!3m1!4b1!4m6!3m5!1s0x346e776cbb7217ef:0x686a3e4658648752!8m2!3d22.9827768!4d120.2192574!16s%2Fg%2F11kqbmnvhw?entry=ttu&g_ep=EgoyMDI1MDQyMS4wIKXMDSoJLDEwMjExNDU1SAFQAw%3D%3D"
新曼谷泰式純檸檬涼拌青木瓜絲,"https://www.google.com/maps/place/%E6%96%B0%E6%9B%BC%E8%B0%B7%E6%B3%B0%E5%BC%8F%E7%B4%94%E6%AA%B8%E6%AA%AC%E6%B6%BC%E6%8B%8C%E9%9D%92%E6%9C%A8%E7%93%9C%E7%B5%B2/@22.9826623,120.2164495,17z/data=!3m1!4b1!4m6!3m5!1s0x346e770046e3840f:0x1c693b89c8ac9b85!8m2!3d22.9826623!4d120.2190244!16s%2Fg%2F11vpy3d99p?entry=ttu&g_ep=EgoyMDI1MDQyMS4wIKXMDSoJLDEwMjExNDU1SAFQAw%3D%3D"
天王牛排,https://www.google.com/maps/place/%E5%A4%A9%E7%8E%8B%E7%89%9B%E6%8E%92/data=!4m7!3m6!1s0x346e77001a9f5b1b:0x8c3f9268084a51d0!8m2!3d22.98269!4d120.2191176!16s%2Fg%2F11ld2st8p3!19sChIJG1ufGgB3bjQR0FFKCGiSP4w?authuser=0&hl=zh-TW&rclk=1
天王牛排,https://www.google.com/maps/place/%E5%A4%A9%E7%8E%8B%E7%89%9B%E6%8E%92/data=!4m7!3m6!1s0x346e770042c743af:0xd799cc43d22b5415!8m2!3d23.0107495!4d120.1998302!16s%2Fg%2F11vyy96stl!19sChIJr0PHQgB3bjQRFVQr0kPMmdc?authuser=0&hl=zh-TW&rclk=1
天王牛排,https://www.google.com/maps/place/%E5%A4%A9%E7%8E%8B%E7%89%9B%E6%8E%92/data=!4m7!3m6!1s0x346e796e6107c571:0xe6cdb73b2cbfd4f1!8m2!3d23.115407!4d120.2351902!16s%2Fg%2F11cn9m35yy!19sChIJccUHYW55bjQR8dS_LDu3zeY?authuser=0&hl=zh-TW&rclk=1
天王牛排鹽行夜市,https://www.google.com/maps/place/%E5%A4%A9%E7%8E%8B%E7%89%9B%E6%8E%92%E9%B9%BD%E8%A1%8C%E5%A4%9C%E5%B8%82/data=!4m7!3m6!1s0x346e77002fc20815:0x863e1a35971e33b9!8m2!3d23.0421163!4d120.2357476!16s%2Fg%2F11y2ms9l6d!19sChIJFQjCLwB3bjQRuTMelzUaPoY?authuser=0&hl=zh-TW&rclk=1
大東夜市 炒公仔麵,"https://www.google.com/maps/place/%E5%A4%A7%E6%9D%B1%E5%A4%9C%E5%B8%82+%E7%82%92%E5%85%AC%E4%BB%94%E9%BA%B5/@22.9826234,120.2161497,17z/data=!3m1!4b1!4m6!3m5!1s0x346e77dd621023eb:0xf3a03e50dbb8584f!8m2!3d22.9826234!4d120.2187246!16s%2Fg%2F11sch9z7dt?entry=ttu&g_ep=EgoyMDI1MDQyMS4wIKXMDSoJLDEwMjExNDU1SAFQAw%3D%3D"
功夫燒肉夾饃 - 大東夜市,"https://www.google.com/maps/place/%E5%8A%9F%E5%A4%AB%E7%87%92%E8%82%89%E5%A4%BE%E9%A5%83-%E5%A4%A7%E6%9D%B1%E5%A4%9C%E5%B8%82/@22.9825508,120.2161189,17z/data=!3m1!4b1!4m6!3m5!1s0x346e77d949647aeb:0x9ed2ef3026609eca!8m2!3d22.9825508!4d120.2186938!16s%2Fg%2F11v0bs0t8p?entry=ttu&g_ep=EgoyMDI1MDQyMS4wIKXMDSoJLDEwMjExNDU1SAFQAw%3D%3D"
喵禾子創意棺材板,"https://www.google.com/maps/place/%E5%96%B5%E7%A6%BE%E5%AD%90%E5%89%B5%E6%84%8F%E6%A3%BA%E6%9D%90%E6%9D%BF/@22.982592,120.2161281,17z/data=!3m1!4b1!4m6!3m5!1s0x346e77004831ce8f:0xe81405d39dc41d39!8m2!3d22.982592!4d120.218703!16s%2Fg%2F11yc7_4_lm?entry=ttu&g_ep=EgoyMDI1MDQyMS4wIKXMDSoJLDEwMjExNDU1SAFQAw%3D%3D"
炫の日式舒芙蕾鬆餅專賣,https://www.google.com/maps/place/%E7%82%AB%E3%81%AE%E6%97%A5%E5%BC%8F%E8%88%92%E8%8A%99%E8%95%BE%E9%AC%86%E9%A4%85%E5%B0%88%E8%B3%A3/data=!4m7!3m6!1s0x346e776f09010e73:0xca391c731055a5b4!8m2!3d22.982421!4d120.2186208!16s%2Fg%2F11t830qvk5!19sChIJcw4BCW93bjQRtKVVEHMcOco?authuser=0&hl=zh-TW&rclk=1
O.原點巧克 Soufflé Pancake,https://www.google.com/maps/place/O.%E5%8E%9F%E9%BB%9E%E5%B7%A7%E5%85%8B+Souffl%C3%A9+Pancake/data=!4m7!3m6!1s0x346e7704928a277f:0xf2331f765325865d!8m2!3d22.9853473!4d120.2056934!16s%2Fg%2F11fjv4ttqh!19sChIJfyeKkgR3bjQRXYYlU3YfM_I?authuser=0&hl=zh-TW&rclk=1
Sisbro 希絲柏甜食所 ｜早午餐｜舒芙蕾鬆餅｜千層蛋糕｜義大利麵｜,https://www.google.com/maps/place/Sisbro+%E5%B8%8C%E7%B5%B2%E6%9F%8F%E7%94%9C%E9%A3%9F%E6%89%80+%EF%BD%9C%E6%97%A9%E5%8D%88%E9%A4%90%EF%BD%9C%E8%88%92%E8%8A%99%E8%95%BE%E9%AC%86%E9%A4%85%EF%BD%9C%E5%8D%83%E5%B1%A4%E8%9B%8B%E7%B3%95%EF%BD%9C%E7%BE%A9%E5%A4%A7%E5%88%A9%E9%BA%B5%EF%BD%9C/data=!4m7!3m6!1s0x346e7684d2a10425:0x88f57f6aad0bca8b!8m2!3d22.9846525!4d120.2165034!16s%2Fg%2F11f2xnkkzm!19sChIJJQSh0oR2bjQRi8oLrWp_9Yg?authuser=0&hl=zh-TW&rclk=1
Autumn舒芙蕾熱鬆餅,https://www.google.com/maps/place/Autumn%E8%88%92%E8%8A%99%E8%95%BE%E7%86%B1%E9%AC%86%E9%A4%85/data=!4m7!3m6!1s0x346e76630bc3d3e1:0xecec215f7cd6a6e!8m2!3d22.9936136!4d120.2010758!16s%2Fg%2F11cn5n5vdg!19sChIJ4dPDC2N2bjQRbmrN9xXCzg4?authuser=0&hl=zh-TW&rclk=1
Jun’s Soufflé舒芙蕾專賣店,https://www.google.com/maps/place/Jun%E2%80%99s+Souffl%C3%A9%E8%88%92%E8%8A%99%E8%95%BE%E5%B0%88%E8%B3%A3%E5%BA%97/data=!4m7!3m6!1s0x346e77d2543a8c6f:0x1a52efe331df465!8m2!3d22.997345!4d120.2035175!16s%2Fg%2F11g0qb3xcw!19sChIJb4w6VNJ3bjQRZfQdM_4upQE?authuser=0&hl=zh-TW&rclk=1
無名水果攤,https://www.google.com/maps/place/%E7%84%A1%E5%90%8D%E6%B0%B4%E6%9E%9C%E6%94%A4/data=!4m7!3m6!1s0x346e77d0fa4094b9:0x521d2bef45373300!8m2!3d22.9824314!4d120.2188779!16s%2Fg%2F11s9c7hlzd!19sChIJuZRA-tB3bjQRADM3Re8rHVI?authuser=0&hl=zh-TW&rclk=1
無名水果、果汁店,https://www.google.com/maps/place/%E7%84%A1%E5%90%8D%E6%B0%B4%E6%9E%9C%E3%80%81%E6%9E%9C%E6%B1%81%E5%BA%97/data=!4m7!3m6!1s0x346e766607f01a13:0x5b38f7754111e11e!8m2!3d22.997994!4d120.194267!16s%2Fg%2F11d_tyr06v!19sChIJExrwB2Z2bjQRHuERQXX3OFs?authuser=0&hl=zh-TW&rclk=1
無名水果攤,https://www.google.com/maps/place/%E7%84%A1%E5%90%8D%E6%B0%B4%E6%9E%9C%E6%94%A4/data=!4m7!3m6!1s0x346e77442dacfafb:0xc9bcba3a4a9135a7!8m2!3d23.0035485!4d120.2188386!16s%2Fg%2F11sv580lh1!19sChIJ-_qsLUR3bjQRpzWRSjq6vMk?authuser=0&hl=zh-TW&rclk=1
無名水果攤,https://www.google.com/maps/place/%E7%84%A1%E5%90%8D%E6%B0%B4%E6%9E%9C%E6%94%A4/data=!4m7!3m6!1s0x3442abc17c54b8b9:0xd0ee2311793d8cca!8m2!3d25.0468352!4d121.5543964!16s%2Fg%2F11f3x9fv56!19sChIJubhUfMGrQjQRyow9eREj7tA?authuser=0&hl=zh-TW&rclk=1
無名水果攤,https://www.google.com/maps/place/%E7%84%A1%E5%90%8D%E6%B0%B4%E6%9E%9C%E6%94%A4/data=!4m7!3m6!1s0x3442ab33f0875197:0x3cda46c27023dade!8m2!3d25.0506047!4d121.573946!16s%2Fg%2F11vb5rnk26!19sChIJl1GH8DOrQjQR3tojcMJG2jw?authuser=0&hl=zh-TW&rclk=1
日屋章魚小丸子,https://www.google.com/maps/place/%E6%97%A5%E5%B1%8B%E7%AB%A0%E9%AD%9A%E5%B0%8F%E4%B8%B8%E5%AD%90/data=!4m7!3m6!1s0x346e7700604ba92d:0xc021515e1828c917!8m2!3d22.9824366!4d120.219017!16s%2Fg%2F11vpy3fb99!19sChIJLalLYAB3bjQRF8koGF5RIcA?authuser=0&hl=zh-TW&rclk=1
日船章魚燒（原健康三街）,https://www.google.com/maps/place/%E6%97%A5%E8%88%B9%E7%AB%A0%E9%AD%9A%E7%87%92%EF%BC%88%E5%8E%9F%E5%81%A5%E5%BA%B7%E4%B8%89%E8%A1%97%EF%BC%89/data=!4m7!3m6!1s0x346e77e8e18a38af:0x2c9982fd64a5b157!8m2!3d22.999999!4d120.1622652!16s%2Fg%2F11gmsrp8fx!19sChIJrziK4eh3bjQRV7GlZP2CmSw?authuser=0&hl=zh-TW&rclk=1
日船章魚小丸子(成大店）,https://www.google.com/maps/place/%E6%97%A5%E8%88%B9%E7%AB%A0%E9%AD%9A%E5%B0%8F%E4%B8%B8%E5%AD%90%28%E6%88%90%E5%A4%A7%E5%BA%97%EF%BC%89/data=!4m7!3m6!1s0x346e77b6e447fbf5:0x9c7e8ce4bc9e8469!8m2!3d22.9953705!4d120.2164978!16s%2Fg%2F11ssj4rv2z!19sChIJ9ftH5LZ3bjQRaYSevOSMfpw?authuser=0&hl=zh-TW&rclk=1
日船（4/22搬至育樂街53-4號）,https://www.google.com/maps/place/%E6%97%A5%E8%88%B9%EF%BC%884%2F22%E6%90%AC%E8%87%B3%E8%82%B2%E6%A8%82%E8%A1%9753-4%E8%99%9F%EF%BC%89/data=!4m7!3m6!1s0x346e7692796a8b21:0xe8d124aeb80a76b5!8m2!3d22.9954989!4d120.2166117!16s%2Fg%2F12m9j0nc5!19sChIJIYtqeZJ2bjQRtXYKuK4k0eg?authuser=0&hl=zh-TW&rclk=1
日船章魚小丸子,https://www.google.com/maps/place/%E6%97%A5%E8%88%B9%E7%AB%A0%E9%AD%9A%E5%B0%8F%E4%B8%B8%E5%AD%90/data=!4m7!3m6!1s0x346e76bbdc806bf3:0x8923e68bc87b39c9!8m2!3d22.988751!4d120.2357467!16s%2Fg%2F11gdrj7s3f!19sChIJ82uA3Lt2bjQRyTl7yIvmI4k?authuser=0&hl=zh-TW&rclk=1
日船 章魚小丸子,https://www.google.com/maps/place/%E6%97%A5%E8%88%B9+%E7%AB%A0%E9%AD%9A%E5%B0%8F%E4%B8%B8%E5%AD%90/data=!4m7!3m6!1s0x346e75da4c2dfd6f:0x412046a38403d517!8m2!3d22.9755489!4d120.190887!16s%2Fg%2F11g6xjqkzk!19sChIJb_0tTNp1bjQRF9UDhKNGIEE?authuser=0&hl=zh-TW&rclk=1
日屋章魚小丸子,https://www.google.com/maps/place/%E6%97%A5%E5%B1%8B%E7%AB%A0%E9%AD%9A%E5%B0%8F%E4%B8%B8%E5%AD%90/data=!4m7!3m6!1s0x346e710063aef397:0x248c36a03419101d!8m2!3d22.9699993!4d120.2557986!16s%2Fg%2F11vz2x23hr!19sChIJl_OuYwBxbjQRHRAZNKA2jCQ?authuser=0&hl=zh-TW&rclk=1
古都蚵仔煎,"https://www.google.com/maps/place/%E5%8F%A4%E9%83%BD%E8%9A%B5%E4%BB%94%E7%85%8E/@22.9823234,120.2164502,17z/data=!3m1!4b1!4m6!3m5!1s0x346e7723212d102f:0xc08f64ee38f57658!8m2!3d22.9823234!4d120.2190251!16s%2Fg%2F11rzfv9r_6?entry=ttu&g_ep=EgoyMDI1MDQyMS4wIKXMDSoJLDEwMjExNDU1SAFQAw%3D%3D"
鮮奶麻糬,https://www.google.com/maps/place/%E9%AE%AE%E5%A5%B6%E9%BA%BB%E7%B3%AC/data=!4m7!3m6!1s0x346e77006a1f1385:0xe6a961691c8fae2e!8m2!3d22.9825119!4d120.2191702!16s%2Fg%2F11vzy9qm28!19sChIJhRMfagB3bjQRLq6PHGlhqeY?authuser=0&hl=zh-TW&rclk=1
鮮奶麻糬,https://www.google.com/maps/place/%E9%AE%AE%E5%A5%B6%E9%BA%BB%E7%B3%AC/data=!4m7!3m6!1s0x346e75e076254c13:0x78e16bd937e2284d!8m2!3d22.9605409!4d120.1883281!16s%2Fg%2F11ngl1rmw8!19sChIJE0wlduB1bjQRTSjiN9lr4Xg?authuser=0&hl=zh-TW&rclk=1
蕪亖｜麻糬,https://www.google.com/maps/place/%E8%95%AA%E4%BA%96%EF%BD%9C%E9%BA%BB%E7%B3%AC/data=!4m7!3m6!1s0x346e77afdc5323dd:0x7248a58b2153180e!8m2!3d22.9879509!4d120.2213078!16s%2Fg%2F11v64k94rt!19sChIJ3SNT3K93bjQRDhhTIYulSHI?authuser=0&hl=zh-TW&rclk=1
灑白甜鮮奶麻糬販賣舖,https://www.google.com/maps/place/%E7%81%91%E7%99%BD%E7%94%9C%E9%AE%AE%E5%A5%B6%E9%BA%BB%E7%B3%AC%E8%B2%A9%E8%B3%A3%E8%88%96/data=!4m7!3m6!1s0x3442a9a007bd3d4b:0xe59c9db207460331!8m2!3d25.0568963!4d121.5204215!16s%2Fg%2F11sm7q191n!19sChIJSz29B6CpQjQRMQNGB7KdnOU?authuser=0&hl=zh-TW&rclk=1
灑白甜鮮奶麻糬 市府店,https://www.google.com/maps/place/%E7%81%91%E7%99%BD%E7%94%9C%E9%AE%AE%E5%A5%B6%E9%BA%BB%E7%B3%AC+%E5%B8%82%E5%BA%9C%E5%BA%97/data=!4m7!3m6!1s0x3442ab6fb0587a03:0x3a529688f40d395c!8m2!3d25.041356!4d121.565571!16s%2Fg%2F11v6lqkwjm!19sChIJA3pYsG-rQjQRXDkN9IiWUjo?authuser=0&hl=zh-TW&rclk=1
吉野食堂,"https://www.google.com/maps/place/%E5%90%89%E9%87%8E%E9%A3%9F%E5%A0%82/@22.9824873,120.216533,17z/data=!3m1!4b1!4m6!3m5!1s0x346e770063ef0389:0xc1274912e1647b46!8m2!3d22.9824873!4d120.2191079!16s%2Fg%2F11vpy3fyyn?entry=ttu&g_ep=EgoyMDI1MDQyMS4wIKXMDSoJLDEwMjExNDU1SAFQAw%3D%3D"
郭公館烤魷魚,"https://www.google.com/maps/place/%E9%83%AD%E5%85%AC%E9%A4%A8%E7%83%A4%E9%AD%B7%E9%AD%9A/@22.9825712,120.2165645,17z/data=!3m1!4b1!4m6!3m5!1s0x346e77000c933e19:0xd848607dc00ed1e0!8m2!3d22.9825712!4d120.2191394!16s%2Fg%2F11vs2ckrnv?entry=ttu&g_ep=EgoyMDI1MDQyMS4wIKXMDSoJLDEwMjExNDU1SAFQAw%3D%3D"
五花肉泡菜卷,"https://www.google.com/maps/place/%E4%BA%94%E8%8A%B1%E8%82%89%E6%B3%A1%E8%8F%9C%E5%8D%B7/@22.9825971,120.2166108,17z/data=!3m1!4b1!4m6!3m5!1s0x346e77007f319a13:0x44399d36004f94de!8m2!3d22.9825971!4d120.2191857!16s%2Fg%2F11ld2swtms?entry=ttu&g_ep=EgoyMDI1MDQyMS4wIKXMDSoJLDEwMjExNDU1SAFQAw%3D%3D"
晚伍小賣所,"https://www.google.com/maps/place/%E6%99%9A%E4%BC%8D%E5%B0%8F%E8%B3%A3%E6%89%80/@22.9826058,120.2163191,17z/data=!3m1!4b1!4m6!3m5!1s0x346e7700424a71e3:0xa7f5df866c84b0ed!8m2!3d22.9826058!4d120.218894!16s%2Fg%2F11vs2ctky8?entry=ttu&g_ep=EgoyMDI1MDQyMS4wIKXMDSoJLDEwMjExNDU1SAFQAw%3D%3D"
脫皮德國豬腳假日農市店（肉舖）,"https://www.google.com/maps/place/%E8%84%86%E7%9A%AE%E5%BE%B7%E5%9C%8B%E8%B1%AC%E8%85%B3%E5%81%87%E6%97%A5%E8%BE%B2%E5%B8%82%E5%BA%97/@22.9825138,120.216306,17z/data=!3m1!4b1!4m6!3m5!1s0x346e771090c8f1a9:0x6aaffc89d0b84a5b!8m2!3d22.9825138!4d120.2188809!16s%2Fg%2F11sy_s1ph_?entry=ttu&g_ep=EgoyMDI1MDQyMS4wIKXMDSoJLDEwMjExNDU1SAFQAw%3D%3D"
台灣第一菇（熟食店）,"https://www.google.com/maps/place/%E5%8F%B0%E7%81%A3%E7%AC%AC%E4%B8%80%E8%8F%87/@22.9825205,120.2166781,17z/data=!3m1!4b1!4m6!3m5!1s0x346e77c42d7c6885:0x6c91cab5a86770e1!8m2!3d22.9825205!4d120.219253!16s%2Fg%2F11h225b1r5?entry=ttu&g_ep=EgoyMDI1MDQyMS4wIKXMDSoJLDEwMjExNDU1SAFQAw%3D%3D"
大東夜市,https://www.google.com/maps/place/%E5%A4%A7%E6%9D%B1%E5%A4%9C%E5%B8%82/data=!4m7!3m6!1s0x346e769b79d2493d:0xfafc2c8a0c68d96d!8m2!3d22.9826132!4d120.2193412!16s%2Fg%2F155s6l9j!19sChIJPUnSeZt2bjQRbdloDIos_Po?authuser=0&hl=zh-TW&rclk=1
大東東夜市,https://www.google.com/maps/place/%E5%A4%A7%E6%9D%B1%E6%9D%B1%E5%A4%9C%E5%B8%82/data=!4m7!3m6!1s0x346e7789a1d3a9f3:0x86f48eba8a49af74!8m2!3d22.9824657!4d120.2184021!16s%2Fg%2F11vkpd8fpx!19sChIJ86nToYl3bjQRdK9JirqO9IY?authuser=0&hl=zh-TW&rclk=1
凍心炸冰淇淋-台南大東店,"https://www.google.com/maps/place/%E5%87%8D%E5%BF%83%E7%82%B8%E5%86%B0%E6%B7%87%E6%B7%8B-%E5%8F%B0%E5%8D%97%E5%A4%A7%E6%9D%B1%E5%BA%97/@22.9825904,120.2166951,17z/data=!3m1!4b1!4m6!3m5!1s0x346e7750c018d205:0xdb8ba01e23521167!8m2!3d22.9825904!4d120.21927!16s%2Fg%2F11swyn0rjg?entry=ttu&g_ep=EgoyMDI1MDQyMS4wIKXMDSoJLDEwMjExNDU1SAFQAw%3D%3D"
大東夜市,https://www.google.com/maps/place/%E5%A4%A7%E6%9D%B1%E5%A4%9C%E5%B8%82/data=!4m7!3m6!1s0x346e769b79d2493d:0xfafc2c8a0c68d96d!8m2!3d22.9826132!4d120.2193412!16s%2Fg%2F155s6l9j!19sChIJPUnSeZt2bjQRbdloDIos_Po?authuser=0&hl=zh-TW&rclk=1
大東東夜市,https://www.google.com/maps/place/%E5%A4%A7%E6%9D%B1%E6%9D%B1%E5%A4%9C%E5%B8%82/data=!4m7!3m6!1s0x346e7789a1d3a9f3:0x86f48eba8a49af74!8m2!3d22.9824657!4d120.2184021!16s%2Fg%2F11vkpd8fpx!19sChIJ86nToYl3bjQRdK9JirqO9IY?authuser=0&hl=zh-TW&rclk=1
