餐廳名稱,餐廳連結,latitude,longitude,distance
稻鮨板前吞食,https://www.google.com/maps/place/%E7%A8%BB%E9%AE%A8%E6%9D%BF%E5%89%8D%E5%90%9E%E9%A3%9F/data=!4m7!3m6!1s0x346916213f3c4c7f:0x981ea57487361d04!8m2!3d24.1756438!4d120.6456388!16s%2Fg%2F11cmp7dnyd!19sChIJf0w8PyEWaTQRBB02h3SlHpg?authuser=0&hl=zh-TW&rclk=1,24.1756487,120.6430639,0.3656786845322488
旨味日式料理 - 台中逢甲 人氣必吃美食 首選懷石料理 Omakase 頂級海鮮刺身 炙り焼き 公司聚餐特色餐酒館 親子友善餐廳推薦,https://www.google.com/maps/place/%E6%97%A8%E5%91%B3%E6%97%A5%E5%BC%8F%E6%96%99%E7%90%86+-+%E5%8F%B0%E4%B8%AD%E9%80%A2%E7%94%B2+%E4%BA%BA%E6%B0%A3%E5%BF%85%E5%90%83%E7%BE%8E%E9%A3%9F+%E9%A6%96%E9%81%B8%E6%87%B7%E7%9F%B3%E6%96%99%E7%90%86+Omakase+%E9%A0%82%E7%B4%9A%E6%B5%B7%E9%AE%AE%E5%88%BA%E8%BA%AB+%E7%82%99%E3%82%8A%E7%84%BC%E3%81%8D+%E5%85%AC%E5%8F%B8%E8%81%9A%E9%A4%90%E7%89%B9%E8%89%B2%E9%A4%90%E9%85%92%E9%A4%A8+%E8%A6%AA%E5%AD%90%E5%8F%8B%E5%96%84%E9%A4%90%E5%BB%B3%E6%8E%A8%E8%96%A6/data=!4m7!3m6!1s0x346917eb8595a907:0x1402ddfb35bf590e!8m2!3d24.1777291!4d120.6452372!16s%2Fg%2F11jzx4f87n!19sChIJB6mVhesXaTQRDlm_NfvdAhQ?authuser=0&hl=zh-TW&rclk=1,24.177734,120.6426623,0.3407992710949244
知戶酒食,https://www.google.com/maps/place/%E7%9F%A5%E6%88%B6%E9%85%92%E9%A3%9F/data=!4m7!3m6!1s0x34691715b4ae5077:0x36599e2118b2c27c!8m2!3d24.177298!4d120.644891!16s%2Fg%2F11sz266vtg!19sChIJd1CutBUXaTQRfMKyGCGeWTY?authuser=0&hl=zh-TW&rclk=1,24.1773029,120.6423161,0.376289497094163
日本【樂】燒麵 逢甲总店,https://www.google.com/maps/place/%E6%97%A5%E6%9C%AC%E3%80%90%E6%A8%82%E3%80%91%E7%87%92%E9%BA%B5+%E9%80%A2%E7%94%B2%E6%80%BB%E5%BA%97/data=!4m7!3m6!1s0x3469176c832780e7:0x9362b1d43e647109!8m2!3d24.1800859!4d120.6457431!16s%2Fg%2F11hj5h002v!19sChIJ54Ang2wXaTQRCXFkPtSxYpM?authuser=0&hl=zh-TW&rclk=1,24.1800908,120.6431682,0.403597506764048
小巷日和食,https://www.google.com/maps/place/%E5%B0%8F%E5%B7%B7%E6%97%A5%E5%92%8C%E9%A3%9F/data=!4m7!3m6!1s0x346917971ee8cd1f:0xcc180f1aa3785d9!8m2!3d24.1804462!4d120.6462151!16s%2Fg%2F11jzhph_nt!19sChIJH83oHpcXaTQR2YU3qvGAwQw?authuser=0&hl=zh-TW&rclk=1,24.1804511,120.6436402,0.4019866741473646
九湯屋日本拉麵 逢甲店,https://www.google.com/maps/place/%E4%B9%9D%E6%B9%AF%E5%B1%8B%E6%97%A5%E6%9C%AC%E6%8B%89%E9%BA%B5+%E9%80%A2%E7%94%B2%E5%BA%97/data=!4m7!3m6!1s0x346917e339c41155:0xb3af28b2e029165d!8m2!3d24.1799921!4d120.6462255!16s%2Fg%2F11rvgr6db8!19sChIJVRHEOeMXaTQRXRYp4LIor7M?authuser=0&hl=zh-TW&rclk=1,24.179997,120.6436506,0.3622640702165805
逢甲九州,https://www.google.com/maps/place/%E9%80%A2%E7%94%B2%E4%B9%9D%E5%B7%9E/data=!4m7!3m6!1s0x34691622e3471899:0x5acede0a60536800!8m2!3d24.1799052!4d120.6459006!16s%2Fg%2F11dybf9ssw!19sChIJmRhH4yIWaTQRAGhTYArezlo?authuser=0&hl=zh-TW&rclk=1,24.1799101,120.6433257,0.3781773546783165
HOME燒肉-逢甲店,https://www.google.com/maps/place/HOME%E7%87%92%E8%82%89-%E9%80%A2%E7%94%B2%E5%BA%97/data=!4m7!3m6!1s0x34691751125d6c51:0xba5b55e8d68f83d8!8m2!3d24.1755744!4d120.649703!16s%2Fg%2F11tk009cv4!19sChIJUWxdElEXaTQR2IOP1uhVW7o?authuser=0&hl=zh-TW&rclk=1,24.1755793,120.6471281,0.245577779994727
魚煙居酒屋,https://www.google.com/maps/place/%E9%AD%9A%E7%85%99%E5%B1%85%E9%85%92%E5%B1%8B/data=!4m7!3m6!1s0x346917000fc3d567:0x8cbccf1996281b39!8m2!3d24.1812284!4d120.6459958!16s%2Fg%2F11vsgqq6vy!19sChIJZ9XDDwAXaTQRORsolhnPvIw?authuser=0&hl=zh-TW&rclk=1,24.1812333,120.6434209,0.4859034494111584
