夜市名稱,餐廳名稱,餐廳地址,餐廳連結
武聖夜市,海之味魷魚工坊,700台南市中西區武聖路151巷49弄5號,https://www.google.com/maps/place/%E6%B5%B7%E4%B9%8B%E5%91%B3%E9%AD%B7%E9%AD%9A%E5%B7%A5%E5%9D%8A/data=!4m7!3m6!1s0x346e7768a37f9547:0x361ab2ebbbd25176!8m2!3d23.0048889!4d120.1903033!16s%2Fg%2F11ry4rd4ly!19sChIJR5V_o2h3bjQRdlHSu-uyGjY?authuser=0&hl=zh-TW&rclk=1
武聖夜市,戲漁蒸鮮烤魚,700台南市中西區武聖路69巷101號,https://www.google.com/maps/place/%E6%88%B2%E6%BC%81%E8%92%B8%E9%AE%AE%E7%83%A4%E9%AD%9A/data=!4m7!3m6!1s0x346e779ff2eb3729:0xde6f679f3ed61e78!8m2!3d23.0039352!4d120.1901755!16s%2Fg%2F11krbqv8nt!19sChIJKTfr8p93bjQReB7WPp9nb94?authuser=0&hl=zh-TW&rclk=1
武聖夜市,私立武聖幼兒園,700台南市中西區武聖路151巷49弄5號,"https://www.google.com/maps/place/%E7%A7%81%E7%AB%8B%E6%AD%A6%E8%81%96%E5%B9%BC%E5%85%92%E5%9C%92/@23.0048441,120.1877344,17z/data=!3m1!4b1!4m6!3m5!1s0x346e764263628b45:0xf29376612210427d!8m2!3d23.0048441!4d120.1903093!16s%2Fg%2F1wcx9vb5?entry=ttu&g_ep=EgoyMDI1MDQyMy4wIKXMDSoASAFQAw%3D%3D"
武聖夜市,牡蠣大叔（武聖夜市點）,700台南市中西區武聖路69巷40弄14號,"https://www.google.com/maps/place/%E7%89%A1%E8%A0%A3%E5%A4%A7%E5%8F%94%EF%BC%88%E6%AD%A6%E8%81%96%E5%A4%9C%E5%B8%82%E9%BB%9E%EF%BC%89/@23.0047757,120.1879457,17z/data=!3m1!4b1!4m6!3m5!1s0x346e7642c3c611f3:0x8929562b8ecfea3c!8m2!3d23.0047757!4d120.1905206!16s%2Fg%2F1pztkh0nb?entry=ttu&g_ep=EgoyMDI1MDQyMy4wIKXMDSoASAFQAw%3D%3D"
武聖夜市,丹丹香蔥油餅-武聖店,700台南市中西區武聖路151巷49弄7號,"https://www.google.com/maps/place/%E4%B8%B9%E4%B8%B9%E9%A6%99%E8%94%A5%E6%B2%B9%E9%A4%85-%E6%AD%A6%E8%81%96%E5%BA%97/@23.0047508,120.1879366,17z/data=!3m1!4b1!4m6!3m5!1s0x346e77373703670f:0x5d54befe6949c4a1!8m2!3d23.0047508!4d120.1905115!16s%2Fg%2F11kpdzs33b?entry=ttu&g_ep=EgoyMDI1MDQyMy4wIKXMDSoASAFQAw%3D%3D"
武聖夜市,鄉城蚵仔煎,700台南市中西區武聖路69巷40弄12號,"https://www.google.com/maps/place/%E9%84%89%E5%9F%8E%E8%9A%B5%E4%BB%94%E7%85%8E/@23.0048147,120.1879517,17z/data=!3m1!4b1!4m6!3m5!1s0x346e7774bde3a4fb:0x26f946cb897ede89!8m2!3d23.0048147!4d120.1905266!16s%2Fg%2F11stpkq36j?entry=ttu&g_ep=EgoyMDI1MDQyMy4wIKXMDSoASAFQAw%3D%3D"
武聖夜市,韓欣 韓國食品直販所,700台南市中西區武聖路69巷40弄20號,"https://www.google.com/maps/place/%E9%9F%93%E6%AC%A3+%E9%9F%93%E5%9C%8B%E9%A3%9F%E5%93%81%E7%9B%B4%E8%B2%A9%E6%89%80/@23.004732,120.1881253,17z/data=!3m1!4b1!4m6!3m5!1s0x346e77c708f34915:0x1257e2dd169b1041!8m2!3d23.004732!4d120.1907002!16s%2Fg%2F11pd21pqkn?entry=ttu&g_ep=EgoyMDI1MDQyMy4wIKXMDSoASAFQAw%3D%3D"
武聖夜市,武聖夜市 阿樂牛排,700台南市中西區武聖路69巷,https://www.google.com/maps/place/%E6%AD%A6%E8%81%96%E5%A4%9C%E5%B8%82+%E9%98%BF%E6%A8%82%E7%89%9B%E6%8E%92/data=!4m7!3m6!1s0x346e768a83c02db5:0xd65b7a06656420d4!8m2!3d23.00391!4d120.190386!16s%2Fg%2F1pzxnsxsf!19sChIJtS3Ag4p2bjQR1CBkZQZ6W9Y?authuser=0&hl=zh-TW&rclk=1
武聖夜市,武聖夜市,700台南市中西區武聖路69巷,https://www.google.com/maps/place/%E6%AD%A6%E8%81%96%E5%A4%9C%E5%B8%82/data=!4m7!3m6!1s0x346e76427e24d273:0xc9d5491f9112950f!8m2!3d23.003458!4d120.1905098!16s%2Fg%2F1tg6sg5j!19sChIJc9IkfkJ2bjQRD5USkR9J1ck?authuser=0&hl=zh-TW&rclk=1
武聖夜市,小福氣牛排,700台南市中西區光賢街,https://www.google.com/maps/place/%E5%B0%8F%E7%A6%8F%E6%B0%A3%E7%89%9B%E6%8E%92/data=!4m7!3m6!1s0x346e7642888aee25:0x91fa4f269d3dedfa!8m2!3d23.0047871!4d120.1908431!16s%2Fg%2F11tnhfmr92!19sChIJJe6KiEJ2bjQR-u09nSZP-pE?authuser=0&hl=zh-TW&rclk=1
武聖夜市,林家豆乳雞,700台南市中西區武聖路69巷42號,"https://www.google.com/maps/place/%E6%9E%97%E5%AE%B6%E8%B1%86%E4%B9%B3%E9%9B%9E/@23.0047745,120.1884121,17z/data=!3m1!4b1!4m6!3m5!1s0x346e7722f09f02c3:0x2e360c0e57381474!8m2!3d23.0047745!4d120.190987!16s%2Fg%2F11t_zky1rk?entry=ttu&g_ep=EgoyMDI1MDQyMy4wIKXMDSoASAFQAw%3D%3D"
武聖夜市,武聖夜市 全壘打牛排,700台南市中西區武聖路69巷40弄24號,https://www.google.com/maps/place/%E6%AD%A6%E8%81%96%E5%A4%9C%E5%B8%82+%E5%85%A8%E5%A3%98%E6%89%93%E7%89%9B%E6%8E%92/data=!4m7!3m6!1s0x346e7713e4c1be97:0x535c03d34e871ce5!8m2!3d23.0048772!4d120.1910444!16s%2Fg%2F11y6j87bv9!19sChIJl77B5BN3bjQR5RyHTtMDXFM?authuser=0&hl=zh-TW&rclk=1
武聖夜市,全壘打牛排武聖店,704台南市北區武聖路130號,https://www.google.com/maps/place/%E5%85%A8%E5%A3%98%E6%89%93%E7%89%9B%E6%8E%92%E6%AD%A6%E8%81%96%E5%BA%97/data=!4m7!3m6!1s0x346e778e4eb618ab:0x102398f75bad15a1!8m2!3d23.0064779!4d120.1904458!16s%2Fg%2F11gzbbxthf!19sChIJqxi2To53bjQRoRWtW_eYIxA?authuser=0&hl=zh-TW&rclk=1
武聖夜市,阿誠牛肉湯,700台南市中西區武聖路69巷40弄4號,"https://www.google.com/maps/place/%E9%98%BF%E8%AA%A0%E7%89%9B%E8%82%89%E6%B9%AF/@23.004774,120.1885957,17z/data=!3m1!4b1!4m6!3m5!1s0x346e7643aaaaaaab:0xcdf45ab91cf7bd63!8m2!3d23.004774!4d120.1911706!16s%2Fg%2F12hk7zmzf?entry=ttu&g_ep=EgoyMDI1MDQyMy4wIKXMDSoASAFQAw%3D%3D"
武聖夜市,洋金菸酒,700台南市中西區武聖路69巷40弄12號,https://www.google.com/maps/place/%E6%B4%8B%E9%87%91%E8%8F%B8%E9%85%92/data=!4m7!3m6!1s0x346e77fd517e5e49:0x19d51bf34caf81f0!8m2!3d23.0047758!4d120.1910328!16s%2Fg%2F11w37bh806!19sChIJSV5-Uf13bjQR8IGvTPMb1Rk?authuser=0&hl=zh-TW&rclk=1
武聖夜市,無敵banana,700台南市中西區武聖路69巷42號,https://www.google.com/maps/place/%E7%84%A1%E6%95%B5banana/data=!4m7!3m6!1s0x346e77774e23edcd:0xc0171225402a341c!8m2!3d23.0038867!4d120.1906493!16s%2Fg%2F11sth_q15l!19sChIJze0jTnd3bjQRHDQqQCUSF8A?authuser=0&hl=zh-TW&rclk=1
武聖夜市,武聖夜市 古早味 麵煎嗲 30年老店,700台南市中西區武聖路69巷40號,https://www.google.com/maps/place/%E6%AD%A6%E8%81%96%E5%A4%9C%E5%B8%82+%E5%8F%A4%E6%97%A9%E5%91%B3+%E9%BA%B5%E7%85%8E%E5%97%B2+30%E5%B9%B4%E8%80%81%E5%BA%97/data=!4m7!3m6!1s0x346e77e0917038a3:0x82629df12af3de52!8m2!3d23.0044961!4d120.1905668!16s%2Fg%2F11vx4gzfn_!19sChIJozhwkeB3bjQRUt7zKvGdYoI?authuser=0&hl=zh-TW&rclk=1
武聖夜市,大眾洋行 菸酒專賣店,700台南市中西區武聖路265號,https://www.google.com/maps/place/%E5%A4%A7%E7%9C%BE%E6%B4%8B%E8%A1%8C+%E8%8F%B8%E9%85%92%E5%B0%88%E8%B3%A3%E5%BA%97/data=!4m7!3m6!1s0x346e7643d4ca74a3:0xcb1761def7934e2e!8m2!3d23.0072255!4d120.1880536!16s%2Fg%2F11hcz1kbhy!19sChIJo3TK1EN2bjQRLk6T995hF8s?authuser=0&hl=zh-TW&rclk=1
武聖夜市,臥花sake bar（店內公告請見IG),700台南市中西區西門路二段242-1號,https://www.google.com/maps/place/%E8%87%A5%E8%8A%B1sake+bar%EF%BC%88%E5%BA%97%E5%85%A7%E5%85%AC%E5%91%8A%E8%AB%8B%E8%A6%8BIG%29/data=!4m7!3m6!1s0x346e773e4cf5c865:0x7cab813d6c3613af!8m2!3d22.9954552!4d120.1996022!16s%2Fg%2F11vplm98_m!19sChIJZcj1TD53bjQRrxM2bD2Bq3w?authuser=0&hl=zh-TW&rclk=1
武聖夜市,螺王黃金雲吞,700台南市中西區,https://www.google.com/maps/place/%E8%9E%BA%E7%8E%8B%E9%BB%83%E9%87%91%E9%9B%B2%E5%90%9E/data=!4m7!3m6!1s0x346e777a0e19485f:0x2050a9b86fc7cbc9!8m2!3d23.0037238!4d120.1905598!16s%2Fg%2F11kk70gk_g!19sChIJX0gZDnp3bjQRycvHb7ipUCA?authuser=0&hl=zh-TW&rclk=1
武聖夜市,金桔先生,704台南市北區武聖路166號,https://www.google.com/maps/place/%E9%87%91%E6%A1%94%E5%85%88%E7%94%9F/data=!4m7!3m6!1s0x346e77c182f428cf:0x6bdc681644c07a9a!8m2!3d23.0068556!4d120.189568!16s%2Fg%2F11h7v0zxbl!19sChIJzyj0gsF3bjQRmnrARBZo3Gs?authuser=0&hl=zh-TW&rclk=1
武聖夜市,臭YO薯（臭薯條）,700台南市中西區武聖夜市,"https://www.google.com/maps/place/%E8%87%ADYO%E8%96%AF%EF%BC%88%E8%87%AD%E8%96%AF%E6%A2%9D%EF%BC%89/@23.0039771,120.1875705,17z/data=!3m1!4b1!4m6!3m5!1s0x346e77e4a72be409:0x40d223401ec1c02!8m2!3d23.0039771!4d120.1901454!16s%2Fg%2F11tnwmjmtm?entry=ttu&g_ep=EgoyMDI1MDQyMy4wIKXMDSoASAFQAw%3D%3D"
武聖夜市,168老潼關肉夾饃,700台南市中西區武聖夜市號,"https://www.google.com/maps/place/168%E8%80%81%E6%BD%BC%E9%97%9C%E8%82%89%E5%A4%BE%E9%A5%83/@23.0039957,120.187663,17z/data=!3m1!4b1!4m6!3m5!1s0x346e777b85a2aa09:0xbb86287bfb3960ad!8m2!3d23.0039957!4d120.1902379!16s%2Fg%2F11st1ztbgk?entry=ttu&g_ep=EgoyMDI1MDQyMy4wIKXMDSoASAFQAw%3D%3D"
武聖夜市,無敵袋奶,700台南市中西區,"https://www.google.com/maps/place/%E7%84%A1%E6%95%B5%E8%A2%8B%E5%A5%B6/@23.0040586,120.1877381,17z/data=!3m1!4b1!4m6!3m5!1s0x346e771d00df1e8f:0x2e6d9c4745a1abcf!8m2!3d23.0040586!4d120.190313!16s%2Fg%2F11kk7d15k1?entry=ttu&g_ep=EgoyMDI1MDQyMy4wIKXMDSoASAFQAw%3D%3D"
武聖夜市,碳烤雄大香雞排,700台南市中西區武聖夜市號,"https://www.google.com/maps/place/%E7%A2%B3%E7%83%A4%E9%9B%84%E5%A4%A7%E9%A6%99%E9%9B%9E%E6%8E%92/@23.0039373,120.1876828,17z/data=!3m1!4b1!4m6!3m5!1s0x346e77e57df230e7:0x3a457155fdb4d464!8m2!3d23.0039373!4d120.1902577!16s%2Fg%2F11kk7d85lp?entry=ttu&g_ep=EgoyMDI1MDQyMy4wIKXMDSoASAFQAw%3D%3D"
武聖夜市,喵你一拳甘草芭樂,700台南市中西區武聖路69巷,"https://www.google.com/maps/place/%E5%96%B5%E4%BD%A0%E4%B8%80%E6%8B%B3%E7%94%98%E8%8D%89%E8%8A%AD%E6%A8%82/@23.0038824,120.1878441,17z/data=!3m1!4b1!4m6!3m5!1s0x346e77002ed3d7cb:0xee8fe7dfee197674!8m2!3d23.0038824!4d120.190419!16s%2Fg%2F11lp01l2b6?entry=ttu&g_ep=EgoyMDI1MDQyMy4wIKXMDSoASAFQAw%3D%3D"
武聖夜市,施子韓國烤肉,700台南市中西區武聖路69巷42號9號6排,"https://www.google.com/maps/place/%E6%96%BD%E5%AD%90%E9%9F%93%E5%9C%8B%E7%83%A4%E8%82%89/@23.0040333,120.1880291,17z/data=!3m1!4b1!4m6!3m5!1s0x346e77b26e68dc7b:0x138921c8ef9a3a23!8m2!3d23.0040333!4d120.190604!16s%2Fg%2F11sth_s5pw?entry=ttu&g_ep=EgoyMDI1MDQyMy4wIKXMDSoASAFQAw%3D%3D"
武聖夜市,霞蜜罐罐烤奶,700台南市中西區武聖路69巷武（武聖夜市5排41格,"https://www.google.com/maps/place/%E9%9C%9E%E8%9C%9C%E7%BD%90%E7%BD%90%E7%83%A4%E5%A5%B6/@23.0039975,120.1880664,17z/data=!3m1!4b1!4m6!3m5!1s0x346e7742db01838b:0x81a2536e1d798710!8m2!3d23.0039975!4d120.1906413!16s%2Fg%2F11lyjb2lm3?entry=ttu&g_ep=EgoyMDI1MDQyMy4wIKXMDSoASAFQAw%3D%3D"
武聖夜市,陳家阿嬤拔絲地瓜—高雄&台南,700台南市中西區武聖路69巷,https://www.google.com/maps/place/%E9%99%B3%E5%AE%B6%E9%98%BF%E5%AC%A4%E6%8B%94%E7%B5%B2%E5%9C%B0%E7%93%9C%E2%80%94%E9%AB%98%E9%9B%84%26%E5%8F%B0%E5%8D%97/data=!4m7!3m6!1s0x346e77405713f0e5:0x17973ddc53691265!8m2!3d23.0041231!4d120.1910603!16s%2Fg%2F11syswj2z4!19sChIJ5fATV0B3bjQRZRJpU9w9lxc?authuser=0&hl=zh-TW&rclk=1
武聖夜市,黃記辣脆腸,700台南市中西區武聖夜市,"https://www.google.com/maps/place/%E9%BB%83%E8%A8%98%E8%BE%A3%E8%84%86%E8%85%B8/@23.0038765,120.1874762,17z/data=!3m1!4b1!4m6!3m5!1s0x346e7721d7ed5cfb:0x58075fe6233831f8!8m2!3d23.0038765!4d120.1900511!16s%2Fg%2F11sv7c3g3h?entry=ttu&g_ep=EgoyMDI1MDQyMy4wIKXMDSoASAFQAw%3D%3D"
武聖夜市,蔬菜園辣脆腸,700台南市中西區武聖路69巷101號,"https://www.google.com/maps/place/%E8%94%AC%E8%8F%9C%E5%9C%92%E8%BE%A3%E8%84%86%E8%85%B8/@23.0038719,120.187667,17z/data=!3m1!4b1!4m6!3m5!1s0x346e77a452f6ec39:0x7f1d4fd7b034f159!8m2!3d23.0038719!4d120.1902419!16s%2Fg%2F11t_sydqrn?entry=ttu&g_ep=EgoyMDI1MDQyMy4wIKXMDSoASAFQAw%3D%3D"
武聖夜市,湖美孫師兄豆花,700台南市中西區,"https://www.google.com/maps/place/%E6%B9%96%E7%BE%8E%E5%AD%AB%E5%B8%AB%E5%85%84%E8%B1%86%E8%8A%B1/@23.0038019,120.1877079,17z/data=!3m1!4b1!4m6!3m5!1s0x346e776ada387143:0x831bf43dcf30102a!8m2!3d23.0038019!4d120.1902828!16s%2Fg%2F11kk6_whmq?entry=ttu&g_ep=EgoyMDI1MDQyMy4wIKXMDSoASAFQAw%3D%3D"
武聖夜市,速立邁沙威瑪,700台南市中西區武聖路69巷101號,"https://www.google.com/maps/place/%E9%80%9F%E7%AB%8B%E9%82%81%E6%B2%99%E5%A8%81%E7%91%AA/@23.0038466,120.1877391,17z/data=!3m1!4b1!4m6!3m5!1s0x346e7669d1820ab9:0xfb18bd71171cb6f8!8m2!3d23.0038466!4d120.190314!16s%2Fg%2F11g6typx37?entry=ttu&g_ep=EgoyMDI1MDQyMy4wIKXMDSoASAFQAw%3D%3D"
武聖夜市,麻糬-武聖店,700台南市中西區和善街98巷221號,"https://www.google.com/maps/place/%E9%BA%BB%E7%B3%AC-%E6%AD%A6%E8%81%96%E5%BA%97/@23.0037438,120.1876727,17z/data=!3m1!4b1!4m6!3m5!1s0x346e77b1e4ee08bf:0x3baee868ecf70dfb!8m2!3d23.0037438!4d120.1902476!16s%2Fg%2F11v0jtdnxk?entry=ttu&g_ep=EgoyMDI1MDQyMy4wIKXMDSoASAFQAw%3D%3D"
武聖夜市,飲啦 Yin La,700台南市中西區武聖路69巷,"https://www.google.com/maps/place/%E9%A3%B2%E5%95%A6+Yin+La/@23.0037285,120.1878571,17z/data=!3m1!4b1!4m6!3m5!1s0x346e771b48f0c11f:0xd14ea43ed624cdd8!8m2!3d23.0037285!4d120.190432!16s%2Fg%2F11x5q_dv47?entry=ttu&g_ep=EgoyMDI1MDQyMy4wIKXMDSoASAFQAw%3D%3D"
武聖夜市,阿河豆乳雞豆乳翅,700台南市中西區,"https://www.google.com/maps/place/%E9%98%BF%E6%B2%B3%E8%B1%86%E4%B9%B3%E9%9B%9E%E8%B1%86%E4%B9%B3%E7%BF%85/@23.0045416,120.1879715,17z/data=!3m1!4b1!4m6!3m5!1s0x346e77fbe739a3fd:0xcc7f4b298ce086ab!8m2!3d23.0045416!4d120.1905464!16s%2Fg%2F11l6sj8dmp?entry=ttu&g_ep=EgoyMDI1MDQyMy4wIKXMDSoASAFQAw%3D%3D"
武聖夜市,函館日式丼飯-台南武聖夜市店,700台南市中西區武聖路號號,"https://www.google.com/maps/place/%E5%87%BD%E9%A4%A8%E6%97%A5%E5%BC%8F%E4%B8%BC%E9%A3%AF-%E5%8F%B0%E5%8D%97%E6%AD%A6%E8%81%96%E5%A4%9C%E5%B8%82%E5%BA%97/@23.0044706,120.1879024,17z/data=!3m1!4b1!4m6!3m5!1s0x346e77a7d61725c5:0xbb5850fffe98a9f1!8m2!3d23.0044706!4d120.1904773!16s%2Fg%2F11l5shkc40?entry=ttu&g_ep=EgoyMDI1MDQyMy4wIKXMDSoASAFQAw%3D%3D"
武聖夜市,326臭臭鍋,700台南市中西區武聖路號號,"https://www.google.com/maps/place/326%E8%87%AD%E8%87%AD%E9%8D%8B/@23.0044129,120.1878139,17z/data=!3m1!4b1!4m6!3m5!1s0x346e7721b40241a9:0x8e01ec0357fe05b2!8m2!3d23.0044129!4d120.1903888!16s%2Fg%2F11stpkqj87?entry=ttu&g_ep=EgoyMDI1MDQyMy4wIKXMDSoASAFQAw%3D%3D"
武聖夜市,土耳其手工烙餅雞肉捲,700台南市中西區武聖路號號,"https://www.google.com/maps/place/%E5%9C%9F%E8%80%B3%E5%85%B6%E6%89%8B%E5%B7%A5%E7%83%99%E9%A4%85%E9%9B%9E%E8%82%89%E6%8D%B2/@23.0043836,120.1879091,17z/data=!3m1!4b1!4m6!3m5!1s0x346e77f791de0263:0x5b8d67666dd938e7!8m2!3d23.0043836!4d120.190484!16s%2Fg%2F11l6sjx3rm?entry=ttu&g_ep=EgoyMDI1MDQyMy4wIKXMDSoASAFQAw%3D%3D"
武聖夜市,小飛新疆烤肉串,700台南市中西區武聖路號號,"https://www.google.com/maps/place/%E5%B0%8F%E9%A3%9B%E6%96%B0%E7%96%86%E7%83%A4%E8%82%89%E4%B8%B2/@23.0044728,120.1879383,17z/data=!3m1!4b1!4m6!3m5!1s0x346e770035eafcad:0x6f931e5dfcbe4e3b!8m2!3d23.0044728!4d120.1905132!16s%2Fg%2F11y2fy864y?entry=ttu&g_ep=EgoyMDI1MDQyMy4wIKXMDSoASAFQAw%3D%3D"
武聖夜市,吉哆啦銅鑼燒,700台南市中西區武聖路號號,"https://www.google.com/maps/place/%E5%90%89%E5%93%86%E5%95%A6%E9%8A%85%E9%91%BC%E7%87%92/@23.0044518,120.1879812,17z/data=!3m1!4b1!4m6!3m5!1s0x346e77cbdd7d9e1d:0x468a0e512e0e7f7e!8m2!3d23.0044518!4d120.1905561!16s%2Fg%2F11vbf54b8m?entry=ttu&g_ep=EgoyMDI1MDQyMy4wIKXMDSoASAFQAw%3D%3D"
武聖夜市,35年老店現煎小鳥蛋（小北.武聖.永華）,700台南市中西區武聖路號號,https://www.google.com/maps/place/35%E5%B9%B4%E8%80%81%E5%BA%97%E7%8F%BE%E7%85%8E%E5%B0%8F%E9%B3%A5%E8%9B%8B%EF%BC%88%E5%B0%8F%E5%8C%97.%E6%AD%A6%E8%81%96.%E6%B0%B8%E8%8F%AF%EF%BC%89/data=!4m7!3m6!1s0x346e77003a5eedd9:0x9aa6f96177a9370f!8m2!3d23.0043879!4d120.1905303!16s%2Fg%2F11v_8k5pnt!19sChIJ2e1eOgB3bjQRDzepd2H5ppo?authuser=0&hl=zh-TW&rclk=1
武聖夜市,2486辣脆腸,700台南市中西區武聖路69巷,https://www.google.com/maps/place/2486%E8%BE%A3%E8%84%86%E8%85%B8/data=!4m7!3m6!1s0x346e77d091517bc3:0x1ee4cd635c0ce6dc!8m2!3d23.004312!4d120.1907975!16s%2Fg%2F11sthzp4xp!19sChIJw3tRkdB3bjQR3OYMXGPN5B4?authuser=0&hl=zh-TW&rclk=1
武聖夜市,2486辣脆腸,700台南市中西區國華街二段,https://www.google.com/maps/place/2486%E8%BE%A3%E8%84%86%E8%85%B8/data=!4m7!3m6!1s0x346e779c1ec0ccb1:0x69e0e1ab66f9f29f!8m2!3d22.991515!4d120.1970651!16s%2Fg%2F11tdmnbn7l!19sChIJsczAHpx3bjQRn_L5Zqvh4Gk?authuser=0&hl=zh-TW&rclk=1
武聖夜市,京典酵素臭豆腐武聖店,700台南市中西區武聖路號號,https://www.google.com/maps/place/%E4%BA%AC%E5%85%B8%E9%85%B5%E7%B4%A0%E8%87%AD%E8%B1%86%E8%85%90%E6%AD%A6%E8%81%96%E5%BA%97/data=!4m7!3m6!1s0x346e77000061a159:0x7fd1b61492c921c0!8m2!3d23.0043349!4d120.1903193!16s%2Fg%2F11vk4z2zyd!19sChIJWaFhAAB3bjQRwCHJkhS20X8?authuser=0&hl=zh-TW&rclk=1
武聖夜市,三輪車大腸香腸,"No. 35, 光賢街中西區台南市700","https://www.google.com/maps/place/%E4%B8%89%E8%BC%AA%E8%BB%8A%E5%A4%A7%E8%85%B8%E9%A6%99%E8%85%B8/@23.0042416,120.1876815,17z/data=!3m1!4b1!4m6!3m5!1s0x346e77005fa4138b:0x81f21b1cae37a231!8m2!3d23.0042416!4d120.1902564!16s%2Fg%2F11y295n467?entry=ttu&g_ep=EgoyMDI1MDQyMy4wIKXMDSoASAFQAw%3D%3D"
武聖夜市,施記麻辣豆腐麻辣鴨血,700台南市中西區武聖路號號,"https://www.google.com/maps/place/%E6%96%BD%E8%A8%98%E9%BA%BB%E8%BE%A3%E8%B1%86%E8%85%90%E9%BA%BB%E8%BE%A3%E9%B4%A8%E8%A1%80/@23.0042734,120.1880114,17z/data=!3m1!4b1!4m6!3m5!1s0x346e774caf7cfeaf:0xa2593d5c9252c654!8m2!3d23.0042734!4d120.1905863!16s%2Fg%2F11t_sy4p77?entry=ttu&g_ep=EgoyMDI1MDQyMy4wIKXMDSoASAFQAw%3D%3D"
武聖夜市,旺旺涼拌滷味（武聖夜市）,700台南市中西區武聖路號,"https://www.google.com/maps/place/%E6%97%BA%E6%97%BA%E6%B6%BC%E6%8B%8C%E6%BB%B7%E5%91%B3%EF%BC%88%E6%AD%A6%E8%81%96%E5%A4%9C%E5%B8%82%EF%BC%89/@23.004236,120.1879578,17z/data=!3m1!4b1!4m6!3m5!1s0x346e77acf50ae2d1:0xd7e6f7fdd3885dac!8m2!3d23.004236!4d120.1905327!16s%2Fg%2F11tdcn7lqn?entry=ttu&g_ep=EgoyMDI1MDQyMy4wIKXMDSoASAFQAw%3D%3D"
武聖夜市,三兄弟沙茶蟹肉蒜味蟹腳,700台南市中西區,"https://www.google.com/maps/place/%E4%B8%89%E5%85%84%E5%BC%9F%E6%B2%99%E8%8C%B6%E8%9F%B9%E8%82%89%E8%92%9C%E5%91%B3%E8%9F%B9%E8%85%B3/@23.0042058,120.1879815,17z/data=!3m1!4b1!4m6!3m5!1s0x346e76427fbc557f:0xcaae4b97f6dec523!8m2!3d23.0042058!4d120.1905564!16s%2Fg%2F11f5gv492b?entry=ttu&g_ep=EgoyMDI1MDQyMy4wIKXMDSoASAFQAw%3D%3D"
武聖夜市,伊豆站,700台南市中西區武聖路69巷42號,"https://www.google.com/maps/place/%E4%BC%8A%E8%B1%86%E7%AB%99/@23.0041531,120.1879631,17z/data=!3m1!4b1!4m6!3m5!1s0x346e779b9c7892ad:0x8b2aadfab3fafe31!8m2!3d23.0041531!4d120.190538!16s%2Fg%2F11s7tps8_k?entry=ttu&g_ep=EgoyMDI1MDQyMy4wIKXMDSoASAFQAw%3D%3D"
武聖夜市,阿堯師雞蛋糕(武聖夜市),700台南市中西區武聖夜市號,"https://www.google.com/maps/place/%E9%98%BF%E5%A0%AF%E5%B8%AB%E9%9B%9E%E8%9B%8B%E7%B3%95(%E6%AD%A6%E8%81%96%E5%A4%9C%E5%B8%82)/@23.0039806,120.1877592,17z/data=!3m1!4b1!4m6!3m5!1s0x346e7669d42b0f3f:0x7d0ae494324e2d2c!8m2!3d23.0039806!4d120.1903341!16s%2Fg%2F11f3b00xs0?entry=ttu&g_ep=EgoyMDI1MDQyMy4wIKXMDSoASAFQAw%3D%3D"
武聖夜市,五番茶,704台南市北區北成路186巷4弄1號,"https://www.google.com/maps/place/%E4%BA%94%E7%95%AA%E8%8C%B6/@23.0040376,120.1878833,17z/data=!3m1!4b1!4m6!3m5!1s0x346e7736fdd1afef:0x84c823bb9bdc27ac!8m2!3d23.0040376!4d120.1904582!16s%2Fg%2F11sv7cj3xs?entry=ttu&g_ep=EgoyMDI1MDQyMy4wIKXMDSoASAFQAw%3D%3D"
武聖夜市,台南美食武聖夜市 煎哥 蚵仔煎,700台南市中西區武聖路69巷6-11號,"https://www.google.com/maps/place/%E5%8F%B0%E5%8D%97%E7%BE%8E%E9%A3%9F%E6%AD%A6%E8%81%96%E5%A4%9C%E5%B8%82+%E7%85%8E%E5%93%A5+%E8%9A%B5%E4%BB%94%E7%85%8E/@23.0040719,120.1879708,17z/data=!3m1!4b1!4m6!3m5!1s0x346e775b27ded21d:0x86febabd535841d6!8m2!3d23.0040719!4d120.1905457!16s%2Fg%2F11sszc62x6?entry=ttu&g_ep=EgoyMDI1MDQyMy4wIKXMDSoASAFQAw%3D%3D"
武聖夜市,武聖夜市周爸爸雞蛋糕,700台南市中西區,"https://www.google.com/maps/place/%E6%AD%A6%E8%81%96%E5%A4%9C%E5%B8%82%E5%91%A8%E7%88%B8%E7%88%B8%E9%9B%9E%E8%9B%8B%E7%B3%95/@23.0036932,120.1880416,17z/data=!3m1!4b1!4m6!3m5!1s0x346e7669d346c699:0x7aef3a3e7b9123a!8m2!3d23.0036932!4d120.1906165!16s%2Fg%2F11ggbld68g?entry=ttu&g_ep=EgoyMDI1MDQyMy4wIKXMDSoASAFQAw%3D%3D"
武聖夜市,Q哥地瓜球,700台南市中西區武聖路69巷109號,"https://www.google.com/maps/place/Q%E5%93%A5%E5%9C%B0%E7%93%9C%E7%90%83/@23.0034068,120.1879128,17z/data=!3m1!4b1!4m6!3m5!1s0x346e77005f27c587:0x76b4084692d1a82d!8m2!3d23.0034068!4d120.1904877!16s%2Fg%2F11vwgybm76?entry=ttu&g_ep=EgoyMDI1MDQyMy4wIKXMDSoASAFQAw%3D%3D"
武聖夜市,魷皇駕到（武聖夜市）,700台南市中西區和善街98巷221號,"https://www.google.com/maps/place/%E9%AD%B7%E7%9A%87%E9%A7%95%E5%88%B0%EF%BC%88%E6%AD%A6%E8%81%96%E5%A4%9C%E5%B8%82%EF%BC%89/@23.0034226,120.1875266,17z/data=!3m1!4b1!4m6!3m5!1s0x346e7700191c9ab7:0xe0bfc7879d5c7cc2!8m2!3d23.0034226!4d120.1901015!16s%2Fg%2F11y2fx26_5?entry=ttu&g_ep=EgoyMDI1MDQyMy4wIKXMDSoASAFQAw%3D%3D"
武聖夜市,日野章魚燒,700台南市中西區和善街98巷221號,"https://www.google.com/maps/place/%E6%97%A5%E9%87%8E%E7%AB%A0%E9%AD%9A%E7%87%92/@23.0036158,120.1876804,17z/data=!3m1!4b1!4m6!3m5!1s0x346e773a9a7b9733:0xebe1e54e8a88b204!8m2!3d23.0036158!4d120.1902553!16s%2Fg%2F11stszjl9b?entry=ttu&g_ep=EgoyMDI1MDQyMy4wIKXMDSoASAFQAw%3D%3D"
武聖夜市,阿發臭豆腐,700台南市中西區和善街98巷221號,"https://www.google.com/maps/place/%E9%98%BF%E7%99%BC%E8%87%AD%E8%B1%86%E8%85%90/@23.0036479,120.1875426,17z/data=!3m1!4b1!4m6!3m5!1s0x346e772abd152aff:0x24dcd7df7e031ce3!8m2!3d23.0036479!4d120.1901175!16s%2Fg%2F11sf0l7ykf?entry=ttu&g_ep=EgoyMDI1MDQyMy4wIKXMDSoASAFQAw%3D%3D"
武聖夜市,謝 - 旗魚黑輪（台南武聖夜市）,700台南市中西區武聖路69巷42號台南武聖夜市第三排機車停車場,"https://www.google.com/maps/place/%E8%AC%9D+-+%E6%97%97%E9%AD%9A%E9%BB%91%E8%BC%AA%EF%BC%88%E5%8F%B0%E5%8D%97%E6%AD%A6%E8%81%96%E5%A4%9C%E5%B8%82%EF%BC%89/@23.0036784,120.1872241,17z/data=!3m1!4b1!4m6!3m5!1s0x346e778ee1de3f89:0xfc9b44c4f3ceb03e!8m2!3d23.0036784!4d120.189799!16s%2Fg%2F11g1nrnzxg?entry=ttu&g_ep=EgoyMDI1MDQyMy4wIKXMDSoASAFQAw%3D%3D"
武聖夜市,南京冰糖醬鴨,700台南市中西區光賢街35號,"https://www.google.com/maps/place/%E5%8D%97%E4%BA%AC%E5%86%B0%E7%B3%96%E9%86%AC%E9%B4%A8/@23.0041163,120.1875514,17z/data=!3m1!4b1!4m6!3m5!1s0x346e7785604b7881:0xb2cee948e70f7d53!8m2!3d23.0041163!4d120.1901263!16s%2Fg%2F11kk7dfvnm?entry=ttu&g_ep=EgoyMDI1MDQyMy4wIKXMDSoASAFQAw%3D%3D"
武聖夜市,蕃薯潘地瓜球-總店,700台南市中西區武聖路69巷42號,"https://www.google.com/maps/place/%E8%95%83%E8%96%AF%E6%BD%98%E5%9C%B0%E7%93%9C%E7%90%83-%E7%B8%BD%E5%BA%97/@23.0046413,120.1885082,17z/data=!3m1!4b1!4m6!3m5!1s0x346e77713a8efb65:0x9469b1e7db385442!8m2!3d23.0046413!4d120.1910831!16s%2Fg%2F11t_zl184f?entry=ttu&g_ep=EgoyMDI1MDQyMy4wIKXMDSoASAFQAw%3D%3D"
武聖夜市,王滷味,700台南市中西區武聖路69巷42號,"https://www.google.com/maps/place/%E7%8E%8B%E6%BB%B7%E5%91%B3/@23.0046765,120.1884469,17z/data=!3m1!4b1!4m6!3m5!1s0x346e77c98b55c76b:0xe77bd8bd7ddf2c55!8m2!3d23.0046765!4d120.1910218!16s%2Fg%2F11kpdxsgvs?entry=ttu&g_ep=EgoyMDI1MDQyMy4wIKXMDSoASAFQAw%3D%3D"
武聖夜市,餚饌廣式腸粉,700台南市中西區武聖路69巷靠近馬路第一排,https://www.google.com/maps/place/%E9%A4%9A%E9%A5%8C%E5%BB%A3%E5%BC%8F%E8%85%B8%E7%B2%89/data=!4m7!3m6!1s0x346e77c7262bdd15:0x4841c3a6f5b5127f!8m2!3d23.0043791!4d120.1910455!16s%2Fg%2F11x0y9mcd6!19sChIJFd0rJsd3bjQRfxK19abDQUg?authuser=0&hl=zh-TW&rclk=1
武聖夜市,茶の魔手-台南武聖店,700台南市中西區武聖路69巷41號,https://www.google.com/maps/place/%E8%8C%B6%E3%81%AE%E9%AD%94%E6%89%8B-%E5%8F%B0%E5%8D%97%E6%AD%A6%E8%81%96%E5%BA%97/data=!4m7!3m6!1s0x346e76429ab959a9:0xd15a1d38445f58ef!8m2!3d23.0046357!4d120.1913108!16s%2Fg%2F11g68zdn3k!19sChIJqVm5mkJ2bjQR71hfRDgdWtE?authuser=0&hl=zh-TW&rclk=1
武聖夜市,茶之魔手 - 武聖二店,704台南市北區武聖路116號,https://www.google.com/maps/place/%E8%8C%B6%E4%B9%8B%E9%AD%94%E6%89%8B+-+%E6%AD%A6%E8%81%96%E4%BA%8C%E5%BA%97/data=!4m7!3m6!1s0x346e76432d6d76b3:0x6106585ae9fa27a1!8m2!3d23.0063197!4d120.1907797!16s%2Fg%2F11g68wxmv6!19sChIJs3ZtLUN2bjQRoSf66VpYBmE?authuser=0&hl=zh-TW&rclk=1
武聖夜市,金村 香噴三角骨 爆炸大魷魚 武聖店,700台南市中西區武聖路69巷71號,"https://www.google.com/maps/place/%E9%87%91%E6%9D%91+%E9%A6%99%E5%99%B4%E4%B8%89%E8%A7%92%E9%AA%A8+%E7%88%86%E7%82%B8%E5%A4%A7%E9%AD%B7%E9%AD%9A+%E6%AD%A6%E8%81%96%E5%BA%97/@23.0041711,120.1884959,17z/data=!3m1!4b1!4m6!3m5!1s0x346e77326a73e581:0x52d3649f9dba667!8m2!3d23.0041711!4d120.1910708!16s%2Fg%2F11sthzkwzg?entry=ttu&g_ep=EgoyMDI1MDQyMy4wIKXMDSoASAFQAw%3D%3D"
武聖夜市,味珍白糖粿武聖夜市分店,700台南市中西區武聖路69巷63號,"https://www.google.com/maps/place/%E5%91%B3%E7%8F%8D%E7%99%BD%E7%B3%96%E7%B2%BF%E6%AD%A6%E8%81%96%E5%A4%9C%E5%B8%82%E5%88%86%E5%BA%97/@23.0042838,120.1885947,17z/data=!3m1!4b1!4m6!3m5!1s0x346e778706f52ee7:0x5dc265a2f7646283!8m2!3d23.0042838!4d120.1911696!16s%2Fg%2F11vhty4c9z?entry=ttu&g_ep=EgoyMDI1MDQyMy4wIKXMDSoASAFQAw%3D%3D"
武聖夜市,阿美嬤紅茶奶-武聖店,700台南市中西區武聖路69巷,"https://www.google.com/maps/place/%E9%98%BF%E7%BE%8E%E5%AC%A4%E7%B4%85%E8%8C%B6%E5%A5%B6-%E6%AD%A6%E8%81%96%E5%BA%97/@23.0041231,120.1884854,17z/data=!3m1!4b1!4m6!3m5!1s0x346e772879d1adc3:0x1a5608e3cbd08f64!8m2!3d23.0041231!4d120.1910603!16s%2Fg%2F11sqk6fmvj?entry=ttu&g_ep=EgoyMDI1MDQyMy4wIKXMDSoASAFQAw%3D%3D"
武聖夜市,鏢漢燒烤宵夜食堂 （非酒吧）,700台南市中西區武聖路69巷33號,"https://www.google.com/maps/place/%E9%8F%A2%E6%BC%A2%E7%87%92%E7%83%A4%E5%AE%B5%E5%A4%9C%E9%A3%9F%E5%A0%82+%EF%BC%88%E9%9D%9E%E9%85%92%E5%90%A7%EF%BC%89/@23.004675,120.1889681,17z/data=!3m1!4b1!4m6!3m5!1s0x346e76f2f801c0ef:0x39be71c6ad8291e9!8m2!3d23.004675!4d120.191543!16s%2Fg%2F11f2_qgf8g?entry=ttu&g_ep=EgoyMDI1MDQyMy4wIKXMDSoASAFQAw%3D%3D"
武聖夜市,越周到台越美食,700台南市中西區武聖路69巷40弄34號,"https://www.google.com/maps/place/%E8%B6%8A%E5%91%A8%E5%88%B0%E5%8F%B0%E8%B6%8A%E7%BE%8E%E9%A3%9F/@23.0052106,120.1883161,17z/data=!3m1!4b1!4m6!3m5!1s0x346e77bb95e08185:0xb5f979e85838076a!8m2!3d23.0052106!4d120.190891!16s%2Fg%2F11vlyvfct0?entry=ttu&g_ep=EgoyMDI1MDQyMy4wIKXMDSoASAFQAw%3D%3D"
武聖夜市,糖心室串串糖葫蘆,701台南市中西區武聖路69巷40弄,"https://www.google.com/maps/place/%E7%B3%96%E5%BF%83%E5%AE%A4%E4%B8%B2%E4%B8%B2%E7%B3%96%E8%91%AB%E8%98%86/@23.0053741,120.1882983,17z/data=!3m1!4b1!4m6!3m5!1s0x346e774027d01c67:0xe535fdcc6250b837!8m2!3d23.0053741!4d120.1908732!16s%2Fg%2F11k4q7ptl0?entry=ttu&g_ep=EgoyMDI1MDQyMy4wIKXMDSoASAFQAw%3D%3D"
武聖夜市,鬍鬚生炒無骨鴨肉羹,700台南市中西區武聖路151巷49弄7號,https://www.google.com/maps/place/%E9%AC%8D%E9%AC%9A%E7%94%9F%E7%82%92%E7%84%A1%E9%AA%A8%E9%B4%A8%E8%82%89%E7%BE%B9/data=!4m7!3m6!1s0x346e774ab965f9bf:0x3fe2066c7fe9f195!8m2!3d23.0047166!4d120.1904733!16s%2Fg%2F11t_sjdnyz!19sChIJv_lluUp3bjQRlfHpf2wG4j8?authuser=0&hl=zh-TW&rclk=1
武聖夜市,(鬍鬚） 生炒無骨鴨肉羹,700台南市中西區武聖路69巷40弄,https://www.google.com/maps/place/%28%E9%AC%8D%E9%AC%9A%EF%BC%89+%E7%94%9F%E7%82%92%E7%84%A1%E9%AA%A8%E9%B4%A8%E8%82%89%E7%BE%B9/data=!4m7!3m6!1s0x346e7671c11d7563:0x76c6ecc05e67d4f1!8m2!3d23.0053741!4d120.1908731!16s%2Fg%2F11f_zc_q0b!19sChIJY3UdwXF2bjQR8dRnXsDsxnY?authuser=0&hl=zh-TW&rclk=1
武聖夜市,巧虎牛排,700台南市中西區光賢街63號,"https://www.google.com/maps/place/%E5%B7%A7%E8%99%8E%E7%89%9B%E6%8E%92/@23.0045848,120.1878477,17z/data=!3m1!4b1!4m6!3m5!1s0x346e77060ed6632d:0x4a8ef82a2c467e23!8m2!3d23.0045848!4d120.1904226!16s%2Fg%2F11tybmg_x7?entry=ttu&g_ep=EgoyMDI1MDQyMy4wIKXMDSoASAFQAw%3D%3D"
武聖夜市,濟陽堂正味烤肉刈包武聖店,700台南市中西區武聖路151巷49弄4099號,"https://www.google.com/maps/place/%E6%BF%9F%E9%99%BD%E5%A0%82%E6%AD%A3%E5%91%B3%E7%83%A4%E8%82%89%E5%88%88%E5%8C%85%E6%AD%A6%E8%81%96%E5%BA%97/@23.004624,120.1876764,17z/data=!3m1!4b1!4m6!3m5!1s0x346e7700598735ed:0xb7056d5309c279d7!8m2!3d23.004624!4d120.1902513!16s%2Fg%2F11vk4zbnpb?entry=ttu&g_ep=EgoyMDI1MDQyMy4wIKXMDSoASAFQAw%3D%3D"
武聖夜市,星之蝦滑 手打蝦滑,700台南市中西區武聖路69巷42號,"https://www.google.com/maps/place/%E6%98%9F%E4%B9%8B%E8%9D%A6%E6%BB%91+%E6%89%8B%E6%89%93%E8%9D%A6%E6%BB%91/@23.0042105,120.1878766,17z/data=!3m1!4b1!4m6!3m5!1s0x346e7700399d7691:0x720c1bc6dc515d68!8m2!3d23.0042105!4d120.1904515!16s%2Fg%2F11y36ks0jb?entry=ttu&g_ep=EgoyMDI1MDQyMy4wIKXMDSoASAFQAw%3D%3D"
