餐廳名稱,餐廳地址,餐廳連結
大東夜市,701台南市東區林森路一段276號,https://www.google.com/maps/place/%E5%A4%A7%E6%9D%B1%E5%A4%9C%E5%B8%82/data=!4m7!3m6!1s0x346e769b79d2493d:0xfafc2c8a0c68d96d!8m2!3d22.9826132!4d120.2193412!16s%2Fg%2F155s6l9j!19sChIJPUnSeZt2bjQRbdloDIos_Po?authuser=0&hl=zh-TW&rclk=1
大東夜市,701台南市東區,https://www.google.com/maps/place/%E5%A4%A7%E6%9D%B1%E5%A4%9C%E5%B8%82/data=!4m7!3m6!1s0x346e769b40a5d711:0x19925377a452524f!8m2!3d22.9835849!4d120.2178025!16s%2Fg%2F11b827t5qm!19sChIJEdelQJt2bjQRT1JSpHdTkhk?authuser=0&hl=zh-TW&rclk=1
原住民石板烤肉,701台南市東區,"https://www.google.com/maps/place/%E5%8E%9F%E4%BD%8F%E6%B0%91%E7%9F%B3%E6%9D%BF%E7%83%A4%E8%82%89/@22.9822261,120.216574,17z/data=!3m1!4b1!4m6!3m5!1s0x346e769b574196af:0xbe701c12d5c4f997!8m2!3d22.9822261!4d120.2191489!16s%2Fg%2F1pzwkxjln?entry=ttu&g_ep=EgoyMDI1MDQyMS4wIKXMDSoJLDEwMjExNDU1SAFQAw%3D%3D"
東洲黑糖奶舖,701台南市東區東寧路122號,https://www.google.com/maps/place/%E6%9D%B1%E6%B4%B2%E9%BB%91%E7%B3%96%E5%A5%B6%E8%88%96/data=!4m7!3m6!1s0x346e769159b91769:0x208d2042fdb12ac3!8m2!3d22.9916849!4d120.2219014!16s%2Fg%2F11b7dspp9x!19sChIJaRe5WZF2bjQRwyqx_UIgjSA?authuser=0&hl=zh-TW&rclk=1
東洲黑糖奶舖,701台南市東區林森路一段276號,https://www.google.com/maps/place/%E6%9D%B1%E6%B4%B2%E9%BB%91%E7%B3%96%E5%A5%B6%E8%88%96/data=!4m7!3m6!1s0x346e770016cc471d:0xdc184bd56563730e!8m2!3d22.9827537!4d120.2195213!16s%2Fg%2F11vs2c9z17!19sChIJHUfMFgB3bjQRDnNjZdVLGNw?authuser=0&hl=zh-TW&rclk=1
炫の日式舒芙蕾鬆餅專賣,701台南市東區林森路一段276號,"https://www.google.com/maps/place/%E7%82%AB%E3%81%AE%E6%97%A5%E5%BC%8F%E8%88%92%E8%8A%99%E8%95%BE%E9%AC%86%E9%A4%85%E5%B0%88%E8%B3%A3/@22.982421,120.2160459,17z/data=!3m1!4b1!4m6!3m5!1s0x346e776f09010e73:0xca391c731055a5b4!8m2!3d22.982421!4d120.2186208!16s%2Fg%2F11t830qvk5?entry=ttu&g_ep=EgoyMDI1MDQyMS4wIKXMDSoJLDEwMjExNDU1SAFQAw%3D%3D"
碳烤雄大香雞排,701台南市東區林森路一段276號,https://www.google.com/maps/place/%E7%A2%B3%E7%83%A4%E9%9B%84%E5%A4%A7%E9%A6%99%E9%9B%9E%E6%8E%92/data=!4m7!3m6!1s0x346e7751565f1abb:0xbfde111288ec2!8m2!3d22.9828512!4d120.2185329!16s%2Fg%2F11tn48d63m!19sChIJuxpfVlF3bjQRwo4oEeH9CwA?authuser=0&hl=zh-TW&rclk=1
陳大民麻辣鴨血（大東東夜市）,701台南市東區,"https://www.google.com/maps/place/%E9%99%B3%E5%A4%A7%E6%B0%91%E9%BA%BB%E8%BE%A3%E9%B4%A8%E8%A1%80(%E5%A4%A7%E6%9D%B1%E6%9D%B1%E5%A4%9C%E5%B8%82)/@22.982835,120.2161287,17z/data=!3m1!4b1!4m6!3m5!1s0x346e7744849bec4b:0xe45a1656a317a798!8m2!3d22.982835!4d120.2187036!16s%2Fg%2F11gw34x68g?entry=ttu&g_ep=EgoyMDI1MDQyMS4wIKXMDSoJLDEwMjExNDU1SAFQAw%3D%3D"
林桑Laksa麵,701台南市東區林森路一段701號,"https://www.google.com/maps/place/%E6%9E%97%E6%A1%91Laksa%E9%BA%B5/@22.9827851,120.2161437,17z/data=!3m1!4b1!4m6!3m5!1s0x346e769b76dedfa5:0x64b4068c552324a!8m2!3d22.9827851!4d120.2187186!16s%2Fg%2F11ddy9rf1r?entry=ttu&g_ep=EgoyMDI1MDQyMS4wIKXMDSoJLDEwMjExNDU1SAFQAw%3D%3D"
四川麻辣串串香,台南市東區,https://www.google.com/maps/place/%E5%9B%9B%E5%B7%9D%E9%BA%BB%E8%BE%A3%E4%B8%B2%E4%B8%B2%E9%A6%99/data=!4m7!3m6!1s0x346e769b701e8bcb:0xc2c2d42b5e4d8717!8m2!3d22.982821!4d120.218828!16s%2Fg%2F12hk8lsk3!19sChIJy4secJt2bjQRF4dNXivUwsI?authuser=0&hl=zh-TW&rclk=1
四川麻辣串串香-崇德店,701台南市東區崇德路376號,https://www.google.com/maps/place/%E5%9B%9B%E5%B7%9D%E9%BA%BB%E8%BE%A3%E4%B8%B2%E4%B8%B2%E9%A6%99-%E5%B4%87%E5%BE%B7%E5%BA%97/data=!4m7!3m6!1s0x346e769e245b99c5:0xd0c7172f00752ee2!8m2!3d22.975995!4d120.2244796!16s%2Fg%2F11c1s5n8vt!19sChIJxZlbJJ52bjQR4i51AC8Xx9A?authuser=0&hl=zh-TW&rclk=1
好吃樂蔥抓餅,701台南市東區林森路一段276號,https://www.google.com/maps/place/%E5%A5%BD%E5%90%83%E6%A8%82%E8%94%A5%E6%8A%93%E9%A4%85/data=!4m7!3m6!1s0x346e769b7035239f:0x7cb3a4fd2814b18c!8m2!3d22.982903!4d120.218897!16s%2Fg%2F11f6kdn66r!19sChIJnyM1cJt2bjQRjLEUKP2ks3w?authuser=0&hl=zh-TW&rclk=1
林桑鹽水雞油雞醉雞（台南大東店）,701台南市東區,"https://www.google.com/maps/place/%E6%9E%97%E6%A1%91%E9%B9%BD%E6%B0%B4%E9%9B%9E%E6%B2%B9%E9%9B%9E%E9%86%89%E9%9B%9E+(%E5%8F%B0%E5%8D%97%E5%A4%A7%E6%9D%B1%E5%BA%97)/@22.9828015,120.21637,17z/data=!3m1!4b1!4m6!3m5!1s0x346e7756dd5eac9f:0x7327885889a91954!8m2!3d22.9828015!4d120.2189449!16s%2Fg%2F11txfbtxl0?entry=ttu&g_ep=EgoyMDI1MDQyMS4wIKXMDSoJLDEwMjExNDU1SAFQAw%3D%3D"
Dizzy Bar 冰淇淋,701台南市東區林森路一段2號大東東夜市10排,"https://www.google.com/maps/place/Dizzy+Bar/@22.9828579,120.2164356,17z/data=!3m1!4b1!4m6!3m5!1s0x346e770c4b136f4b:0xda98a5d3863f77fd!8m2!3d22.9828579!4d120.2190105!16s%2Fg%2F11h_8v8mw0?entry=ttu&g_ep=EgoyMDI1MDQyMS4wIKXMDSoJLDEwMjExNDU1SAFQAw%3D%3D"
三師兄古早味滷味 大東東夜市,701台南市東區林森路一段,"https://www.google.com/maps/place/%E4%BA%8C%E5%B8%AB%E5%85%84%E5%8F%A4%E6%97%A9%E5%91%B3%E6%BB%B7%E5%91%B3-%E5%A4%A7%E6%9D%B1%E6%9D%B1%E5%A4%9C%E5%B8%82%EF%BC%88%E9%9B%96%E7%84%B6%E6%94%B9%E7%82%BA%E5%A4%A7%E6%9D%B1%E6%9D%B1%E5%A4%9C%E5%B8%82%E4%BD%86%E9%82%84%E6%98%AF%E4%BB%A5%E8%88%8A%E4%BD%8D%E7%BD%AE%E7%B9%BC%E7%BA%8C%E6%93%BA%E6%94%A4%EF%BC%89/@22.9829056,120.2164584,17z/data=!3m1!4b1!4m6!3m5!1s0x346e769ba326989f:0x58342f0b3c526f68!8m2!3d22.9829056!4d120.2190333!16s%2Fg%2F1tdpcyx3?entry=ttu&g_ep=EgoyMDI1MDQyMS4wIKXMDSoJLDEwMjExNDU1SAFQAw%3D%3D"
mini果 果汁牛奶專賣店,701台南市東區林森路一段316號,"https://www.google.com/maps/place/mini%E6%9E%9C+%E6%9E%9C%E6%B1%81%E7%89%9B%E5%A5%B6%E5%B0%88%E8%B3%A3%E5%BA%97/@22.9829751,120.2168454,17z/data=!3m1!4b1!4m6!3m5!1s0x346e7700446ebb9b:0xce66e257dab26b99!8m2!3d22.9829751!4d120.2194203!16s%2Fg%2F11ld2sv1ps?entry=ttu&g_ep=EgoyMDI1MDQyMS4wIKXMDSoJLDEwMjExNDU1SAFQAw%3D%3D"
膳品香酥排骨,701台南市東區林森路一段276號,https://www.google.com/maps/place/%E8%86%B3%E5%93%81%E9%A6%99%E9%85%A5%E6%8E%92%E9%AA%A8/data=!4m7!3m6!1s0x346e769b76e4e805:0xbcdca7352545fdc1!8m2!3d22.983003!4d120.2192638!16s%2Fg%2F11f3x9028r!19sChIJBejkdpt2bjQRwf1FJTWn3Lw?authuser=0&hl=zh-TW&rclk=1
德聖炭烤醬燒雞排,701台南市東區林森路一段701號,"https://www.google.com/maps/place/%E5%BE%B7%E8%81%96%E7%82%AD%E7%83%A4%E9%86%AC%E7%87%92%E9%9B%9E%E6%8E%92%EF%BC%88%E5%A4%A7%E6%9D%B1%E5%A4%9C%E5%B8%82%EF%BC%89/@22.9827768,120.2166825,17z/data=!3m1!4b1!4m6!3m5!1s0x346e776cbb7217ef:0x686a3e4658648752!8m2!3d22.9827768!4d120.2192574!16s%2Fg%2F11kqbmnvhw?entry=ttu&g_ep=EgoyMDI1MDQyMS4wIKXMDSoJLDEwMjExNDU1SAFQAw%3D%3D"
新曼谷泰式純檸檬涼拌青木瓜絲,701台南市東區,"https://www.google.com/maps/place/%E6%96%B0%E6%9B%BC%E8%B0%B7%E6%B3%B0%E5%BC%8F%E7%B4%94%E6%AA%B8%E6%AA%AC%E6%B6%BC%E6%8B%8C%E9%9D%92%E6%9C%A8%E7%93%9C%E7%B5%B2/@22.9826623,120.2164495,17z/data=!3m1!4b1!4m6!3m5!1s0x346e770046e3840f:0x1c693b89c8ac9b85!8m2!3d22.9826623!4d120.2190244!16s%2Fg%2F11vpy3d99p?entry=ttu&g_ep=EgoyMDI1MDQyMS4wIKXMDSoJLDEwMjExNDU1SAFQAw%3D%3D"
天王牛排,701台南市東區,https://www.google.com/maps/place/%E5%A4%A9%E7%8E%8B%E7%89%9B%E6%8E%92/data=!4m7!3m6!1s0x346e77001a9f5b1b:0x8c3f9268084a51d0!8m2!3d22.98269!4d120.2191176!16s%2Fg%2F11ld2st8p3!19sChIJG1ufGgB3bjQR0FFKCGiSP4w?authuser=0&hl=zh-TW&rclk=1
大東夜市 炒公仔麵,701台南市東區 701,"https://www.google.com/maps/place/%E5%A4%A7%E6%9D%B1%E5%A4%9C%E5%B8%82+%E7%82%92%E5%85%AC%E4%BB%94%E9%BA%B5/@22.9826234,120.2161497,17z/data=!3m1!4b1!4m6!3m5!1s0x346e77dd621023eb:0xf3a03e50dbb8584f!8m2!3d22.9826234!4d120.2187246!16s%2Fg%2F11sch9z7dt?entry=ttu&g_ep=EgoyMDI1MDQyMS4wIKXMDSoJLDEwMjExNDU1SAFQAw%3D%3D"
功夫燒肉夾饃 - 大東夜市,701台南市東區林森路一段276號,"https://www.google.com/maps/place/%E5%8A%9F%E5%A4%AB%E7%87%92%E8%82%89%E5%A4%BE%E9%A5%83-%E5%A4%A7%E6%9D%B1%E5%A4%9C%E5%B8%82/@22.9825508,120.2161189,17z/data=!3m1!4b1!4m6!3m5!1s0x346e77d949647aeb:0x9ed2ef3026609eca!8m2!3d22.9825508!4d120.2186938!16s%2Fg%2F11v0bs0t8p?entry=ttu&g_ep=EgoyMDI1MDQyMS4wIKXMDSoJLDEwMjExNDU1SAFQAw%3D%3D"
喵禾子創意棺材板,701台南市東區林森路一段276號,"https://www.google.com/maps/place/%E5%96%B5%E7%A6%BE%E5%AD%90%E5%89%B5%E6%84%8F%E6%A3%BA%E6%9D%90%E6%9D%BF/@22.982592,120.2161281,17z/data=!3m1!4b1!4m6!3m5!1s0x346e77004831ce8f:0xe81405d39dc41d39!8m2!3d22.982592!4d120.218703!16s%2Fg%2F11yc7_4_lm?entry=ttu&g_ep=EgoyMDI1MDQyMS4wIKXMDSoJLDEwMjExNDU1SAFQAw%3D%3D"
炫の日式舒芙蕾鬆餅專賣,701台南市東區林森路一段276號,https://www.google.com/maps/place/%E7%82%AB%E3%81%AE%E6%97%A5%E5%BC%8F%E8%88%92%E8%8A%99%E8%95%BE%E9%AC%86%E9%A4%85%E5%B0%88%E8%B3%A3/data=!4m7!3m6!1s0x346e776f09010e73:0xca391c731055a5b4!8m2!3d22.982421!4d120.2186208!16s%2Fg%2F11t830qvk5!19sChIJcw4BCW93bjQRtKVVEHMcOco?authuser=0&hl=zh-TW&rclk=1
Sisbro 希絲柏甜食所 ｜早午餐｜舒芙蕾鬆餅｜千層蛋糕｜義大利麵｜,701台南市東區府連路368號,https://www.google.com/maps/place/Sisbro+%E5%B8%8C%E7%B5%B2%E6%9F%8F%E7%94%9C%E9%A3%9F%E6%89%80+%EF%BD%9C%E6%97%A9%E5%8D%88%E9%A4%90%EF%BD%9C%E8%88%92%E8%8A%99%E8%95%BE%E9%AC%86%E9%A4%85%EF%BD%9C%E5%8D%83%E5%B1%A4%E8%9B%8B%E7%B3%95%EF%BD%9C%E7%BE%A9%E5%A4%A7%E5%88%A9%E9%BA%B5%EF%BD%9C/data=!4m7!3m6!1s0x346e7684d2a10425:0x88f57f6aad0bca8b!8m2!3d22.9846525!4d120.2165034!16s%2Fg%2F11f2xnkkzm!19sChIJJQSh0oR2bjQRi8oLrWp_9Yg?authuser=0&hl=zh-TW&rclk=1
無名水果攤,701台南市東區林森路一段276號,https://www.google.com/maps/place/%E7%84%A1%E5%90%8D%E6%B0%B4%E6%9E%9C%E6%94%A4/data=!4m7!3m6!1s0x346e77d0fa4094b9:0x521d2bef45373300!8m2!3d22.9824314!4d120.2188779!16s%2Fg%2F11s9c7hlzd!19sChIJuZRA-tB3bjQRADM3Re8rHVI?authuser=0&hl=zh-TW&rclk=1
日屋章魚小丸子,701台南市東區,https://www.google.com/maps/place/%E6%97%A5%E5%B1%8B%E7%AB%A0%E9%AD%9A%E5%B0%8F%E4%B8%B8%E5%AD%90/data=!4m7!3m6!1s0x346e7700604ba92d:0xc021515e1828c917!8m2!3d22.9824366!4d120.219017!16s%2Fg%2F11vpy3fb99!19sChIJLalLYAB3bjQRF8koGF5RIcA?authuser=0&hl=zh-TW&rclk=1
日船章魚小丸子(成大店）,70145台南市東區育樂街53-4號,https://www.google.com/maps/place/%E6%97%A5%E8%88%B9%E7%AB%A0%E9%AD%9A%E5%B0%8F%E4%B8%B8%E5%AD%90%28%E6%88%90%E5%A4%A7%E5%BA%97%EF%BC%89/data=!4m7!3m6!1s0x346e77b6e447fbf5:0x9c7e8ce4bc9e8469!8m2!3d22.9953705!4d120.2164978!16s%2Fg%2F11ssj4rv2z!19sChIJ9ftH5LZ3bjQRaYSevOSMfpw?authuser=0&hl=zh-TW&rclk=1
日船（4/22搬至育樂街53-4號）,70145台南市東區育樂街35-28號,https://www.google.com/maps/place/%E6%97%A5%E8%88%B9%EF%BC%884%2F22%E6%90%AC%E8%87%B3%E8%82%B2%E6%A8%82%E8%A1%9753-4%E8%99%9F%EF%BC%89/data=!4m7!3m6!1s0x346e7692796a8b21:0xe8d124aeb80a76b5!8m2!3d22.9954989!4d120.2166117!16s%2Fg%2F12m9j0nc5!19sChIJIYtqeZJ2bjQRtXYKuK4k0eg?authuser=0&hl=zh-TW&rclk=1
日船章魚小丸子,701台南市東區裕農路627號,https://www.google.com/maps/place/%E6%97%A5%E8%88%B9%E7%AB%A0%E9%AD%9A%E5%B0%8F%E4%B8%B8%E5%AD%90/data=!4m7!3m6!1s0x346e76bbdc806bf3:0x8923e68bc87b39c9!8m2!3d22.988751!4d120.2357467!16s%2Fg%2F11gdrj7s3f!19sChIJ82uA3Lt2bjQRyTl7yIvmI4k?authuser=0&hl=zh-TW&rclk=1
古都蚵仔煎,701台南市東區林森路一段276號,"https://www.google.com/maps/place/%E5%8F%A4%E9%83%BD%E8%9A%B5%E4%BB%94%E7%85%8E/@22.9823234,120.2164502,17z/data=!3m1!4b1!4m6!3m5!1s0x346e7723212d102f:0xc08f64ee38f57658!8m2!3d22.9823234!4d120.2190251!16s%2Fg%2F11rzfv9r_6?entry=ttu&g_ep=EgoyMDI1MDQyMS4wIKXMDSoJLDEwMjExNDU1SAFQAw%3D%3D"
鮮奶麻糬,701台南市東區,https://www.google.com/maps/place/%E9%AE%AE%E5%A5%B6%E9%BA%BB%E7%B3%AC/data=!4m7!3m6!1s0x346e77006a1f1385:0xe6a961691c8fae2e!8m2!3d22.9825119!4d120.2191702!16s%2Fg%2F11vzy9qm28!19sChIJhRMfagB3bjQRLq6PHGlhqeY?authuser=0&hl=zh-TW&rclk=1
蕪亖｜麻糬,701台南市東區長榮路二段32巷110號,https://www.google.com/maps/place/%E8%95%AA%E4%BA%96%EF%BD%9C%E9%BA%BB%E7%B3%AC/data=!4m7!3m6!1s0x346e77afdc5323dd:0x7248a58b2153180e!8m2!3d22.9879509!4d120.2213078!16s%2Fg%2F11v64k94rt!19sChIJ3SNT3K93bjQRDhhTIYulSHI?authuser=0&hl=zh-TW&rclk=1
吉野食堂,701台南市東區,"https://www.google.com/maps/place/%E5%90%89%E9%87%8E%E9%A3%9F%E5%A0%82/@22.9824873,120.216533,17z/data=!3m1!4b1!4m6!3m5!1s0x346e770063ef0389:0xc1274912e1647b46!8m2!3d22.9824873!4d120.2191079!16s%2Fg%2F11vpy3fyyn?entry=ttu&g_ep=EgoyMDI1MDQyMS4wIKXMDSoJLDEwMjExNDU1SAFQAw%3D%3D"
郭公館烤魷魚,701台南市東區,"https://www.google.com/maps/place/%E9%83%AD%E5%85%AC%E9%A4%A8%E7%83%A4%E9%AD%B7%E9%AD%9A/@22.9825712,120.2165645,17z/data=!3m1!4b1!4m6!3m5!1s0x346e77000c933e19:0xd848607dc00ed1e0!8m2!3d22.9825712!4d120.2191394!16s%2Fg%2F11vs2ckrnv?entry=ttu&g_ep=EgoyMDI1MDQyMS4wIKXMDSoJLDEwMjExNDU1SAFQAw%3D%3D"
五花肉泡菜卷,701台南市東區,"https://www.google.com/maps/place/%E4%BA%94%E8%8A%B1%E8%82%89%E6%B3%A1%E8%8F%9C%E5%8D%B7/@22.9825971,120.2166108,17z/data=!3m1!4b1!4m6!3m5!1s0x346e77007f319a13:0x44399d36004f94de!8m2!3d22.9825971!4d120.2191857!16s%2Fg%2F11ld2swtms?entry=ttu&g_ep=EgoyMDI1MDQyMS4wIKXMDSoJLDEwMjExNDU1SAFQAw%3D%3D"
晚伍小賣所,701台南市東區林森路一段276號,"https://www.google.com/maps/place/%E6%99%9A%E4%BC%8D%E5%B0%8F%E8%B3%A3%E6%89%80/@22.9826058,120.2163191,17z/data=!3m1!4b1!4m6!3m5!1s0x346e7700424a71e3:0xa7f5df866c84b0ed!8m2!3d22.9826058!4d120.218894!16s%2Fg%2F11vs2ctky8?entry=ttu&g_ep=EgoyMDI1MDQyMS4wIKXMDSoJLDEwMjExNDU1SAFQAw%3D%3D"
脫皮德國豬腳假日農市店（肉舖）,701台南市東區林森路一段276號,"https://www.google.com/maps/place/%E8%84%86%E7%9A%AE%E5%BE%B7%E5%9C%8B%E8%B1%AC%E8%85%B3%E5%81%87%E6%97%A5%E8%BE%B2%E5%B8%82%E5%BA%97/@22.9825138,120.216306,17z/data=!3m1!4b1!4m6!3m5!1s0x346e771090c8f1a9:0x6aaffc89d0b84a5b!8m2!3d22.9825138!4d120.2188809!16s%2Fg%2F11sy_s1ph_?entry=ttu&g_ep=EgoyMDI1MDQyMS4wIKXMDSoJLDEwMjExNDU1SAFQAw%3D%3D"
台灣第一菇（熟食店）,701台南市東區林森路一段,"https://www.google.com/maps/place/%E5%8F%B0%E7%81%A3%E7%AC%AC%E4%B8%80%E8%8F%87/@22.9825205,120.2166781,17z/data=!3m1!4b1!4m6!3m5!1s0x346e77c42d7c6885:0x6c91cab5a86770e1!8m2!3d22.9825205!4d120.219253!16s%2Fg%2F11h225b1r5?entry=ttu&g_ep=EgoyMDI1MDQyMS4wIKXMDSoJLDEwMjExNDU1SAFQAw%3D%3D"
大東夜市,701台南市東區林森路一段276號,https://www.google.com/maps/place/%E5%A4%A7%E6%9D%B1%E5%A4%9C%E5%B8%82/data=!4m7!3m6!1s0x346e769b79d2493d:0xfafc2c8a0c68d96d!8m2!3d22.9826132!4d120.2193412!16s%2Fg%2F155s6l9j!19sChIJPUnSeZt2bjQRbdloDIos_Po?authuser=0&hl=zh-TW&rclk=1
大東東夜市,701台南市東區長榮路一段223號,https://www.google.com/maps/place/%E5%A4%A7%E6%9D%B1%E6%9D%B1%E5%A4%9C%E5%B8%82/data=!4m7!3m6!1s0x346e7789a1d3a9f3:0x86f48eba8a49af74!8m2!3d22.9824657!4d120.2184021!16s%2Fg%2F11vkpd8fpx!19sChIJ86nToYl3bjQRdK9JirqO9IY?authuser=0&hl=zh-TW&rclk=1
凍心炸冰淇淋-台南大東店,701台南市東區林森路一段276號,"https://www.google.com/maps/place/%E5%87%8D%E5%BF%83%E7%82%B8%E5%86%B0%E6%B7%87%E6%B7%8B-%E5%8F%B0%E5%8D%97%E5%A4%A7%E6%9D%B1%E5%BA%97/@22.9825904,120.2166951,17z/data=!3m1!4b1!4m6!3m5!1s0x346e7750c018d205:0xdb8ba01e23521167!8m2!3d22.9825904!4d120.21927!16s%2Fg%2F11swyn0rjg?entry=ttu&g_ep=EgoyMDI1MDQyMS4wIKXMDSoJLDEwMjExNDU1SAFQAw%3D%3D"
大東夜市,701台南市東區林森路一段276號,https://www.google.com/maps/place/%E5%A4%A7%E6%9D%B1%E5%A4%9C%E5%B8%82/data=!4m7!3m6!1s0x346e769b79d2493d:0xfafc2c8a0c68d96d!8m2!3d22.9826132!4d120.2193412!16s%2Fg%2F155s6l9j!19sChIJPUnSeZt2bjQRbdloDIos_Po?authuser=0&hl=zh-TW&rclk=1
大東東夜市,701台南市東區長榮路一段223號,https://www.google.com/maps/place/%E5%A4%A7%E6%9D%B1%E6%9D%B1%E5%A4%9C%E5%B8%82/data=!4m7!3m6!1s0x346e7789a1d3a9f3:0x86f48eba8a49af74!8m2!3d22.9824657!4d120.2184021!16s%2Fg%2F11vkpd8fpx!19sChIJ86nToYl3bjQRdK9JirqO9IY?authuser=0&hl=zh-TW&rclk=1
