names,adress,links
翁記泡沫廣場,404台中市北區精武路326號,"https://www.google.com.tw/maps/place/%E7%BF%81%E8%A8%98%E6%B3%A1%E6%B2%AB%E5%BB%A3%E5%A0%B4/@24.1462589,120.6830261,20z/data=!4m6!3m5!1s0x34693d6bfc1f21cf:0x8229058791e08cb9!8m2!3d24.146243!4d120.6833336!16s%2Fg%2F1x5f82zr?entry=ttu&g_ep=EgoyMDI1MDQxNC4xIKXMDSoASAFQAw%3D%3D"
推擠 韓食,404台中市北區精武路320號,"https://www.google.com.tw/maps/place/%E6%8E%A8%E6%93%A0+%E9%9F%93%E9%A3%9F/@24.1462427,120.6831581,19z/data=!4m6!3m5!1s0x34693d4576505de5:0x569d719031238a1d!8m2!3d24.1462427!4d120.6834834!16s%2Fg%2F11kqwkvqzg?entry=ttu&g_ep=EgoyMDI1MDQxNC4xIKXMDSoASAFQAw%3D%3D"
王子神谷日式厚鬆餅,404台中市北區一中街6號,"https://www.google.com.tw/maps/place/%E7%8E%8B%E5%AD%90%E7%A5%9E%E8%B0%B7%E6%97%A5%E5%BC%8F%E5%8E%9A%E9%AC%86%E9%A4%85/@24.1463859,120.683549,20z/data=!3m1!5s0x34693d6969d6231b:0x6b721510354c2046!4m6!3m5!1s0x34693d6856e5e0f3:0xce36f6f9501be330!8m2!3d24.1465813!4d120.6839603!16s%2Fg%2F11c4b38cr5?entry=ttu&g_ep=EgoyMDI1MDQxNC4xIKXMDSoASAFQAw%3D%3D"
紅茶巴士 Black Tea Bus - 台中一中街站/飲料店/珍珠奶茶,404台中市北區一中街19號,"https://www.google.com.tw/maps/place/%E7%B4%85%E8%8C%B6%E5%B7%B4%E5%A3%AB+Black+Tea+Bus+-+%E5%8F%B0%E4%B8%AD%E4%B8%80%E4%B8%AD%E8%A1%97%E7%AB%99%2F%E9%A3%B2%E6%96%99%E5%BA%97%2F%E7%8F%8D%E7%8F%A0%E5%A5%B6%E8%8C%B6/@24.1470611,120.6839035,21z/data=!4m6!3m5!1s0x34693d520bd46325:0xaf2ae45cfd8042d6!8m2!3d24.1470611!4d120.6840403!16s%2Fg%2F11k9kc4pkp?entry=ttu&g_ep=EgoyMDI1MDQxNC4xIKXMDSoASAFQAw%3D%3D"
小象餐廳,404台中市北區太平路19巷5弄38號,"https://www.google.com.tw/maps/place/%E5%B0%8F%E8%B1%A1%E9%A4%90%E5%BB%B3/@24.1470868,120.6841272,21z/data=!4m6!3m5!1s0x34693d694363448f:0x89413bc624180d69!8m2!3d24.1470966!4d120.6843565!16s%2Fg%2F11b6q1y2q8?entry=ttu&g_ep=EgoyMDI1MDQxNC4xIKXMDSoASAFQAw%3D%3D"
隨主飡法式水煮專賣-台中一中店,404台中市北區太平路19巷5弄40號,"https://www.google.com.tw/maps/place/%E9%9A%A8%E4%B8%BB%E9%A3%A1%E6%B3%95%E5%BC%8F%E6%B0%B4%E7%85%AE%E5%B0%88%E8%B3%A3-%E5%8F%B0%E4%B8%AD%E4%B8%80%E4%B8%AD%E5%BA%97/@24.1470972,120.6840923,21z/data=!4m6!3m5!1s0x34693dc280fe4d2d:0x61a10d6addaabd88!8m2!3d24.1471243!4d120.684216!16s%2Fg%2F11f6z7qq1d?entry=ttu&g_ep=EgoyMDI1MDQxNC4xIKXMDSoASAFQAw%3D%3D"
阿Q香港雞蛋仔 台中一中店,404台中市北區太平路19巷5弄40號,"https://www.google.com.tw/maps/place/%E9%98%BFQ%E9%A6%99%E6%B8%AF%E9%9B%9E%E8%9B%8B%E4%BB%94+%E5%8F%B0%E4%B8%AD%E4%B8%80%E4%B8%AD%E5%BA%97/@24.1470972,120.6840923,21z/data=!4m6!3m5!1s0x34693d6944a3323d:0x5e0c31804c7308e4!8m2!3d24.147135!4d120.6841883!16s%2Fg%2F11g8bb862q?entry=ttu&g_ep=EgoyMDI1MDQxNC4xIKXMDSoASAFQAw%3D%3D"
手工臭豆腐,404台中市北區一中街21-2號,"https://www.google.com.tw/maps/place/%E6%89%8B%E5%B7%A5%E8%87%AD%E8%B1%86%E8%85%90/@24.1470972,120.6840923,21z/data=!3m1!5s0x34693d6945a86665:0xc12f8b80137005a0!4m6!3m5!1s0x34693dac8cde04f9:0x153d18a559d107e2!8m2!3d24.1472288!4d120.6841487!16s%2Fg%2F11jtyb1q1b?entry=ttu&g_ep=EgoyMDI1MDQxNC4xIKXMDSoASAFQAw%3D%3D"
迷你一口臭豆腐,"No. 20號, 一中街北區台中市404","https://www.google.com.tw/maps/place/%E8%BF%B7%E4%BD%A0%E4%B8%80%E5%8F%A3%E8%87%AD%E8%B1%86%E8%85%90/@24.1470972,120.6840923,21z/data=!4m6!3m5!1s0x34693d69446d6857:0x11b86341d0d52bfe!8m2!3d24.1472394!4d120.6842374!16s%2Fg%2F11cs5lv2zz?entry=ttu&g_ep=EgoyMDI1MDQxNC4xIKXMDSoASAFQAw%3D%3D"
胖子雞丁雞排,404台中市北區一中街20號,"https://www.google.com.tw/maps/place/%E8%83%96%E5%AD%90%E9%9B%9E%E4%B8%81%E9%9B%9E%E6%8E%92/@24.1470972,120.6840923,21z/data=!4m6!3m5!1s0x34693d6944f5acfb:0xeb51b70bf8711c3f!8m2!3d24.1472703!4d120.6843545!16s%2Fg%2F1tdynjhd?entry=ttu&g_ep=EgoyMDI1MDQxNC4xIKXMDSoASAFQAw%3D%3D"
Won’t Drink 說好布喝 I 手做甜點 I 酒吧（預約制 Instagramn 私訊預約）,404台中市北區太平路19巷3弄32號2樓,"https://www.google.com.tw/maps/place/Won%E2%80%99t+Drink+%E8%AA%AA%E5%A5%BD%E5%B8%83%E5%96%9D+I+%E6%89%8B%E5%81%9A%E7%94%9C%E9%BB%9E+I+%E9%85%92%E5%90%A7%EF%BC%88%E9%A0%90%E7%B4%84%E5%88%B6+Instagramn+%E7%A7%81%E8%A8%8A%E9%A0%90%E7%B4%84%EF%BC%89/@24.1482009,120.6831756,17.25z/data=!4m6!3m5!1s0x34693d5f93fc92e7:0xd9f4eb3a687dfb96!8m2!3d24.1473781!4d120.6843461!16s%2Fg%2F11k3hg9pb1?entry=ttu&g_ep=EgoyMDI1MDQxNC4xIKXMDSoASAFQAw%3D%3D"
阿瑞ma泰國55船面,404008台中市北區太平路75巷7號,"https://www.google.com.tw/maps/place/%E9%98%BF%E7%91%9Ema%E6%B3%B0%E5%9C%8B55%E8%88%B9%E9%9D%A2/@24.1475987,120.6837132,20.25z/data=!4m6!3m5!1s0x34693d2bce2708c1:0xaeba2873dff52eb9!8m2!3d24.1473664!4d120.684008!16s%2Fg%2F11y9_r657r?entry=ttu&g_ep=EgoyMDI1MDQxNC4xIKXMDSoASAFQAw%3D%3D"
京厚屋-一中店,404台中市北區一中街23-3號,"https://www.google.com.tw/maps/place/%E4%BA%AC%E5%8E%9A%E5%B1%8B-%E4%B8%80%E4%B8%AD%E5%BA%97/@24.14744,120.6841671,21z/data=!4m6!3m5!1s0x34693d68e14895d3:0x4a472cdf5a97de63!8m2!3d24.1474739!4d120.6842112!16s%2Fg%2F11q97jr9tv?entry=ttu&g_ep=EgoyMDI1MDQxNC4xIKXMDSoASAFQAw%3D%3D"
一湯匙 韓食料理,404台中市北區一中街25-3號,"https://www.google.com.tw/maps/place/%E4%B8%80%E6%B9%AF%E5%8C%99+%E9%9F%93%E9%A3%9F%E6%96%99%E7%90%86/@24.14744,120.6841671,21z/data=!4m6!3m5!1s0x34693d15dfba26df:0xcd4e04bed45f0671!8m2!3d24.1475022!4d120.684216!16s%2Fg%2F11s19mr9sb?entry=ttu&g_ep=EgoyMDI1MDQxNC4xIKXMDSoASAFQAw%3D%3D"
麵屋かとむら-台中一中店,40444台中市北區太平路75巷22號,"https://www.google.com.tw/maps/place/%E9%BA%B5%E5%B1%8B%E3%81%8B%E3%81%A8%E3%82%80%E3%82%89-%E5%8F%B0%E4%B8%AD%E4%B8%80%E4%B8%AD%E5%BA%97/@24.14744,120.6841671,21z/data=!4m6!3m5!1s0x34693db0e9b7cf6f:0x2849bd1e4310a2af!8m2!3d24.1475479!4d120.6839094!16s%2Fg%2F11ffv6m2w4?entry=ttu&g_ep=EgoyMDI1MDQxNC4xIKXMDSoASAFQAw%3D%3D"
豐味綠豆沙牛乳專門店一中支店,404台中市北區太平路63巷1號,"https://www.google.com.tw/maps/place/%E8%B1%90%E5%91%B3%E7%B6%A0%E8%B1%86%E6%B2%99%E7%89%9B%E4%B9%B3%E5%B0%88%E9%96%80%E5%BA%97%E4%B8%80%E4%B8%AD%E6%94%AF%E5%BA%97/@24.1476392,120.6844083,21z/data=!4m6!3m5!1s0x34693d6940e1e715:0x590983768cb535d6!8m2!3d24.1475451!4d120.6843569!16s%2Fg%2F11cjpb7b09?entry=ttu&g_ep=EgoyMDI1MDQxNC4xIKXMDSoASAFQAw%3D%3D"
王印製麵麻辣乾麵,404台中市北區太平路65號,"https://www.google.com.tw/maps/place/%E7%8E%8B%E5%8D%B0%E8%A3%BD%E9%BA%B5%E9%BA%BB%E8%BE%A3%E4%B9%BE%E9%BA%B5/@24.1475451,120.68422,21z/data=!4m6!3m5!1s0x34693d693efb28b1:0xe41d9b7f5c1e44d7!8m2!3d24.1476399!4d120.684423!16s%2Fg%2F1trsvrjw?entry=ttu&g_ep=EgoyMDI1MDQxNC4xIKXMDSoASAFQAw%3D%3D"
新高軒台中店,404台中市北區太平路75巷4號,"https://www.google.com.tw/maps/place/%E6%96%B0%E9%AB%98%E8%BB%92%E5%8F%B0%E4%B8%AD%E5%BA%97/@24.1478574,120.6838408,21z/data=!4m6!3m5!1s0x34693daa3d773533:0x798697c535fb18ba!8m2!3d24.1478577!4d120.6839788!16s%2Fg%2F11gzbfth24?entry=ttu&g_ep=EgoyMDI1MDQxNC4xIKXMDSoASAFQAw%3D%3D"
蘇記健康滷味 一中店,404台中市北區太平路89號,"https://www.google.com.tw/maps/place/%E8%98%87%E8%A8%98%E5%81%A5%E5%BA%B7%E6%BB%B7%E5%91%B3+%E4%B8%80%E4%B8%AD%E5%BA%97/@24.1480985,120.6835635,21z/data=!4m6!3m5!1s0x34693d69366d7f3f:0xa17f723c6f02da91!8m2!3d24.1480985!4d120.6837003!16s%2Fg%2F11bwf7g4k9?entry=ttu&g_ep=EgoyMDI1MDQxNC4xIKXMDSoASAFQAw%3D%3D"
老林鹽水雞總店（太平路與三民路交叉口，光南書店對面，寶島眼鏡騎樓。）,404台中市北區太平路89-1號光南書局斜對面，寶島眼鏡騎樓,"https://www.google.com.tw/maps/place/%E8%80%81%E6%9E%97%E9%B9%BD%E6%B0%B4%E9%9B%9E%E7%B8%BD%E5%BA%97%EF%BC%88%E5%A4%AA%E5%B9%B3%E8%B7%AF%E8%88%87%E4%B8%89%E6%B0%91%E8%B7%AF%E4%BA%A4%E5%8F%89%E5%8F%A3%EF%BC%8C%E5%85%89%E5%8D%97%E6%9B%B8%E5%BA%97%E5%B0%8D%E9%9D%A2%EF%BC%8C%E5%AF%B6%E5%B3%B6%E7%9C%BC%E9%8F%A1%E9%A8%8E%E6%A8%93%E3%80%82%EF%BC%89/@24.1480985,120.6835635,21z/data=!4m6!3m5!1s0x346923c3b42427af:0xa9242ce7fdbf1e00!8m2!3d24.1482317!4d120.6836656!16s%2Fg%2F11pcdjk2_q?entry=ttu&g_ep=EgoyMDI1MDQxNC4xIKXMDSoASAFQAw%3D%3D"
一中老林鹽水雞,404台中市北區一中街50號,"https://www.google.com.tw/maps/place/%E4%B8%80%E4%B8%AD%E8%80%81%E6%9E%97%E9%B9%BD%E6%B0%B4%E9%9B%9E/@24.1481498,120.6846263,21z/data=!3m1!5s0x34693d7a89cfe1a7:0xf58c42c04b50fdac!4m6!3m5!1s0x34693d430ea04d63:0x675932fa1f00a70!8m2!3d24.1482285!4d120.6846951!16s%2Fg%2F11q3m7jvhn?entry=ttu&g_ep=EgoyMDI1MDQxNC4xIKXMDSoASAFQAw%3D%3D"
莊董粉行-冰粉藕粉,404台中市北區一中街35號,"https://www.google.com.tw/maps/place/%E8%8E%8A%E8%91%A3%E7%B2%89%E8%A1%8C-%E5%86%B0%E7%B2%89%E8%97%95%E7%B2%89/@24.1483812,120.6844765,21z/data=!4m6!3m5!1s0x34693d1ca09c1ab5:0x4670cf3daf621c5a!8m2!3d24.1483815!4d120.684614!16s%2Fg%2F11tjyn24p5?entry=ttu&g_ep=EgoyMDI1MDQxNC4xIKXMDSoASAFQAw%3D%3D"
滷味串燒,404台中市北區一中街60號,"https://www.google.com.tw/maps/place/%E6%BB%B7%E5%91%B3%E4%B8%B2%E7%87%92/@24.14835,120.6846126,21z/data=!3m1!5s0x34693d7a89cfe1a7:0xf58c42c04b50fdac!4m6!3m5!1s0x34693d69181460a1:0x9f739af3dfc0b713!8m2!3d24.148367!4d120.684766!16s%2Fg%2F11y2p_pv5?entry=ttu&g_ep=EgoyMDI1MDQxNC4xIKXMDSoASAFQAw%3D%3D"
小8三色地瓜球（總店）,404台中市北區一中街60號,"https://www.google.com.tw/maps/place/%E5%B0%8F8%E4%B8%89%E8%89%B2%E5%9C%B0%E7%93%9C%E7%90%83%EF%BC%88%E7%B8%BD%E5%BA%97%EF%BC%89/@24.1483396,120.6846844,21z/data=!3m1!5s0x34693d7a89cfe1a7:0xf58c42c04b50fdac!4m6!3m5!1s0x6d438d9c727e8649:0xd096a1e3b216cce2!8m2!3d24.1483627!4d120.6848686!16s%2Fg%2F11qbh1k6ym?entry=ttu&g_ep=EgoyMDI1MDQxNC4xIKXMDSoASAFQAw%3D%3D"
辣騷麻辣魚蛋（台中一中店）,404台中市北區育才南街37號,"https://www.google.com.tw/maps/place/%E8%BE%A3%E9%A8%B7%E9%BA%BB%E8%BE%A3%E9%AD%9A%E8%9B%8B%EF%BC%88%E5%8F%B0%E4%B8%AD%E4%B8%80%E4%B8%AD%E5%BA%97%EF%BC%89/@24.14832,120.6847756,21z/data=!3m1!5s0x34693d7a89cfe1a7:0xf58c42c04b50fdac!4m6!3m5!1s0x34693d4c69acc329:0x8747ce6897865f52!8m2!3d24.1484039!4d120.6849809!16s%2Fg%2F11s5fs654y?entry=ttu&g_ep=EgoyMDI1MDQxNC4xIKXMDSoASAFQAw%3D%3D"
天使雞排-一中店｜網路票選人氣美食｜在地必吃厚切雞排｜排隊名店｜,404台中市北區一中街60號,"https://www.google.com.tw/maps/place/%E5%A4%A9%E4%BD%BF%E9%9B%9E%E6%8E%92-%E4%B8%80%E4%B8%AD%E5%BA%97%EF%BD%9C%E7%B6%B2%E8%B7%AF%E7%A5%A8%E9%81%B8%E4%BA%BA%E6%B0%A3%E7%BE%8E%E9%A3%9F%EF%BD%9C%E5%9C%A8%E5%9C%B0%E5%BF%85%E5%90%83%E5%8E%9A%E5%88%87%E9%9B%9E%E6%8E%92%EF%BD%9C%E6%8E%92%E9%9A%8A%E5%90%8D%E5%BA%97%EF%BD%9C/@24.1483267,120.6846844,21z/data=!3m1!5s0x34693d7a89cfe1a7:0xf58c42c04b50fdac!4m6!3m5!1s0x34693d8905a40d57:0xdf0337ae5c62fd4!8m2!3d24.1484692!4d120.684789!16s%2Fg%2F11h0mvznbc?entry=ttu&g_ep=EgoyMDI1MDQxNC4xIKXMDSoASAFQAw%3D%3D"
波特屋現烤起司馬鈴薯,404台中市北區一中街35號,"https://www.google.com.tw/maps/place/%E6%B3%A2%E7%89%B9%E5%B1%8B%E7%8F%BE%E7%83%A4%E8%B5%B7%E5%8F%B8%E9%A6%AC%E9%88%B4%E8%96%AF/@24.1483182,120.6845677,21z/data=!4m6!3m5!1s0x34693d693ce05de7:0xc7d7f400dbbcb0b3!8m2!3d24.1484231!4d120.6845838!16s%2Fg%2F1tknh5wq?entry=ttu&g_ep=EgoyMDI1MDQxNC4xIKXMDSoASAFQAw%3D%3D"
蛋四分雞蛋仔交易所-一中總店,404台中市北區一中街58號,"https://www.google.com.tw/maps/place/%E8%9B%8B%E5%9B%9B%E5%88%86%E9%9B%9E%E8%9B%8B%E4%BB%94%E4%BA%A4%E6%98%93%E6%89%80-%E4%B8%80%E4%B8%AD%E7%B8%BD%E5%BA%97/@24.1483989,120.684504,21z/data=!3m1!5s0x34693d7a89cfe1a7:0xf58c42c04b50fdac!4m6!3m5!1s0x34693d6945a5fc19:0x1e120b108dbaec51!8m2!3d24.1483759!4d120.6847376!16s%2Fg%2F11hcdw13bc?entry=ttu&g_ep=EgoyMDI1MDQxNC4xIKXMDSoASAFQAw%3D%3D"
來來水果果汁,404台中市北區一中街37號,"https://www.google.com.tw/maps/place/%E4%BE%86%E4%BE%86%E6%B0%B4%E6%9E%9C%E6%9E%9C%E6%B1%81/@24.1483989,120.684504,21z/data=!4m6!3m5!1s0x34693d6922728491:0xbd90eb17c669b7ef!8m2!3d24.1485808!4d120.6846166!16s%2Fg%2F11fzsskjw7?entry=ttu&g_ep=EgoyMDI1MDQxNC4xIKXMDSoASAFQAw%3D%3D"
櫻桃丘比特女僕咖啡 CherryCupido,404台中市北區三民路三段94巷7號3樓,"https://www.google.com.tw/maps/place/%E6%AB%BB%E6%A1%83%E4%B8%98%E6%AF%94%E7%89%B9%E5%A5%B3%E5%83%95%E5%92%96%E5%95%A1+CherryCupido/@24.1487498,120.6843957,20z/data=!4m6!3m5!1s0x34693d0022d1ab29:0xacd9275ac3bbb606!8m2!3d24.1487499!4d120.684589!16s%2Fg%2F11vrs_wy6b?entry=ttu&g_ep=EgoyMDI1MDQxNC4xIKXMDSoASAFQAw%3D%3D"
起司瀑布,404台中市北區育才南街50號,"https://www.google.com.tw/maps/place/%E8%B5%B7%E5%8F%B8%E7%80%91%E5%B8%83/@24.1487498,120.6843957,20z/data=!4m6!3m5!1s0x34693dad990ab311:0x3306761e62dba2ec!8m2!3d24.1486406!4d120.6848319!16s%2Fg%2F11ksg60qxw?entry=ttu&g_ep=EgoyMDI1MDQxNC4xIKXMDSoASAFQAw%3D%3D"
小太陽大腸包小腸（炭烤）-一中店,40444台中市北區一中街70號,"https://www.google.com.tw/maps/place/%E5%B0%8F%E5%A4%AA%E9%99%BD%E5%A4%A7%E8%85%B8%E5%8C%85%E5%B0%8F%E8%85%B8%EF%BC%88%E7%82%AD%E7%83%A4%EF%BC%89-%E4%B8%80%E4%B8%AD%E5%BA%97/@24.1487388,120.6845499,20z/data=!4m6!3m5!1s0x34693d158620f2a7:0x4cc2065ab977b71f!8m2!3d24.1487052!4d120.6848557!16s%2Fg%2F11t1qpdcxg?entry=ttu&g_ep=EgoyMDI1MDQxNC4xIKXMDSoASAFQAw%3D%3D"
萊萊飯店,404台中市北區一中街41號,"https://www.google.com.tw/maps/place/%E8%90%8A%E8%90%8A%E9%A3%AF%E5%BA%97/@24.1487232,120.6847461,21z/data=!3m1!5s0x34693d691fdad625:0xd5b1238dc9dbe1e4!4m6!3m5!1s0x34693d691f77db61:0x1779179d53123567!8m2!3d24.1488221!4d120.6847307!16s%2Fg%2F11g6_274lj?entry=ttu&g_ep=EgoyMDI1MDQxNC4xIKXMDSoASAFQAw%3D%3D"
初木山 一中店－雞排推薦|人氣炸物|北區必吃美食|在地推薦,404009台中市北區一中街41號,"https://www.google.com.tw/maps/place/%E5%88%9D%E6%9C%A8%E5%B1%B1+%E4%B8%80%E4%B8%AD%E5%BA%97%EF%BC%8D%E9%9B%9E%E6%8E%92%E6%8E%A8%E8%96%A6%7C%E4%BA%BA%E6%B0%A3%E7%82%B8%E7%89%A9%7C%E5%8C%97%E5%8D%80%E5%BF%85%E5%90%83%E7%BE%8E%E9%A3%9F%7C%E5%9C%A8%E5%9C%B0%E6%8E%A8%E8%96%A6/@24.148822,120.6845938,21z/data=!3m1!5s0x34693d691fdad625:0xd5b1238dc9dbe1e4!4m6!3m5!1s0x34693d4fdcb3e499:0x3d2fcd1efca34c7f!8m2!3d24.1488572!4d120.684739!16s%2Fg%2F11vz9510tt?entry=ttu&g_ep=EgoyMDI1MDQxNC4xIKXMDSoASAFQAw%3D%3D"
牛眸奶 炸牛奶,404台中市北區一中街74號,"https://www.google.com.tw/maps/place/%E7%89%9B%E7%9C%B8%E5%A5%B6+%E7%82%B8%E7%89%9B%E5%A5%B6/@24.1487743,120.6848654,21z/data=!4m6!3m5!1s0x34693d4f9e446909:0x86de55a5f9f37c34!8m2!3d24.1487004!4d120.684964!16s%2Fg%2F11t_pj2pl8?entry=ttu&g_ep=EgoyMDI1MDQxNC4xIKXMDSoASAFQAw%3D%3D"
炳修豆漿（一中店）烤鴨蛋餅,404台中市北區育才南街50號,"https://www.google.com.tw/maps/place/%E7%82%B3%E4%BF%AE%E8%B1%86%E6%BC%BF%EF%BC%88%E4%B8%80%E4%B8%AD%E5%BA%97%EF%BC%89%E7%83%A4%E9%B4%A8%E8%9B%8B%E9%A4%85/@24.1486779,120.6850336,21z/data=!4m6!3m5!1s0x34693d59d810576b:0xcda1b1460460673!8m2!3d24.1485779!4d120.6849227!16s%2Fg%2F11v3q6k8ts?entry=ttu&g_ep=EgoyMDI1MDQxNC4xIKXMDSoASAFQAw%3D%3D"
糖小橘,404台中市北區育才南街41號對面 （水利大樓攤位,"https://www.google.com.tw/maps/place/%E7%B3%96%E5%B0%8F%E6%A9%98/@24.1485779,120.684786,21z/data=!3m1!5s0x34693d7a89cfe1a7:0xf58c42c04b50fdac!4m6!3m5!1s0x34693dce7615a981:0xe48ae9fcdd0b70af!8m2!3d24.1485387!4d120.6850163!16s%2Fg%2F11kqq9g52b?entry=ttu&g_ep=EgoyMDI1MDQxNC4xIKXMDSoASAFQAw%3D%3D"
Q禾豐邑地瓜球-一中店,404台中市北區育才南街39號,"https://www.google.com.tw/maps/place/Q%E7%A6%BE%E8%B1%90%E9%82%91%E5%9C%B0%E7%93%9C%E7%90%83-%E4%B8%80%E4%B8%AD%E5%BA%97/@24.148499,120.684969,21z/data=!4m6!3m5!1s0x34693d5ff6a6afdf:0xf58d356d8187b9e8!8m2!3d24.1485605!4d120.6850659!16s%2Fg%2F11h51j0n66?entry=ttu&g_ep=EgoyMDI1MDQxNC4xIKXMDSoASAFQAw%3D%3D"
叉很大-無骨炸雞-專賣店（一中總店）,404台中市北區育才南街35號,"https://www.google.com.tw/maps/place/%E5%8F%89%E5%BE%88%E5%A4%A7-%E7%84%A1%E9%AA%A8%E7%82%B8%E9%9B%9E-%E5%B0%88%E8%B3%A3%E5%BA%97%EF%BC%88%E4%B8%80%E4%B8%AD%E7%B8%BD%E5%BA%97%EF%BC%89/@24.1484421,120.6851192,21z/data=!4m6!3m5!1s0x34693d691b761eff:0xdd65a51fdfe17253!8m2!3d24.148476!4d120.6852272!16s%2Fg%2F11g6jcjw0z?entry=ttu&g_ep=EgoyMDI1MDQxNC4xIKXMDSoASAFQAw%3D%3D"
一中街蛋包雞,404台中市北區尊賢街9號育才南街37號對面,"https://www.google.com.tw/maps/place/%E4%B8%80%E4%B8%AD%E8%A1%97%E8%9B%8B%E5%8C%85%E9%9B%9E/@24.1484421,120.6851192,21z/data=!3m1!5s0x34693d69023d73ed:0x6bac20e7c4f9fffb!4m6!3m5!1s0x34693d6905c988d5:0x6ee2b223c0b73c3b!8m2!3d24.1484243!4d120.6852986!16s%2Fg%2F11cm_h6_ql?entry=ttu&g_ep=EgoyMDI1MDQxNC4xIKXMDSoASAFQAw%3D%3D"
萊澤金虎制茶一中總店,40444台中市北區育才南街1樓號,"https://www.google.com.tw/maps/place/%E8%90%8A%E6%BE%A4%E9%87%91%E8%99%8E%E5%88%B6%E8%8C%B6%E4%B8%80%E4%B8%AD%E7%B8%BD%E5%BA%97/@24.1484421,120.6851192,21z/data=!4m6!3m5!1s0x34693d70b9a5dabf:0x7333b6246ba70059!8m2!3d24.1483628!4d120.6853143!16s%2Fg%2F11flv99fsm?entry=ttu&g_ep=EgoyMDI1MDQxNC4xIKXMDSoASAFQAw%3D%3D"
魷魚船,404台中市北區育才南街31號,"https://www.google.com.tw/maps/place/%E9%AD%B7%E9%AD%9A%E8%88%B9/@24.1481969,120.6854463,20.75z/data=!3m1!5s0x34693d69754fa175:0x680e56c632893f07!4m6!3m5!1s0x34693d69a80ee137:0x63ffb2d6bcfab093!8m2!3d24.1482801!4d120.6854374!16s%2Fg%2F1q62mclps?entry=ttu&g_ep=EgoyMDI1MDQxNC4xIKXMDSoASAFQAw%3D%3D"
芭樂先生 一中店,404台中市北區太平路22-6號,"https://www.google.com.tw/maps/place/%E8%8A%AD%E6%A8%82%E5%85%88%E7%94%9F+%E4%B8%80%E4%B8%AD%E5%BA%97/@24.1479495,120.6855065,21z/data=!3m1!5s0x34693d69754fa175:0x680e56c632893f07!4m6!3m5!1s0x34693d690e487be9:0xd1671bdb1111919f!8m2!3d24.1479368!4d120.685529!16s%2Fg%2F11f2b0cz7m?entry=ttu&g_ep=EgoyMDI1MDQxNC4xIKXMDSoASAFQAw%3D%3D"
盧の堡半月燒餡餅一中直營店,404台中市北區育才南街31號,"https://www.google.com.tw/maps/place/%E7%9B%A7%E3%81%AE%E5%A0%A1%E5%8D%8A%E6%9C%88%E7%87%92%E9%A4%A1%E9%A4%85%E4%B8%80%E4%B8%AD%E7%9B%B4%E7%87%9F%E5%BA%97/@24.1479217,120.6853697,21z/data=!3m1!5s0x34693d69754fa175:0x680e56c632893f07!4m6!3m5!1s0x34693d69a808f13b:0x7f809436d07eca85!8m2!3d24.1480675!4d120.685377!16s%2Fg%2F1tjz5pq2?entry=ttu&g_ep=EgoyMDI1MDQxNC4xIKXMDSoASAFQAw%3D%3D"
緣井豚骨拉麵,404台中市北區育才南街31號,"https://www.google.com.tw/maps/place/%E7%B7%A3%E4%BA%95%E8%B1%9A%E9%AA%A8%E6%8B%89%E9%BA%B5/@24.148041,120.6855105,21z/data=!3m1!5s0x34693d69754fa175:0x680e56c632893f07!4m6!3m5!1s0x34693d690f944acf:0xb27e0e3a48b3dbf7!8m2!3d24.1481068!4d120.6855952!16s%2Fg%2F11byylz8s7?entry=ttu&g_ep=EgoyMDI1MDQxNC4xIKXMDSoASAFQAw%3D%3D"
阿一滷味,404台中市北區尊賢街9號,"https://www.google.com.tw/maps/place/%E9%98%BF%E4%B8%80%E6%BB%B7%E5%91%B3/@24.1481347,120.6856283,20z/data=!4m6!3m5!1s0x34693d378a772c8b:0x4be835c5b21e06d6!8m2!3d24.1480875!4d120.68555!16s%2Fg%2F11vlcrsnfg?entry=ttu&g_ep=EgoyMDI1MDQxNC4xIKXMDSoASAFQAw%3D%3D"
法國道地吉拿棒 一中店/一中吉拿棒/一中街甜點/法國吉拿棒/台中吉拿棒/ churros / 部落客推薦/ 甜點,404台中市北區尊賢街8號,"https://www.google.com.tw/maps/place/%E6%B3%95%E5%9C%8B%E9%81%93%E5%9C%B0%E5%90%89%E6%8B%BF%E6%A3%92+%E4%B8%80%E4%B8%AD%E5%BA%97%2F%E4%B8%80%E4%B8%AD%E5%90%89%E6%8B%BF%E6%A3%92%2F%E4%B8%80%E4%B8%AD%E8%A1%97%E7%94%9C%E9%BB%9E%2F%E6%B3%95%E5%9C%8B%E5%90%89%E6%8B%BF%E6%A3%92%2F%E5%8F%B0%E4%B8%AD%E5%90%89%E6%8B%BF%E6%A3%92%2F+churros+%2F+%E9%83%A8%E8%90%BD%E5%AE%A2%E6%8E%A8%E8%96%A6%2F+%E7%94%9C%E9%BB%9E/@24.1478892,120.6853589,21z/data=!3m1!5s0x34693d69754fa175:0x680e56c632893f07!4m6!3m5!1s0x34693d333ae6f8bb:0xd9df49c5db6f15c4!8m2!3d24.1480208!4d120.6855171!16s%2Fg%2F11t7j8m_22?entry=ttu&g_ep=EgoyMDI1MDQxNC4xIKXMDSoASAFQAw%3D%3D"
黃g紅炸雞（一中店）,406台中市北屯區育才南街31號,"https://www.google.com.tw/maps/place/%E9%BB%83g%E7%B4%85%E7%82%B8%E9%9B%9E%EF%BC%88%E4%B8%80%E4%B8%AD%E5%BA%97%EF%BC%89/@24.1478892,120.6853589,21z/data=!3m1!5s0x34693d69754fa175:0x680e56c632893f07!4m6!3m5!1s0x34693d2bc6db033f:0xc16ce901b7d21a49!8m2!3d24.1479343!4d120.6854908!16s%2Fg%2F11n730_n82?entry=ttu&g_ep=EgoyMDI1MDQxNC4xIKXMDSoASAFQAw%3D%3D"
FANFANS CAFÉ 粉粉快閃主題餐廳｜台中一中店,404台中市北區太平路22號2樓,"https://www.google.com.tw/maps/place/FANFANS+CAF%C3%89+%E7%B2%89%E7%B2%89%E5%BF%AB%E9%96%83%E4%B8%BB%E9%A1%8C%E9%A4%90%E5%BB%B3%EF%BD%9C%E5%8F%B0%E4%B8%AD%E4%B8%80%E4%B8%AD%E5%BA%97/@24.1478892,120.6853589,21z/data=!3m1!5s0x34693d69754fa175:0x680e56c632893f07!4m6!3m5!1s0x346917bfce9e0c6b:0x1b715c7ec780d89b!8m2!3d24.1478888!4d120.6854966!16s%2Fg%2F11s4z0zpy4?entry=ttu&g_ep=EgoyMDI1MDQxNC4xIKXMDSoASAFQAw%3D%3D"
豪紀無骨御鮮雞-一中店,404台中市北區尊賢街4號,"https://www.google.com.tw/maps/place/%E8%B1%AA%E7%B4%80%E7%84%A1%E9%AA%A8%E5%BE%A1%E9%AE%AE%E9%9B%9E-%E4%B8%80%E4%B8%AD%E5%BA%97/@24.1479423,120.685521,21z/data=!4m6!3m5!1s0x34693d690fa4a36d:0xc4f1e38cab5fc3ee!8m2!3d24.1478801!4d120.6856537!16s%2Fg%2F11g8n_z8ky?entry=ttu&g_ep=EgoyMDI1MDQxNC4xIKXMDSoASAFQAw%3D%3D"
泰愛了 手工泰式奶茶 台中一中店,404台中市北區尊賢街2號,"https://www.google.com.tw/maps/place/%E6%B3%B0%E6%84%9B%E4%BA%86+%E6%89%8B%E5%B7%A5%E6%B3%B0%E5%BC%8F%E5%A5%B6%E8%8C%B6+%E5%8F%B0%E4%B8%AD%E4%B8%80%E4%B8%AD%E5%BA%97/@24.1480626,120.685644,21z/data=!4m6!3m5!1s0x34693d2ddbcda835:0x66649bfdd3c2ddf2!8m2!3d24.14795!4d120.685799!16s%2Fg%2F11y1r_b02w?entry=ttu&g_ep=EgoyMDI1MDQxNC4xIKXMDSoASAFQAw%3D%3D"
法國Anais吉拿棒 一中店,404台中市北區育才南街23號,"https://www.google.com.tw/maps/place/%E6%B3%95%E5%9C%8BAnais%E5%90%89%E6%8B%BF%E6%A3%92+%E4%B8%80%E4%B8%AD%E5%BA%97/@24.1480626,120.685644,21z/data=!4m6!3m5!1s0x34693d9c246c53e3:0xe26fcc94cfaa28bb!8m2!3d24.1481478!4d120.6857824!16s%2Fg%2F11s4y7d79_?entry=ttu&g_ep=EgoyMDI1MDQxNC4xIKXMDSoASAFQAw%3D%3D"
小紅帽韓式烤肉飯,404台中市北區尊賢街20號,"https://www.google.com.tw/maps/place/%E5%B0%8F%E7%B4%85%E5%B8%BD%E9%9F%93%E5%BC%8F%E7%83%A4%E8%82%89%E9%A3%AF/@24.1482564,120.685586,21z/data=!4m6!3m5!1s0x34693d69042da5b1:0xaa8f5e6ee2d40f30!8m2!3d24.1482717!4d120.6857822!16s%2Fg%2F11c59wrnqv?entry=ttu&g_ep=EgoyMDI1MDQxNC4xIKXMDSoASAFQAw%3D%3D"
兩津芙蓉蛋塔-台中一中店,404台中市北區尊賢街20號,"https://www.google.com.tw/maps/place/%E5%85%A9%E6%B4%A5%E8%8A%99%E8%93%89%E8%9B%8B%E5%A1%94-%E5%8F%B0%E4%B8%AD%E4%B8%80%E4%B8%AD%E5%BA%97/@24.1482026,120.6857268,21z/data=!4m6!3m5!1s0x34693d97d217ab6d:0x796409a1750a2929!8m2!3d24.1482538!4d120.6858652!16s%2Fg%2F11mhpk4my0?entry=ttu&g_ep=EgoyMDI1MDQxNC4xIKXMDSoASAFQAw%3D%3D"
老窗白糖粿（原台中一中正對面，僅此一家，絕無分店）,404台中市北區育才南街20號,"https://www.google.com.tw/maps/place/%E8%80%81%E7%AA%97%E7%99%BD%E7%B3%96%E7%B2%BF%EF%BC%88%E5%8E%9F%E5%8F%B0%E4%B8%AD%E4%B8%80%E4%B8%AD%E6%AD%A3%E5%B0%8D%E9%9D%A2%EF%BC%8C%E5%83%85%E6%AD%A4%E4%B8%80%E5%AE%B6%EF%BC%8C%E7%B5%95%E7%84%A1%E5%88%86%E5%BA%97%EF%BC%89/@24.1481897,120.6857885,21z/data=!4m6!3m5!1s0x34693da05b081ae7:0xd5378baa4dae97cd!8m2!3d24.1482352!4d120.6859347!16s%2Fg%2F11flt1z0_0?entry=ttu&g_ep=EgoyMDI1MDQxNC4xIKXMDSoASAFQAw%3D%3D"
姜蘇涼麵一中店,404台中市北區育才南街23號,"https://www.google.com.tw/maps/place/%E5%A7%9C%E8%98%87%E6%B6%BC%E9%BA%B5%E4%B8%80%E4%B8%AD%E5%BA%97/@24.148161,120.685877,21z/data=!4m6!3m5!1s0x34693dfcf805b5ff:0xa4e5659eac93c76a!8m2!3d24.1481138!4d120.6859497!16s%2Fg%2F11jj5ldlqp?entry=ttu&g_ep=EgoyMDI1MDQxNC4xIKXMDSoASAFQAw%3D%3D"
Thai煎 泰式香蕉煎餅專賣店 一中店,404台中市北區育才南街20號,"https://www.google.com.tw/maps/place/Thai%E7%85%8E+%E6%B3%B0%E5%BC%8F%E9%A6%99%E8%95%89%E7%85%8E%E9%A4%85%E5%B0%88%E8%B3%A3%E5%BA%97+%E4%B8%80%E4%B8%AD%E5%BA%97/@24.1481751,120.6859568,21z/data=!4m6!3m5!1s0x34693dc6c9b19ead:0x5892b66679777897!8m2!3d24.1482252!4d120.6860578!16s%2Fg%2F11fwcrbbgj?entry=ttu&g_ep=EgoyMDI1MDQxNC4xIKXMDSoASAFQAw%3D%3D"
山西刀削麵食館,404台中市北區育才南街18號,"https://www.google.com.tw/maps/place/%E5%B1%B1%E8%A5%BF%E5%88%80%E5%89%8A%E9%BA%B5%E9%A3%9F%E9%A4%A8/@24.1481751,120.6859568,21z/data=!4m6!3m5!1s0x34693d69075712ef:0xc6bda21790b95ee4!8m2!3d24.1482588!4d120.6860553!16s%2Fg%2F1wzt038k?entry=ttu&g_ep=EgoyMDI1MDQxNC4xIKXMDSoASAFQAw%3D%3D"
一中飯飯,404台中市北區育才南街1號,"https://www.google.com.tw/maps/place/%E4%B8%80%E4%B8%AD%E9%A3%AF%E9%A3%AF/@24.1479467,120.6864067,21z/data=!4m6!3m5!1s0x34693d6ddd1e309b:0x8e93e69e6e923312!8m2!3d24.1479234!4d120.6864135!16s%2Fg%2F11f3m9bbv2?entry=ttu&g_ep=EgoyMDI1MDQxNC4xIKXMDSoASAFQAw%3D%3D"
225號店,404台中市北區育才南街2號,"https://www.google.com.tw/maps/place/225%E8%99%9F%E5%BA%97/@24.1479226,120.6862763,21z/data=!4m6!3m5!1s0x34693d9113000f33:0x373fe8eeae3249f9!8m2!3d24.1479067!4d120.6864644!16s%2Fg%2F11y3y_mtcb?entry=ttu&g_ep=EgoyMDI1MDQxNC4xIKXMDSoASAFQAw%3D%3D"
鮨本道日本料理,404台中市北區育才南街2-2號,"https://www.google.com.tw/maps/place/%E9%AE%A8%E6%9C%AC%E9%81%93%E6%97%A5%E6%9C%AC%E6%96%99%E7%90%86/@24.1478938,120.6863809,21z/data=!3m1!5s0x34693d69aee2e251:0xafac3f251a41d8b2!4m6!3m5!1s0x34693df252df4341:0xe8eda307bd92dc57!8m2!3d24.1480556!4d120.6864785!16s%2Fg%2F11sd1gpqft?entry=ttu&g_ep=EgoyMDI1MDQxNC4xIKXMDSoASAFQAw%3D%3D"
辣椒田食堂〔川麵道雙十店〕全台灣第一家萬州小火鍋｜麻辣火鍋｜重慶烤魚｜串串香鴛鴦火鍋｜中台熱炒｜貢菜｜川菜｜冒菜｜酸菜魚｜夫妻肺片｜酸辣粉｜台中北區人氣創意料理推薦｜一中街美食｜水煮牛｜回鍋肉｜重慶小麵,40444台中市北區雙十路一段113-4號,"https://www.google.com.tw/maps/place/%E8%BE%A3%E6%A4%92%E7%94%B0%E9%A3%9F%E5%A0%82%E3%80%94%E5%B7%9D%E9%BA%B5%E9%81%93%E9%9B%99%E5%8D%81%E5%BA%97%E3%80%95%E5%85%A8%E5%8F%B0%E7%81%A3%E7%AC%AC%E4%B8%80%E5%AE%B6%E8%90%AC%E5%B7%9E%E5%B0%8F%E7%81%AB%E9%8D%8B%EF%BD%9C%E9%BA%BB%E8%BE%A3%E7%81%AB%E9%8D%8B%EF%BD%9C%E9%87%8D%E6%85%B6%E7%83%A4%E9%AD%9A%EF%BD%9C%E4%B8%B2%E4%B8%B2%E9%A6%99%E9%B4%9B%E9%B4%A6%E7%81%AB%E9%8D%8B%EF%BD%9C%E4%B8%AD%E5%8F%B0%E7%86%B1%E7%82%92%EF%BD%9C%E8%B2%A2%E8%8F%9C%EF%BD%9C%E5%B7%9D%E8%8F%9C%EF%BD%9C%E5%86%92%E8%8F%9C%EF%BD%9C%E9%85%B8%E8%8F%9C%E9%AD%9A%EF%BD%9C%E5%A4%AB%E5%A6%BB%E8%82%BA%E7%89%87%EF%BD%9C%E9%85%B8%E8%BE%A3%E7%B2%89%EF%BD%9C%E5%8F%B0%E4%B8%AD%E5%8C%97%E5%8D%80%E4%BA%BA%E6%B0%A3%E5%89%B5%E6%84%8F%E6%96%99%E7%90%86%E6%8E%A8%E8%96%A6%EF%BD%9C%E4%B8%80%E4%B8%AD%E8%A1%97%E7%BE%8E%E9%A3%9F%EF%BD%9C%E6%B0%B4%E7%85%AE%E7%89%9B%EF%BD%9C%E5%9B%9E%E9%8D%8B%E8%82%89%EF%BD%9C%E9%87%8D%E6%85%B6%E5%B0%8F%E9%BA%B5/@24.1478938,120.6863809,21z/data=!4m6!3m5!1s0x34693db89fe26d4f:0x2495190e893b59fb!8m2!3d24.1477818!4d120.686482!16s%2Fg%2F11jzxdmzq1?entry=ttu&g_ep=EgoyMDI1MDQxNC4xIKXMDSoASAFQAw%3D%3D"
偈亭-雙十總店,404台中市北區雙十路一段117之2號,"https://www.google.com.tw/maps/place/%E5%81%88%E4%BA%AD-%E9%9B%99%E5%8D%81%E7%B8%BD%E5%BA%97/@24.1480499,120.6866276,21z/data=!3m1!5s0x34693d69aee2e251:0xafac3f251a41d8b2!4m6!3m5!1s0x34691b9468193389:0x37d9ad179a3967cb!8m2!3d24.1481973!4d120.6867671!16s%2Fg%2F11b74vddh6?entry=ttu&g_ep=EgoyMDI1MDQxNC4xIKXMDSoASAFQAw%3D%3D"
多多茶坊,404台中市北區尊賢街38號,"https://www.google.com.tw/maps/place/%E5%A4%9A%E5%A4%9A%E8%8C%B6%E5%9D%8A/@24.1485544,120.6858896,21z/data=!4m6!3m5!1s0x34693d68fe2649eb:0xac68a4fe5b1dc2ef!8m2!3d24.1486957!4d120.6859259!16s%2Fg%2F1tglf1r7?entry=ttu&g_ep=EgoyMDI1MDQxNC4xIKXMDSoASAFQAw%3D%3D"
育中新村【一中總本舖】-台中市北區牛肉麵推薦|人氣牛肉麵|熱門牛肉麵|人氣蓋飯|必吃鍋燒麵|人氣鍋燒麵,40455台中市北區育才街9號,"https://www.google.com.tw/maps/place/%E8%82%B2%E4%B8%AD%E6%96%B0%E6%9D%91%E3%80%90%E4%B8%80%E4%B8%AD%E7%B8%BD%E6%9C%AC%E8%88%96%E3%80%91-%E5%8F%B0%E4%B8%AD%E5%B8%82%E5%8C%97%E5%8D%80%E7%89%9B%E8%82%89%E9%BA%B5%E6%8E%A8%E8%96%A6%7C%E4%BA%BA%E6%B0%A3%E7%89%9B%E8%82%89%E9%BA%B5%7C%E7%86%B1%E9%96%80%E7%89%9B%E8%82%89%E9%BA%B5%7C%E4%BA%BA%E6%B0%A3%E8%93%8B%E9%A3%AF%7C%E5%BF%85%E5%90%83%E9%8D%8B%E7%87%92%E9%BA%B5%7C%E4%BA%BA%E6%B0%A3%E9%8D%8B%E7%87%92%E9%BA%B5/@24.1489338,120.6864658,21z/data=!4m6!3m5!1s0x34693da2be57c657:0x2ccc44ebddf64642!8m2!3d24.1488407!4d120.6863949!16s%2Fg%2F11w9q14gbg?entry=ttu&g_ep=EgoyMDI1MDQxNC4xIKXMDSoASAFQAw%3D%3D"
一中豐仁冰,404台中市北區育才街3巷4-6號,"https://www.google.com.tw/maps/place/%E4%B8%80%E4%B8%AD%E8%B1%90%E4%BB%81%E5%86%B0/@24.1489338,120.6864658,21z/data=!4m6!3m5!1s0x34693d685108ae27:0xf5a50d81f231711c!8m2!3d24.1489934!4d120.6865512!16s%2Fg%2F1tdmms_p?entry=ttu&g_ep=EgoyMDI1MDQxNC4xIKXMDSoASAFQAw%3D%3D"
不老夢想125號(不老食光餐廳),404台中市北區雙十路一段125號,"https://www.google.com.tw/maps/place/%E4%B8%8D%E8%80%81%E5%A4%A2%E6%83%B3125%E8%99%9F(%E4%B8%8D%E8%80%81%E9%A3%9F%E5%85%89%E9%A4%90%E5%BB%B3)/@24.148796,120.6868151,20.75z/data=!4m6!3m5!1s0x34693d68527dab61:0xb6e3dbd8b422b1d7!8m2!3d24.1487807!4d120.6869459!16s%2Fg%2F11f5t_bslc?entry=ttu&g_ep=EgoyMDI1MDQxNC4xIKXMDSoASAFQAw%3D%3D"
泰丘鍋物,404台中市北區一中街98號二樓,"https://www.google.com.tw/maps/place/%E6%B3%B0%E4%B8%98%E9%8D%8B%E7%89%A9/@24.1492815,120.6850631,20z/data=!4m6!3m5!1s0x34693d72b2d61ab1:0x711e2f54474faa23!8m2!3d24.1493511!4d120.6852057!16s%2Fg%2F11fj83t1lm?entry=ttu&g_ep=EgoyMDI1MDQxNC4xIKXMDSoASAFQAw%3D%3D"
王美湯好 獨享鍋 鍋燒麵,台中市 40444台中市北區一中街96號 IPLAZA一樓美食街攤位No13 1st. floor No,"https://www.google.com.tw/maps/place/%E7%8E%8B%E7%BE%8E%E6%B9%AF%E5%A5%BD+%E7%8D%A8%E4%BA%AB%E9%8D%8B+%E9%8D%8B%E7%87%92%E9%BA%B5/@24.1492815,120.6850631,20z/data=!4m6!3m5!1s0x34693d6c262f6c33:0xb791b70cdcba9d6a!8m2!3d24.1492874!4d120.6852399!16s%2Fg%2F11tcc663nh?entry=ttu&g_ep=EgoyMDI1MDQxNC4xIKXMDSoASAFQAw%3D%3D"
萊萊美食飯館 型男牛排館,404台中市北區一中街90號,"https://www.google.com.tw/maps/place/%E8%90%8A%E8%90%8A%E7%BE%8E%E9%A3%9F%E9%A3%AF%E9%A4%A8+%E5%9E%8B%E7%94%B7%E7%89%9B%E6%8E%92%E9%A4%A8/@24.1491274,120.6847655,20z/data=!4m6!3m5!1s0x34693d68e163f685:0x32ca456f96836de2!8m2!3d24.1491305!4d120.6850308!16s%2Fg%2F11f11p0kcw?entry=ttu&g_ep=EgoyMDI1MDQxNC4xIKXMDSoASAFQAw%3D%3D"
拉麵次郎長,404台中市北區一中街,"https://www.google.com.tw/maps/place/%E6%8B%89%E9%BA%B5%E6%AC%A1%E9%83%8E%E9%95%B7/@24.1494547,120.6848332,20z/data=!4m6!3m5!1s0x34693d68e670c669:0x61e2e8b481530586!8m2!3d24.1494547!4d120.6850267!16s%2Fg%2F11l6t2lf81?entry=ttu&g_ep=EgoyMDI1MDQxNC4xIKXMDSoASAFQAw%3D%3D"
金牌巨無霸臭豆腐,404台中市北區育才街27巷1號,"https://www.google.com.tw/maps/place/%E9%87%91%E7%89%8C%E5%B7%A8%E7%84%A1%E9%9C%B8%E8%87%AD%E8%B1%86%E8%85%90/@24.1494547,120.6848332,20z/data=!4m6!3m5!1s0x34693d68e6852afd:0xe94c1c2c1755be6!8m2!3d24.1494267!4d120.6849861!16s%2Fg%2F11g5zx0ck_?entry=ttu&g_ep=EgoyMDI1MDQxNC4xIKXMDSoASAFQAw%3D%3D"
灶福建炒麵,404台中市北區育才街27之1號一中商圈,"https://www.google.com.tw/maps/place/%E7%81%B6%E7%A6%8F%E5%BB%BA%E7%82%92%E9%BA%B5/@24.1494081,120.6848861,20.5z/data=!4m6!3m5!1s0x34693d0f7cd0a531:0xf262a6ed5b7b6cac!8m2!3d24.1493908!4d120.684965!16s%2Fg%2F11mp9lbv6w?entry=ttu&g_ep=EgoyMDI1MDQxNC4xIKXMDSoASAFQAw%3D%3D"
二口美食 炒飯麵食專門店 - 一中街必吃 一中街牛排 自動炒飯機 30年老店 台中推薦人氣美食 PTT推薦 一中街首選 有內用冷氣座位,404台中市北區一中街83-2號,"https://www.google.com.tw/maps/place/%E4%BA%8C%E5%8F%A3%E7%BE%8E%E9%A3%9F+%E7%82%92%E9%A3%AF%E9%BA%B5%E9%A3%9F%E5%B0%88%E9%96%80%E5%BA%97+-+%E4%B8%80%E4%B8%AD%E8%A1%97%E5%BF%85%E5%90%83+%E4%B8%80%E4%B8%AD%E8%A1%97%E7%89%9B%E6%8E%92+%E8%87%AA%E5%8B%95%E7%82%92%E9%A3%AF%E6%A9%9F+30%E5%B9%B4%E8%80%81%E5%BA%97+%E5%8F%B0%E4%B8%AD%E6%8E%A8%E8%96%A6%E4%BA%BA%E6%B0%A3%E7%BE%8E%E9%A3%9F+PTT%E6%8E%A8%E8%96%A6+%E4%B8%80%E4%B8%AD%E8%A1%97%E9%A6%96%E9%81%B8+%E6%9C%89%E5%85%A7%E7%94%A8%E5%86%B7%E6%B0%A3%E5%BA%A7%E4%BD%8D/@24.1494081,120.6848861,20.5z/data=!4m6!3m5!1s0x34693d68e6d01045:0x6a968e4510307526!8m2!3d24.1493065!4d120.684902!16s%2Fg%2F1tddpy6n?entry=ttu&g_ep=EgoyMDI1MDQxNC4xIKXMDSoASAFQAw%3D%3D"
一中街打餅舖烙餅,404台中市北區一中街83號,"https://www.google.com.tw/maps/place/%E4%B8%80%E4%B8%AD%E8%A1%97%E6%89%93%E9%A4%85%E8%88%96%E7%83%99%E9%A4%85/@24.1493039,120.6847176,20z/data=!4m6!3m5!1s0x34693d68ec579e2f:0xa04ec573d9c2c5!8m2!3d24.1492292!4d120.6848694!16s%2Fg%2F1tdk_98m?entry=ttu&g_ep=EgoyMDI1MDQxNC4xIKXMDSoASAFQAw%3D%3D"
一中8兩碳烤雞排,404台中市北區尊賢街9號,"https://www.google.com.tw/maps/place/%E4%B8%80%E4%B8%AD8%E5%85%A9%E7%A2%B3%E7%83%A4%E9%9B%9E%E6%8E%92/@24.149142,120.6846488,20z/data=!4m6!3m5!1s0x34693d68e2c5c531:0x275f157dccfc200e!8m2!3d24.1490773!4d120.6849659!16s%2Fg%2F11xj3zxl0?entry=ttu&g_ep=EgoyMDI1MDQxNC4xIKXMDSoASAFQAw%3D%3D"
一中街鳥蛋達人&極上冰糖葫蘆,404台中市北區尊賢街16號豪大雞排斜對面,"https://www.google.com.tw/maps/place/%E4%B8%80%E4%B8%AD%E8%A1%97%E9%B3%A5%E8%9B%8B%E9%81%94%E4%BA%BA%26%E6%A5%B5%E4%B8%8A%E5%86%B0%E7%B3%96%E8%91%AB%E8%98%86/@24.1490445,120.6848517,21z/data=!4m6!3m5!1s0x34693d3fd6cc95d5:0xfa40919ee2417f43!8m2!3d24.1490445!4d120.6849885!16s%2Fg%2F11kq7xbnvr?entry=ttu&g_ep=EgoyMDI1MDQxNC4xIKXMDSoASAFQAw%3D%3D"
益香轟炸魷魚,404台中市北區一中街43號,"https://www.google.com.tw/maps/place/%E7%9B%8A%E9%A6%99%E8%BD%9F%E7%82%B8%E9%AD%B7%E9%AD%9A/@24.1490445,120.6848517,21z/data=!3m1!5s0x34693d691fdad625:0xd5b1238dc9dbe1e4!4m6!3m5!1s0x34693d691f96e73b:0x256156f9e686726f!8m2!3d24.1489658!4d120.6849362!16s%2Fg%2F11cnb2jsvn?entry=ttu&g_ep=EgoyMDI1MDQxNC4xIKXMDSoASAFQAw%3D%3D"
有利脆皮豬-台中一中店,404009台中市北區育才街29號,"https://www.google.com.tw/maps/place/%E6%9C%89%E5%88%A9%E8%84%86%E7%9A%AE%E8%B1%AC-%E5%8F%B0%E4%B8%AD%E4%B8%80%E4%B8%AD%E5%BA%97/@24.1494593,120.6848252,21z/data=!4m6!3m5!1s0x34693d69442f53a3:0xcb9fb07f844a3d1c!8m2!3d24.1494593!4d120.6849618!16s%2Fg%2F11sj778hzk?entry=ttu&g_ep=EgoyMDI1MDQxNC4xIKXMDSoASAFQAw%3D%3D"
上和園滷味,40444台中市北區育才街4號,"https://www.google.com.tw/maps/place/%E4%B8%8A%E5%92%8C%E5%9C%92%E6%BB%B7%E5%91%B3/@24.149504,120.6850364,21z/data=!4m6!3m5!1s0x34693d68ef302e01:0xcaa2112276790811!8m2!3d24.1496137!4d120.6850815!16s%2Fg%2F1tgn7c52?entry=ttu&g_ep=EgoyMDI1MDQxNC4xIKXMDSoASAFQAw%3D%3D"
一中湯包‧大湯餃,404台中市北區育才街4號,"https://www.google.com.tw/maps/place/%E4%B8%80%E4%B8%AD%E6%B9%AF%E5%8C%85%E2%80%A7%E5%A4%A7%E6%B9%AF%E9%A4%83/@24.149504,120.6850364,21z/data=!4m6!3m5!1s0x34693d68f86e7593:0x4d9b05d76f4f23ab!8m2!3d24.1496484!4d120.6850517!16s%2Fg%2F1tm_zzg5?entry=ttu&g_ep=EgoyMDI1MDQxNC4xIKXMDSoASAFQAw%3D%3D"
小蜜蜂炒麵,404台中市北區育才街4號,"https://www.google.com.tw/maps/place/%E5%B0%8F%E8%9C%9C%E8%9C%82%E7%82%92%E9%BA%B5/@24.1496484,120.684915,21z/data=!4m6!3m5!1s0x34693d68e8a22a39:0x215695752bb379c8!8m2!3d24.1496017!4d120.6849502!16s%2Fg%2F11c0xhdsx8?entry=ttu&g_ep=EgoyMDI1MDQxNC4xIKXMDSoASAFQAw%3D%3D"
一中夜市福州包,404台中市北區育才街8-2號,"https://www.google.com.tw/maps/place/%E4%B8%80%E4%B8%AD%E5%A4%9C%E5%B8%82%E7%A6%8F%E5%B7%9E%E5%8C%85/@24.1496484,120.684915,21z/data=!4m6!3m5!1s0x34693d1c244c8fbd:0xa04a9d8895e6259d!8m2!3d24.1496159!4d120.6848951!16s%2Fg%2F11tp8rvpsc?entry=ttu&g_ep=EgoyMDI1MDQxNC4xIKXMDSoASAFQAw%3D%3D"
幸福良心,404台中市北區育才街31-1號,"https://www.google.com.tw/maps/place/%E5%B9%B8%E7%A6%8F%E8%89%AF%E5%BF%83/@24.1494593,120.6848252,21z/data=!4m6!3m5!1s0x34693d6eeedcdec5:0xe712c1d7f6b64937!8m2!3d24.1495311!4d120.6849109!16s%2Fg%2F11bv6pj0q_?entry=ttu&g_ep=EgoyMDI1MDQxNC4xIKXMDSoASAFQAw%3D%3D"
蛋蛋滷味,404台中市北區一中街,"https://www.google.com.tw/maps/place/%E8%9B%8B%E8%9B%8B%E6%BB%B7%E5%91%B3/@24.1496159,120.6847585,21z/data=!4m6!3m5!1s0x34693d68e588ff97:0xe3ceaf4e698fd480!8m2!3d24.1496786!4d120.6848682!16s%2Fg%2F11h0hq6jt?entry=ttu&g_ep=EgoyMDI1MDQxNC4xIKXMDSoASAFQAw%3D%3D"
一中咕咕園-一中店,404台中市北區育才街8-2號號前,"https://www.google.com.tw/maps/place/%E4%B8%80%E4%B8%AD%E5%92%95%E5%92%95%E5%9C%92-%E4%B8%80%E4%B8%AD%E5%BA%97/@24.1496159,120.6847585,21z/data=!4m6!3m5!1s0x34693d16bd824ed3:0xd508a00243e2a0b5!8m2!3d24.1496741!4d120.6848208!16s%2Fg%2F11h4cqg4c3?entry=ttu&g_ep=EgoyMDI1MDQxNC4xIKXMDSoASAFQAw%3D%3D"
Jun patties 君漢堡排 ｜早午晚餐/輕食,404台中市北區育才街8號,"https://www.google.com.tw/maps/place/Jun+patties+%E5%90%9B%E6%BC%A2%E5%A0%A1%E6%8E%92+%EF%BD%9C%E6%97%A9%E5%8D%88%E6%99%9A%E9%A4%90%2F%E8%BC%95%E9%A3%9F/@24.1496159,120.6847585,21z/data=!3m1!5s0x34693d68e8268aad:0x74e825063d95d08d!4m6!3m5!1s0x34693dd32a710f71:0x593503f73689d038!8m2!3d24.1497276!4d120.6846847!16s%2Fg%2F11w9nsk7qx?entry=ttu&g_ep=EgoyMDI1MDQxNC4xIKXMDSoASAFQAw%3D%3D"
茶罐子,404台中市北區育才街8之2號,"https://www.google.com.tw/maps/place/%E8%8C%B6%E7%BD%90%E5%AD%90/@24.1497276,120.6845479,21z/data=!3m1!5s0x34693d68e8268aad:0x74e825063d95d08d!4m6!3m5!1s0x34693d68e8e3ee75:0xd385b05be1ffc6d2!8m2!3d24.1497486!4d120.6846397!16s%2Fg%2F1w0h57rb?entry=ttu&g_ep=EgoyMDI1MDQxNC4xIKXMDSoASAFQAw%3D%3D"
饗初格子Q鬆餅,404台中市北區育才街16號,"https://www.google.com.tw/maps/place/%E9%A5%97%E5%88%9D%E6%A0%BC%E5%AD%90Q%E9%AC%86%E9%A4%85/@24.1498255,120.6843695,21z/data=!4m6!3m5!1s0x34693d68c4f5e91d:0xdd1a026863249331!8m2!3d24.1498255!4d120.6845063!16s%2Fg%2F12hp7qgh1?entry=ttu&g_ep=EgoyMDI1MDQxNC4xIKXMDSoASAFQAw%3D%3D"
明仁二代目一中店,404台中市北區三民路三段112-1號,"https://www.google.com.tw/maps/place/%E6%98%8E%E4%BB%81%E4%BA%8C%E4%BB%A3%E7%9B%AE%E4%B8%80%E4%B8%AD%E5%BA%97/@24.1496369,120.6844773,20.75z/data=!3m1!5s0x34693d68dba14405:0x25631351b9f52467!4m6!3m5!1s0x34693d502e736c19:0x663f6e0670d88d2f!8m2!3d24.1495166!4d120.6842458!16s%2Fg%2F11nsl0_7n6?entry=ttu&g_ep=EgoyMDI1MDQxNC4xIKXMDSoASAFQAw%3D%3D"
現烤起司棒,404台中市北區三民路三段112號,"https://www.google.com.tw/maps/place/%E7%8F%BE%E7%83%A4%E8%B5%B7%E5%8F%B8%E6%A3%92/@24.1495168,120.6840832,20z/data=!3m1!5s0x34693d68dba14405:0x25631351b9f52467!4m6!3m5!1s0x34693d68db2b5721:0xacf88f5510333e28!8m2!3d24.1496272!4d120.6842678!16s%2Fg%2F11fzb_1bdf?entry=ttu&g_ep=EgoyMDI1MDQxNC4xIKXMDSoASAFQAw%3D%3D"
OT蛋餅一中大本營,404台中市北區三民路三段112號-1號,"https://www.google.com.tw/maps/place/OT%E8%9B%8B%E9%A4%85%E4%B8%80%E4%B8%AD%E5%A4%A7%E6%9C%AC%E7%87%9F/@24.1495168,120.6840832,20z/data=!3m1!5s0x34693d68dba14405:0x25631351b9f52467!4m6!3m5!1s0x34693d68dd7e3639:0xe2d8a47d73aa0511!8m2!3d24.149752!4d120.684302!16s%2Fg%2F11c1x2k7vf?entry=ttu&g_ep=EgoyMDI1MDQxNC4xIKXMDSoASAFQAw%3D%3D"
神攻沙威瑪 台中一中店,404台中市北區三民路三段112之1號,"https://www.google.com.tw/maps/place/%E7%A5%9E%E6%94%BB%E6%B2%99%E5%A8%81%E7%91%AA+%E5%8F%B0%E4%B8%AD%E4%B8%80%E4%B8%AD%E5%BA%97/@24.1495168,120.6840832,20z/data=!4m6!3m5!1s0x34693d53489c01b1:0xaf413ed5f0429a7f!8m2!3d24.1497961!4d120.6842003!16s%2Fg%2F11w2m4mhxf?entry=ttu&g_ep=EgoyMDI1MDQxNC4xIKXMDSoASAFQAw%3D%3D"
拿手mio - 軟Q貝果&飲品專賣店,404台中市北區三民路三段114號,"https://www.google.com.tw/maps/place/%E6%8B%BF%E6%89%8Bmio+-+%E8%BB%9FQ%E8%B2%9D%E6%9E%9C%26%E9%A3%B2%E5%93%81%E5%B0%88%E8%B3%A3%E5%BA%97/@24.1495168,120.6840832,20z/data=!4m6!3m5!1s0x34693d3635506cf5:0xd2e60f0bdff9bdfd!8m2!3d24.1498498!4d120.6842325!16s%2Fg%2F11p_6k7wzt?entry=ttu&g_ep=EgoyMDI1MDQxNC4xIKXMDSoASAFQAw%3D%3D"
HUN混,404台中市北區三民路三段114號2樓,"https://www.google.com.tw/maps/place/HUN%E6%B7%B7/@24.1496726,120.6842589,21z/data=!4m6!3m5!1s0x34693d68c47cfd9d:0xfb3d129e4525369a!8m2!3d24.149876!4d120.684317!16s%2Fg%2F11b634bwyd?entry=ttu&g_ep=EgoyMDI1MDQxNC4xIKXMDSoASAFQAw%3D%3D"
紅旗地瓜球-台中.一中街 ( 人氣美食推薦，必吃小吃，地瓜球，中科大附近點心推薦，紅旗地瓜球地瓜薯條)台中北區推薦必吃美食,404台中市北區三民路三段114號,"https://www.google.com.tw/maps/place/%E7%B4%85%E6%97%97%E5%9C%B0%E7%93%9C%E7%90%83-%E5%8F%B0%E4%B8%AD.%E4%B8%80%E4%B8%AD%E8%A1%97+(+%E4%BA%BA%E6%B0%A3%E7%BE%8E%E9%A3%9F%E6%8E%A8%E8%96%A6%EF%BC%8C%E5%BF%85%E5%90%83%E5%B0%8F%E5%90%83%EF%BC%8C%E5%9C%B0%E7%93%9C%E7%90%83%EF%BC%8C%E4%B8%AD%E7%A7%91%E5%A4%A7%E9%99%84%E8%BF%91%E9%BB%9E%E5%BF%83%E6%8E%A8%E8%96%A6%EF%BC%8C%E7%B4%85%E6%97%97%E5%9C%B0%E7%93%9C%E7%90%83%E5%9C%B0%E7%93%9C%E8%96%AF%E6%A2%9D)%E5%8F%B0%E4%B8%AD%E5%8C%97%E5%8D%80%E6%8E%A8%E8%96%A6%E5%BF%85%E5%90%83%E7%BE%8E%E9%A3%9F/@24.149738,120.6843669,21z/data=!4m6!3m5!1s0x34693d23f6489b89:0xe798d76c47476420!8m2!3d24.1498693!4d120.6844323!16s%2Fg%2F11y3n7bfjr?entry=ttu&g_ep=EgoyMDI1MDQxNC4xIKXMDSoASAFQAw%3D%3D"
花旗脆皮雞蛋糕,404台中市北區育才街6巷2號,"https://www.google.com.tw/maps/place/%E8%8A%B1%E6%97%97%E8%84%86%E7%9A%AE%E9%9B%9E%E8%9B%8B%E7%B3%95/@24.1498468,120.6851927,20.5z/data=!4m6!3m5!1s0x34693d68a343e4e1:0x11b79c2f0c96a976!8m2!3d24.1497686!4d120.6851544!16s%2Fg%2F11h102jv7?entry=ttu&g_ep=EgoyMDI1MDQxNC4xIKXMDSoASAFQAw%3D%3D"
佐野拉麵,404台中市北區育才街6巷3之4號,"https://www.google.com.tw/maps/place/%E4%BD%90%E9%87%8E%E6%8B%89%E9%BA%B5/@24.149787,120.6847705,20z/data=!4m6!3m5!1s0x34693d68ea4e5823:0x984550bca8c0bdda!8m2!3d24.1498695!4d120.6848473!16s%2Fg%2F1td15kzj?entry=ttu&g_ep=EgoyMDI1MDQxNC4xIKXMDSoASAFQAw%3D%3D"
鑫吉野烤肉飯（一中店）,404台中市北區育才街6巷3-1號,"https://www.google.com.tw/maps/place/%E9%91%AB%E5%90%89%E9%87%8E%E7%83%A4%E8%82%89%E9%A3%AF%EF%BC%88%E4%B8%80%E4%B8%AD%E5%BA%97%EF%BC%89/@24.1499166,120.6847645,20.5z/data=!4m6!3m5!1s0x34693d60bb78bac1:0xe5043ac6463eb3c5!8m2!3d24.1499095!4d120.6848774!16s%2Fg%2F11rrv851b6?entry=ttu&g_ep=EgoyMDI1MDQxNC4xIKXMDSoASAFQAw%3D%3D"
曙光† Aurore Maid Café,404台中市北區三民路三段120巷4號1樓,"https://www.google.com.tw/maps/place/%E6%9B%99%E5%85%89%E2%80%A0+Aurore+Maid+Caf%C3%A9/@24.1499166,120.6847645,20.5z/data=!4m6!3m5!1s0x34693d754ea4d54b:0xc017ab7655065b05!8m2!3d24.1499219!4d120.6846575!16s%2Fg%2F11kjlmsq15?entry=ttu&g_ep=EgoyMDI1MDQxNC4xIKXMDSoASAFQAw%3D%3D"
九州日式豚骨拉麵(一中店),404台中市北區三民路三段120巷1號,"https://www.google.com.tw/maps/place/%E4%B9%9D%E5%B7%9E%E6%97%A5%E5%BC%8F%E8%B1%9A%E9%AA%A8%E6%8B%89%E9%BA%B5(%E4%B8%80%E4%B8%AD%E5%BA%97)/@24.1499987,120.6844966,20z/data=!3m1!5s0x34693d68c18d9a4f:0x87904a3325ecab11!4m6!3m5!1s0x34693d68c17e5a07:0xce531efae1ae7b60!8m2!3d24.1499902!4d120.6845123!16s%2Fg%2F1th7_pgw?entry=ttu&g_ep=EgoyMDI1MDQxNC4xIKXMDSoASAFQAw%3D%3D"
奔跑吧!年糕鍋,404台中市北區一中街89號,"https://www.google.com.tw/maps/place/%E5%A5%94%E8%B7%91%E5%90%A7!%E5%B9%B4%E7%B3%95%E9%8D%8B/@24.1499369,120.685142,21z/data=!4m6!3m5!1s0x34693d68ed73cdad:0xfa75447b7d450733!8m2!3d24.1500002!4d120.6852828!16s%2Fg%2F11cn5sj9__?entry=ttu&g_ep=EgoyMDI1MDQxNC4xIKXMDSoASAFQAw%3D%3D"
大阪拓海家拉麵 - 台中推薦人氣必吃拉麵 一中街美食 蓋飯 日式拉麵 日本料理 熱門餐廳 PTT推薦 首選,404台中市北區一中街93號,"https://www.google.com.tw/maps/place/%E5%A4%A7%E9%98%AA%E6%8B%93%E6%B5%B7%E5%AE%B6%E6%8B%89%E9%BA%B5+-+%E5%8F%B0%E4%B8%AD%E6%8E%A8%E8%96%A6%E4%BA%BA%E6%B0%A3%E5%BF%85%E5%90%83%E6%8B%89%E9%BA%B5+%E4%B8%80%E4%B8%AD%E8%A1%97%E7%BE%8E%E9%A3%9F+%E8%93%8B%E9%A3%AF+%E6%97%A5%E5%BC%8F%E6%8B%89%E9%BA%B5+%E6%97%A5%E6%9C%AC%E6%96%99%E7%90%86+%E7%86%B1%E9%96%80%E9%A4%90%E5%BB%B3+PTT%E6%8E%A8%E8%96%A6+%E9%A6%96%E9%81%B8/@24.1499369,120.685142,21z/data=!4m6!3m5!1s0x34693d68ece317a9:0xf19908c46c365e72!8m2!3d24.150033!4d120.6852995!16s%2Fg%2F1tf7_b8d?entry=ttu&g_ep=EgoyMDI1MDQxNC4xIKXMDSoASAFQAw%3D%3D"
默金 Pasta 義大利麵,404台中市北區三民路三段120巷4-1號1樓,"https://www.google.com.tw/maps/place/%E9%BB%98%E9%87%91+Pasta+%E7%BE%A9%E5%A4%A7%E5%88%A9%E9%BA%B5/@24.1499353,120.6848338,20.25z/data=!4m6!3m5!1s0x34693d858743067f:0xe8c129d5691187e9!8m2!3d24.1500384!4d120.6847159!16s%2Fg%2F11y9hw9f42?entry=ttu&g_ep=EgoyMDI1MDQxNC4xIKXMDSoASAFQAw%3D%3D"
牛屋麵館（新一中店）,404台中市北區育才街6巷3-5號,"https://www.google.com.tw/maps/place/%E7%89%9B%E5%B1%8B%E9%BA%B5%E9%A4%A8%EF%BC%88%E6%96%B0%E4%B8%80%E4%B8%AD%E5%BA%97%EF%BC%89/@24.1502309,120.6848346,21z/data=!4m6!3m5!1s0x34693df79e1772f1:0xd7d760c4487e3622!8m2!3d24.1500922!4d120.6849188!16s%2Fg%2F11ldv3ysz3?entry=ttu&g_ep=EgoyMDI1MDQxNC4xIKXMDSoASAFQAw%3D%3D"
橙 義大利麵,404台中市北區三民路三段120巷7號,"https://www.google.com.tw/maps/place/%E6%A9%99+%E7%BE%A9%E5%A4%A7%E5%88%A9%E9%BA%B5/@24.150121,120.6845921,21z/data=!4m6!3m5!1s0x34693dd3788ebc91:0xb764b79a983cf4b4!8m2!3d24.1501449!4d120.6845696!16s%2Fg%2F11s_0ylty7?entry=ttu&g_ep=EgoyMDI1MDQxNC4xIKXMDSoASAFQAw%3D%3D"
一中牛肉麵,404台中市北區育才街6巷5號,"https://www.google.com.tw/maps/place/%E4%B8%80%E4%B8%AD%E7%89%9B%E8%82%89%E9%BA%B5/@24.1500641,120.6848477,20.5z/data=!4m6!3m5!1s0x34693d68eae25513:0x5eafe8d1be7ee395!8m2!3d24.1501568!4d120.6849402!16s%2Fg%2F1tl8hg8p?entry=ttu&g_ep=EgoyMDI1MDQxNC4xIKXMDSoASAFQAw%3D%3D"
食の初-炸蛋雞魯飯職人專門店,40457台中市北區三民路三段126巷3號1F,"https://www.google.com.tw/maps/place/%E9%A3%9F%E3%81%AE%E5%88%9D-%E7%82%B8%E8%9B%8B%E9%9B%9E%E9%AD%AF%E9%A3%AF%E8%81%B7%E4%BA%BA%E5%B0%88%E9%96%80%E5%BA%97/@24.1501946,120.6848166,17z/data=!4m6!3m5!1s0x34693dfc18e94571:0xe4257024d9580eec!8m2!3d24.1501946!4d120.6848166!16s%2Fg%2F11s5_vysqk?entry=ttu&g_ep=EgoyMDI1MDQxNC4xIKXMDSoASAFQAw%3D%3D"
HERE拉麵館,404台中市北區育才街6巷3之6號,"https://www.google.com.tw/maps/place/HERE%E6%8B%89%E9%BA%B5%E9%A4%A8/@24.1500675,120.6849007,20.75z/data=!4m6!3m5!1s0x34693d68eb71267b:0xb3386cd22a1d6dbe!8m2!3d24.150106!4d120.684995!16s%2Fg%2F11qbkm16cq?entry=ttu&g_ep=EgoyMDI1MDQxNC4xIKXMDSoASAFQAw%3D%3D"
求求辣年糕,404台中市北區三民路三段126巷4號,"https://www.google.com.tw/maps/place/%E6%B1%82%E6%B1%82%E8%BE%A3%E5%B9%B4%E7%B3%95/@24.1502676,120.6846012,21z/data=!4m6!3m5!1s0x3442a97331110df3:0xf48f01a51f3ca158!8m2!3d24.1502052!4d120.6848175!16s%2Fg%2F11bxdtm35d?entry=ttu&g_ep=EgoyMDI1MDQxNC4xIKXMDSoASAFQAw%3D%3D"
一郎食堂。韓國泡麵專賣,404台中市北區三民路三段126巷3-1號,"https://www.google.com.tw/maps/place/%E4%B8%80%E9%83%8E%E9%A3%9F%E5%A0%82%E3%80%82%E9%9F%93%E5%9C%8B%E6%B3%A1%E9%BA%B5%E5%B0%88%E8%B3%A3/@24.1502468,120.6844788,21z/data=!4m6!3m5!1s0x34693d66aaaaaaab:0x10542b127c814df5!8m2!3d24.150222!4d120.6847186!16s%2Fg%2F11f57dk3pf?entry=ttu&g_ep=EgoyMDI1MDQxNC4xIKXMDSoASAFQAw%3D%3D"
花漾轉轉鍋 | 一中火鍋 | 火鍋吃到飽 | 宵夜吃到飽,40445台中市北區三民路三段126巷1號,"https://www.google.com.tw/maps/place/%E8%8A%B1%E6%BC%BE%E8%BD%89%E8%BD%89%E9%8D%8B+%7C+%E4%B8%80%E4%B8%AD%E7%81%AB%E9%8D%8B+%7C+%E7%81%AB%E9%8D%8B%E5%90%83%E5%88%B0%E9%A3%BD+%7C+%E5%AE%B5%E5%A4%9C%E5%90%83%E5%88%B0%E9%A3%BD/@24.1501547,120.6846357,21z/data=!4m6!3m5!1s0x34693dfc7e11cfa3:0xa98d9995a674453f!8m2!3d24.1502467!4d120.6846157!16s%2Fg%2F11pvmjd9s_?entry=ttu&g_ep=EgoyMDI1MDQxNC4xIKXMDSoASAFQAw%3D%3D"
陳家泰式豬血糕,404台中市北區一中街94號,"https://www.google.com.tw/maps/place/%E9%99%B3%E5%AE%B6%E6%B3%B0%E5%BC%8F%E8%B1%AC%E8%A1%80%E7%B3%95/@24.150003,120.6852399,21z/data=!4m6!3m5!1s0x34693d0015768b53:0xc16925186b472dfc!8m2!3d24.1500642!4d120.6853584!16s%2Fg%2F11y5qbvc4y?entry=ttu&g_ep=EgoyMDI1MDQxNC4xIKXMDSoASAFQAw%3D%3D"
丸勝咖哩洋食-台中一中街人氣推薦美食 咖哩飯 日式咖哩 客製化日式料理 PTT網友推薦和風料理餐廳 必吃咖哩 好吃豬排,404台中市北區一中街95號,"https://www.google.com.tw/maps/place/%E4%B8%B8%E5%8B%9D%E5%92%96%E5%93%A9%E6%B4%8B%E9%A3%9F-%E5%8F%B0%E4%B8%AD%E4%B8%80%E4%B8%AD%E8%A1%97%E4%BA%BA%E6%B0%A3%E6%8E%A8%E8%96%A6%E7%BE%8E%E9%A3%9F+%E5%92%96%E5%93%A9%E9%A3%AF+%E6%97%A5%E5%BC%8F%E5%92%96%E5%93%A9+%E5%AE%A2%E8%A3%BD%E5%8C%96%E6%97%A5%E5%BC%8F%E6%96%99%E7%90%86+PTT%E7%B6%B2%E5%8F%8B%E6%8E%A8%E8%96%A6%E5%92%8C%E9%A2%A8%E6%96%99%E7%90%86%E9%A4%90%E5%BB%B3+%E5%BF%85%E5%90%83%E5%92%96%E5%93%A9+%E5%A5%BD%E5%90%83%E8%B1%AC%E6%8E%92/@24.1500485,120.6851666,20.5z/data=!4m6!3m5!1s0x34693d69226bbc7f:0xb00812a8995e9397!8m2!3d24.1501408!4d120.6852808!16s%2Fg%2F11cnbxhc_h?entry=ttu&g_ep=EgoyMDI1MDQxNC4xIKXMDSoASAFQAw%3D%3D"
JT燉飯-台中一中街 義式料理美食餐廳 燉飯 義大利麵 披薩pizza專賣店推薦,404台中市北區一中街97號,"https://www.google.com.tw/maps/place/JT%E7%87%89%E9%A3%AF-%E5%8F%B0%E4%B8%AD%E4%B8%80%E4%B8%AD%E8%A1%97+%E7%BE%A9%E5%BC%8F%E6%96%99%E7%90%86%E7%BE%8E%E9%A3%9F%E9%A4%90%E5%BB%B3+%E7%87%89%E9%A3%AF+%E7%BE%A9%E5%A4%A7%E5%88%A9%E9%BA%B5+%E6%8A%AB%E8%96%A9pizza%E5%B0%88%E8%B3%A3%E5%BA%97%E6%8E%A8%E8%96%A6/@24.1500485,120.6851666,20.5z/data=!4m6!3m5!1s0x34693d6892b26889:0xe229aa26b5901d00!8m2!3d24.1501809!4d120.6853392!16s%2Fg%2F1tgkf0f7?entry=ttu&g_ep=EgoyMDI1MDQxNC4xIKXMDSoASAFQAw%3D%3D"
蘇坤蔚牛排 Sukhumvit STEAK,404台中市北區一中街99號,"https://www.google.com.tw/maps/place/%E8%98%87%E5%9D%A4%E8%94%9A%E7%89%9B%E6%8E%92+Sukhumvit+STEAK/@24.1501824,120.6852068,21z/data=!4m6!3m5!1s0x34693d5ab8000327:0xee7e8c0c5598b046!8m2!3d24.1502237!4d120.6853684!16s%2Fg%2F11ff54285v?entry=ttu&g_ep=EgoyMDI1MDQxNC4xIKXMDSoASAFQAw%3D%3D"
亞丁尼義式麵屋 一中店,404台中市北區三民路三段126巷6號,"https://www.google.com.tw/maps/place/%E4%BA%9E%E4%B8%81%E5%B0%BC%E7%BE%A9%E5%BC%8F%E9%BA%B5%E5%B1%8B+%E4%B8%80%E4%B8%AD%E5%BA%97/@24.1502529,120.6849183,20.75z/data=!4m6!3m5!1s0x34693d68950c2a37:0xa648e4053ffde277!8m2!3d24.150414!4d120.6847995!16s%2Fg%2F11cnbvng0r?entry=ttu&g_ep=EgoyMDI1MDQxNC4xIKXMDSoASAFQAw%3D%3D"
七隻羊燒肉飯（育才派出所後方）,404台中市北區三民路134巷16之7號,"https://www.google.com.tw/maps/place/%E4%B8%83%E9%9A%BB%E7%BE%8A%E7%87%92%E8%82%89%E9%A3%AF%EF%BC%88%E8%82%B2%E6%89%8D%E6%B4%BE%E5%87%BA%E6%89%80%E5%BE%8C%E6%96%B9%EF%BC%89/@24.150373,120.6847968,20.5z/data=!4m6!3m5!1s0x34693d347e574063:0x16408f89848be6fc!8m2!3d24.1504166!4d120.6849192!16s%2Fg%2F11k4v_m7wx?entry=ttu&g_ep=EgoyMDI1MDQxNC4xIKXMDSoASAFQAw%3D%3D"
戰豆冰,404台中市北區三民路三段134巷16之3號,"https://www.google.com.tw/maps/place/%E6%88%B0%E8%B1%86%E5%86%B0/@24.1503838,120.6849081,21z/data=!4m6!3m5!1s0x34693d6891a6fadd:0x37ad8152866053b6!8m2!3d24.1505!4d120.6848929!16s%2Fg%2F1thk6gx_?entry=ttu&g_ep=EgoyMDI1MDQxNC4xIKXMDSoASAFQAw%3D%3D"
韓珍饌複合式餐飲/台中韓式料理/台中石鍋拌飯/台中必吃/台中美食/台中便當/附近美食,404台中市北屯區育才街6巷9號,"https://www.google.com.tw/maps/place/%E9%9F%93%E7%8F%8D%E9%A5%8C%E8%A4%87%E5%90%88%E5%BC%8F%E9%A4%90%E9%A3%B2%2F%E5%8F%B0%E4%B8%AD%E9%9F%93%E5%BC%8F%E6%96%99%E7%90%86%2F%E5%8F%B0%E4%B8%AD%E7%9F%B3%E9%8D%8B%E6%8B%8C%E9%A3%AF%2F%E5%8F%B0%E4%B8%AD%E5%BF%85%E5%90%83%2F%E5%8F%B0%E4%B8%AD%E7%BE%8E%E9%A3%9F%2F%E5%8F%B0%E4%B8%AD%E4%BE%BF%E7%95%B6%2F%E9%99%84%E8%BF%91%E7%BE%8E%E9%A3%9F/@24.1503275,120.6850013,21z/data=!4m6!3m5!1s0x34693dabf2a78ce7:0xc081ea499782bad2!8m2!3d24.1503437!4d120.6850861!16s%2Fg%2F11s67n9jsq?entry=ttu&g_ep=EgoyMDI1MDQxNC4xIKXMDSoASAFQAw%3D%3D"
歪米線,404台中市北區三民路三段134巷16-10號,"https://www.google.com.tw/maps/place/%E6%AD%AA%E7%B1%B3%E7%B7%9A/@24.1503404,120.6848409,20z/data=!4m6!3m5!1s0x34693df423733c6f:0x7aa9a75ca581ebe0!8m2!3d24.150493!4d120.6849431!16s%2Fg%2F11lcj108cn?entry=ttu&g_ep=EgoyMDI1MDQxNC4xIKXMDSoASAFQAw%3D%3D"
礁溪柯家蔥油餅（台中）店休時間請看FB粉專或IG,404台中市北區三民路三段134巷16號之一樓,"https://www.google.com.tw/maps/place/%E7%A4%81%E6%BA%AA%E6%9F%AF%E5%AE%B6%E8%94%A5%E6%B2%B9%E9%A4%85%EF%BC%88%E5%8F%B0%E4%B8%AD%EF%BC%89%E5%BA%97%E4%BC%91%E6%99%82%E9%96%93%E8%AB%8B%E7%9C%8BFB%E7%B2%89%E5%B0%88%E6%88%96IG/@24.1504956,120.6849922,21z/data=!4m6!3m5!1s0x34693dc3a9de50f3:0xb97f7eadcb4dc65e!8m2!3d24.1505926!4d120.6848674!16s%2Fg%2F11l44wqlr9?entry=ttu&g_ep=EgoyMDI1MDQxNC4xIKXMDSoASAFQAw%3D%3D"
日日利海盜飯糰,404台中市北區三民路三段136之6號,"https://www.google.com.tw/maps/place/%E6%97%A5%E6%97%A5%E5%88%A9%E6%B5%B7%E7%9B%9C%E9%A3%AF%E7%B3%B0/@24.1505983,120.6847326,21z/data=!3m1!5s0x34693d6897cf822f:0xe52f04684e82e97c!4m6!3m5!1s0x34693d68962560cb:0x162b7a1c0c89f655!8m2!3d24.1507714!4d120.6848054!16s%2Fg%2F1pztyx8v6?entry=ttu&g_ep=EgoyMDI1MDQxNC4xIKXMDSoASAFQAw%3D%3D"
漁藏 台中旗艦店,"三民路三段134巷10號 一中MR.38咖喱飯及小不點麻辣燙中間巷口進入, 一中好樂迪旁進入也可, 台中市404","https://www.google.com.tw/maps/place/%E6%BC%81%E8%97%8F+%E5%8F%B0%E4%B8%AD%E6%97%97%E8%89%A6%E5%BA%97/@24.1506454,120.6852845,21z/data=!4m6!3m5!1s0x34693d662cec9705:0xb3bd98a06c607540!8m2!3d24.1506898!4d120.6853506!16s%2Fg%2F11cm_g1qky?entry=ttu&g_ep=EgoyMDI1MDQxNC4xIKXMDSoASAFQAw%3D%3D"
Mr.38 咖哩美食餐廳（一中店),404台中市北區一中街109號,"https://www.google.com.tw/maps/place/Mr.38+%E5%92%96%E5%93%A9%E7%BE%8E%E9%A3%9F%E9%A4%90%E5%BB%B3%EF%BC%88%E4%B8%80%E4%B8%AD%E5%BA%97)/@24.1506417,120.6854154,21z/data=!4m6!3m5!1s0x34693d6891d27eb7:0xfec0610601c29f76!8m2!3d24.1506573!4d120.6855195!16s%2Fg%2F1tfhd4rf?entry=ttu&g_ep=EgoyMDI1MDQxNC4xIKXMDSoASAFQAw%3D%3D"
熨斗烤小豬,404台中市北區一中街116號,"https://www.google.com.tw/maps/place/%E7%86%A8%E6%96%97%E7%83%A4%E5%B0%8F%E8%B1%AC/@24.1506417,120.6854154,21z/data=!4m6!3m5!1s0x34693d92aa180e35:0xae0cdf938988f78c!8m2!3d24.1507268!4d120.6855819!16s%2Fg%2F11g0ddl7px?entry=ttu&g_ep=EgoyMDI1MDQxNC4xIKXMDSoASAFQAw%3D%3D"
聚一波義式料理 義大利麵 燉飯 一中美食,404台中市北區三民路134巷5弄9-1號,"https://www.google.com.tw/maps/place/%E8%81%9A%E4%B8%80%E6%B3%A2%E7%BE%A9%E5%BC%8F%E6%96%99%E7%90%86+%E7%BE%A9%E5%A4%A7%E5%88%A9%E9%BA%B5+%E7%87%89%E9%A3%AF+%E4%B8%80%E4%B8%AD%E7%BE%8E%E9%A3%9F/@24.1509144,120.6849973,21z/data=!4m6!3m5!1s0x34693dbea9b38fed:0x3f50054a61132458!8m2!3d24.1510565!4d120.6849925!16s%2Fg%2F11hdz5b68q?entry=ttu&g_ep=EgoyMDI1MDQxNC4xIKXMDSoASAFQAw%3D%3D"
三蔡一湯 石頭火鍋,404台中市北區一中街131號,"https://www.google.com.tw/maps/place/%E4%B8%89%E8%94%A1%E4%B8%80%E6%B9%AF+%E7%9F%B3%E9%A0%AD%E7%81%AB%E9%8D%8B/@24.1507329,120.6854637,21z/data=!4m6!3m5!1s0x34693d128f01457f:0xbc45066b447039fb!8m2!3d24.150855!4d120.685586!16s%2Fg%2F11h91pd9m0?entry=ttu&g_ep=EgoyMDI1MDQxNC4xIKXMDSoASAFQAw%3D%3D"
幸福小丸子,404台中市北區一中街145號,"https://www.google.com.tw/maps/place/%E5%B9%B8%E7%A6%8F%E5%B0%8F%E4%B8%B8%E5%AD%90/@24.1511034,120.6857758,21z/data=!4m6!3m5!1s0x34693d68839537cf:0x5aea9455af9418ea!8m2!3d24.1511867!4d120.6856823!16s%2Fg%2F11c1sfmfs3?entry=ttu&g_ep=EgoyMDI1MDQxNC4xIKXMDSoASAFQAw%3D%3D"
親古們！韓食製造所,404台中市北區一中街143號,"https://www.google.com.tw/maps/place/%E8%A6%AA%E5%8F%A4%E5%80%91%EF%BC%81%E9%9F%93%E9%A3%9F%E8%A3%BD%E9%80%A0%E6%89%80/@24.1511591,120.6856218,21z/data=!4m6!3m5!1s0x34693dee90865ff9:0x43c36b9a5ab156f7!8m2!3d24.1510774!4d120.685687!16s%2Fg%2F11g0ms2p1s?entry=ttu&g_ep=EgoyMDI1MDQxNC4xIKXMDSoASAFQAw%3D%3D"
8德司創意餐館 （一中店）,404台中市北區三民路三段142-1號,"https://www.google.com.tw/maps/place/8%E5%BE%B7%E5%8F%B8%E5%89%B5%E6%84%8F%E9%A4%90%E9%A4%A8+%EF%BC%88%E4%B8%80%E4%B8%AD%E5%BA%97%EF%BC%89/@24.1513793,120.6848332,21z/data=!4m6!3m5!1s0x34693df054205a05:0xd3a3ba04bb989897!8m2!3d24.1513788!4d120.6849691!16s%2Fg%2F11h6rrdz7g?entry=ttu&g_ep=EgoyMDI1MDQxNC4xIKXMDSoASAFQAw%3D%3D"
川牛木石亭 一中店,404台中市北區一中街167巷1號,"https://www.google.com.tw/maps/place/%E5%B7%9D%E7%89%9B%E6%9C%A8%E7%9F%B3%E4%BA%AD+%E4%B8%80%E4%B8%AD%E5%BA%97/@24.1513547,120.685885,21z/data=!4m6!3m5!1s0x34693d3074709917:0x20e227440499897c!8m2!3d24.1514262!4d120.6858931!16s%2Fg%2F11fcv7fcgj?entry=ttu&g_ep=EgoyMDI1MDQxNC4xIKXMDSoASAFQAw%3D%3D"
single place coffee lab,404台中市北區一中街167巷3號,"https://www.google.com.tw/maps/place/single+place+coffee+lab/@24.1514258,120.6857559,21z/data=!4m6!3m5!1s0x34693d6881fbb605:0xb2537b721e1e6b1f!8m2!3d24.1514913!4d120.6856795!16s%2Fg%2F11g8k5fn65?entry=ttu&g_ep=EgoyMDI1MDQxNC4xIKXMDSoASAFQAw%3D%3D"
韓金量 新韓式炸雞總部（歐巴韓式炸雞一中總店）,404台中市北區三民路三段164巷,"https://www.google.com.tw/maps/place/%E9%9F%93%E9%87%91%E9%87%8F+%E6%96%B0%E9%9F%93%E5%BC%8F%E7%82%B8%E9%9B%9E%E7%B8%BD%E9%83%A8%EF%BC%88%E6%AD%90%E5%B7%B4%E9%9F%93%E5%BC%8F%E7%82%B8%E9%9B%9E%E4%B8%80%E4%B8%AD%E7%B8%BD%E5%BA%97%EF%BC%89/@24.1519043,120.6850807,21z/data=!4m6!3m5!1s0x34693d66269f48ef:0x47a3871ad549ded3!8m2!3d24.1519051!4d120.6851387!16s%2Fg%2F11csqfx22y?entry=ttu&g_ep=EgoyMDI1MDQxNC4xIKXMDSoASAFQAw%3D%3D"
古辰希子Gccz 日式刨冰,404台中市北區三民路三段164巷,"https://www.google.com.tw/maps/place/%E5%8F%A4%E8%BE%B0%E5%B8%8C%E5%AD%90Gccz+%E6%97%A5%E5%BC%8F%E5%88%A8%E5%86%B0/@24.1519548,120.6852673,21z/data=!4m6!3m5!1s0x34693df2ee60698f:0xd0f7e417249e491b!8m2!3d24.1519044!4d120.6852174!16s%2Fg%2F11fwdmftt1?entry=ttu&g_ep=EgoyMDI1MDQxNC4xIKXMDSoASAFQAw%3D%3D"
滷房,40444台中市北區三民路三段164巷,"https://www.google.com.tw/maps/place/%E6%BB%B7%E6%88%BF/@24.1519676,120.6853377,21z/data=!4m6!3m5!1s0x34691717f91f7187:0xb13e27989eeca9a6!8m2!3d24.1519676!4d120.6854986!16s%2Fg%2F11t0q4w5yg?entry=ttu&g_ep=EgoyMDI1MDQxNC4xIKXMDSoASAFQAw%3D%3D"
街角,404台中市北區三民路三段164巷,"https://www.google.com.tw/maps/place/%E8%A1%97%E8%A7%92/@24.1519667,120.6852999,21z/data=!4m6!3m5!1s0x34693d2df8e6f4d9:0xa1884b132565f8b8!8m2!3d24.1518651!4d120.6853797!16s%2Fg%2F11ry58zymy?entry=ttu&g_ep=EgoyMDI1MDQxNC4xIKXMDSoASAFQAw%3D%3D"
暹味泰式料理,404台中市北區三民路三段166-7號,"https://www.google.com.tw/maps/place/%E6%9A%B9%E5%91%B3%E6%B3%B0%E5%BC%8F%E6%96%99%E7%90%86/@24.1518761,120.6854723,21z/data=!4m6!3m5!1s0x34693d66249cc107:0xaab268fb330f2f81!8m2!3d24.151949!4d120.68543!16s%2Fg%2F1pzqrsq_7?entry=ttu&g_ep=EgoyMDI1MDQxNC4xIKXMDSoASAFQAw%3D%3D"
谷奇娜餐酒館 台中最強義大利餐廳/牛排漢堡披薩宵夜聚餐@一中商圈/best bistro Taichung,40445台中市北區三民路三段164巷7號,"https://www.google.com.tw/maps/place/%E8%B0%B7%E5%A5%87%E5%A8%9C%E9%A4%90%E9%85%92%E9%A4%A8+%E5%8F%B0%E4%B8%AD%E6%9C%80%E5%BC%B7%E7%BE%A9%E5%A4%A7%E5%88%A9%E9%A4%90%E5%BB%B3%2F%E7%89%9B%E6%8E%92%E6%BC%A2%E5%A0%A1%E6%8A%AB%E8%96%A9%E5%AE%B5%E5%A4%9C%E8%81%9A%E9%A4%90@%E4%B8%80%E4%B8%AD%E5%95%86%E5%9C%88%2Fbest+bistro+Taichung/@24.1518358,120.6855393,21z/data=!4m6!3m5!1s0x34693d9b52d070eb:0xc860f781a1654dd9!8m2!3d24.1519053!4d120.6855203!16s%2Fg%2F11vdfzg2_b?entry=ttu&g_ep=EgoyMDI1MDQxNC4xIKXMDSoASAFQAw%3D%3D"
前任咖哩製造所,40445台中市北區三民路三段164巷11號,"https://www.google.com.tw/maps/place/%E5%89%8D%E4%BB%BB%E5%92%96%E5%93%A9%E8%A3%BD%E9%80%A0%E6%89%80/@24.1519052,120.6853834,21z/data=!4m6!3m5!1s0x34693d9b27b36055:0x8eec69a63f96e152!8m2!3d24.1518377!4d120.6856581!16s%2Fg%2F11t5wlktd7?entry=ttu&g_ep=EgoyMDI1MDQxNC4xIKXMDSoASAFQAw%3D%3D"
妙善園〔素食小火鍋）,40444台中市北區一中街三民路三段164巷14號（一中街 北區一中街,"https://www.google.com.tw/maps/place/%E5%A6%99%E5%96%84%E5%9C%92%E3%80%94%E7%B4%A0%E9%A3%9F%E5%B0%8F%E7%81%AB%E9%8D%8B%EF%BC%89/@24.1517269,120.6856057,21z/data=!4m6!3m5!1s0x34693dbbe73c013d:0xd6d6fcabb7e9f39f!8m2!3d24.1517279!4d120.6857431!16s%2Fg%2F11tfnwgz66?entry=ttu&g_ep=EgoyMDI1MDQxNC4xIKXMDSoASAFQAw%3D%3D"
930pm bar 九點半 (一中店),404台中市北區三民路三段164巷15號,"https://www.google.com.tw/maps/place/930pm+bar+%E4%B9%9D%E9%BB%9E%E5%8D%8A+(%E4%B8%80%E4%B8%AD%E5%BA%97)/@24.1518307,120.6857766,21z/data=!4m6!3m5!1s0x34693d8dafb270ad:0x2a2cd133937dbd49!8m2!3d24.1517429!4d120.6858596!16s%2Fg%2F11rjqc4tnj?entry=ttu&g_ep=EgoyMDI1MDQxNC4xIKXMDSoASAFQAw%3D%3D"
提錢退休 鑫幣燒,404台中市北區一中街173號,"https://www.google.com.tw/maps/place/%E6%8F%90%E9%8C%A2%E9%80%80%E4%BC%91+%E9%91%AB%E5%B9%A3%E7%87%92/@24.1516359,120.6858612,21z/data=!4m6!3m5!1s0x34693da3b53ac62f:0xfe49bf96e85450e1!8m2!3d24.1516955!4d120.6858891!16s%2Fg%2F11l749y1n2?entry=ttu&g_ep=EgoyMDI1MDQxNC4xIKXMDSoASAFQAw%3D%3D"
歐芭樂,404台中市北區育才街33-1號,"https://www.google.com.tw/maps/place/%E6%AD%90%E8%8A%AD%E6%A8%82/@24.1516359,120.6858612,21z/data=!4m6!3m5!1s0x34693dfdb652dd15:0xe3ec92a022576406!8m2!3d24.15158!4d120.6859973!16s%2Fg%2F11vlp63zfb?entry=ttu&g_ep=EgoyMDI1MDQxNC4xIKXMDSoASAFQAw%3D%3D"
桐生日式可麗餅 台中一中店,40444台中市北區一中街179巷1號,"https://www.google.com.tw/maps/place/%E6%A1%90%E7%94%9F%E6%97%A5%E5%BC%8F%E5%8F%AF%E9%BA%97%E9%A4%85+%E5%8F%B0%E4%B8%AD%E4%B8%80%E4%B8%AD%E5%BA%97/@24.1518925,120.6860495,21z/data=!4m6!3m5!1s0x34693de890821933:0x6ee1570276043619!8m2!3d24.1519589!4d120.6860408!16s%2Fg%2F11h79q5kqj?entry=ttu&g_ep=EgoyMDI1MDQxNC4xIKXMDSoASAFQAw%3D%3D"
鷄勵軒 - 雞湯創作拉麵。最後點餐20:50,404台中市北區三民路三段166-3號,"https://www.google.com.tw/maps/place/%E9%B7%84%E5%8B%B5%E8%BB%92+-+%E9%9B%9E%E6%B9%AF%E5%89%B5%E4%BD%9C%E6%8B%89%E9%BA%B5%E3%80%82%E6%9C%80%E5%BE%8C%E9%BB%9E%E9%A4%9020:50/@24.1522699,120.6851966,20z/data=!3m1!5s0x34693d66309db2ad:0xcb602b65b8849c5!4m6!3m5!1s0x34693d4f27d08461:0xc0df031db0a19671!8m2!3d24.1522698!4d120.6853594!16s%2Fg%2F11gk5xvfr2?entry=ttu&g_ep=EgoyMDI1MDQxNC4xIKXMDSoASAFQAw%3D%3D"
好好吃肉韓式烤肉吃到飽-台中一中店,404台中市北區三民路三段172號,"https://www.google.com.tw/maps/place/%E5%A5%BD%E5%A5%BD%E5%90%83%E8%82%89%E9%9F%93%E5%BC%8F%E7%83%A4%E8%82%89%E5%90%83%E5%88%B0%E9%A3%BD-%E5%8F%B0%E4%B8%AD%E4%B8%80%E4%B8%AD%E5%BA%97/@24.1522699,120.6851966,20z/data=!3m1!5s0x34693d66309db2ad:0xcb602b65b8849c5!4m6!3m5!1s0x34693dd1367096ad:0x8e6afd0ba222198f!8m2!3d24.1523678!4d120.6854644!16s%2Fg%2F11lrpbw4vb?entry=ttu&g_ep=EgoyMDI1MDQxNC4xIKXMDSoASAFQAw%3D%3D"
路邊炸蝦天婦羅,404台中市北區育才北路37號 號 1號樓旁,"https://www.google.com.tw/maps/place/%E8%B7%AF%E9%82%8A%E7%82%B8%E8%9D%A6%E5%A4%A9%E5%A9%A6%E7%BE%85/@24.1525304,120.6862628,21z/data=!4m6!3m5!1s0x34693d6634307225:0x1700b7d0c9915ac1!8m2!3d24.1523666!4d120.6863877!16s%2Fg%2F1pzs3c64q?entry=ttu&g_ep=EgoyMDI1MDQxNC4xIKXMDSoASAFQAw%3D%3D"
鯛笑堂,404台中市北區育才北路37號,"https://www.google.com.tw/maps/place/%E9%AF%9B%E7%AC%91%E5%A0%82/@24.1525304,120.6862628,21z/data=!4m6!3m5!1s0x34693d82031c7093:0xa4c5a73c29241129!8m2!3d24.1524088!4d120.6863675!16s%2Fg%2F11p_4c84m8?entry=ttu&g_ep=EgoyMDI1MDQxNC4xIKXMDSoASAFQAw%3D%3D"
超堡Super burger漢堡手搖飲專賣店 一中門市,404台中市北區育才北路66號,"https://www.google.com.tw/maps/place/%E8%B6%85%E5%A0%A1Super+burger%E6%BC%A2%E5%A0%A1%E6%89%8B%E6%90%96%E9%A3%B2%E5%B0%88%E8%B3%A3%E5%BA%97+%E4%B8%80%E4%B8%AD%E9%96%80%E5%B8%82/@24.1525769,120.6859986,21z/data=!4m6!3m5!1s0x34693d5e09211e01:0x41a2be62a02aa3a6!8m2!3d24.1526882!4d120.6860226!16s%2Fg%2F11ln19pd36?entry=ttu&g_ep=EgoyMDI1MDQxNC4xIKXMDSoASAFQAw%3D%3D"
燃手串,40446台中市北區育才北路52號,"https://www.google.com.tw/maps/place/%E7%87%83%E6%89%8B%E4%B8%B2/@24.1524356,120.6863688,20z/data=!4m6!3m5!1s0x34693d663398f6fb:0x6101116cfea30e04!8m2!3d24.1526141!4d120.6862144!16s%2Fg%2F11h9xw53dj?entry=ttu&g_ep=EgoyMDI1MDQxNC4xIKXMDSoASAFQAw%3D%3D"
這一家鹹水雞,404台中市北區一中街100號,"https://www.google.com.tw/maps/place/%E9%80%99%E4%B8%80%E5%AE%B6%E9%B9%B9%E6%B0%B4%E9%9B%9E/@24.1525268,120.6864958,21z/data=!4m6!3m5!1s0x34693d69574e87bd:0x4f66a9ef8b136391!8m2!3d24.1524475!4d120.6864667!16s%2Fg%2F11f38w5knq?entry=ttu&g_ep=EgoyMDI1MDQxNC4xIKXMDSoASAFQAw%3D%3D"
統元豆花一中門市,404台中市北區育才北路42號,"https://www.google.com.tw/maps/place/%E7%B5%B1%E5%85%83%E8%B1%86%E8%8A%B1%E4%B8%80%E4%B8%AD%E9%96%80%E5%B8%82/@24.1524109,120.6867745,21z/data=!4m6!3m5!1s0x34693d877bbbb17f:0x61f7273afa0a8bd5!8m2!3d24.1523919!4d120.686865!16s%2Fg%2F11fhnhwtk6?entry=ttu&g_ep=EgoyMDI1MDQxNC4xIKXMDSoASAFQAw%3D%3D"
鍋湯滙24H(台中一中),404台中市北區育才北路30號,"https://www.google.com.tw/maps/place/%E9%8D%8B%E6%B9%AF%E6%BB%9924H(%E5%8F%B0%E4%B8%AD%E4%B8%80%E4%B8%AD)/@24.1523115,120.6871398,20.75z/data=!4m6!3m5!1s0x34693d67c0eafa83:0x104b3e492b4b16f9!8m2!3d24.1522169!4d120.6872272!16s%2Fg%2F11cncmj94p?entry=ttu&g_ep=EgoyMDI1MDQxNC4xIKXMDSoASAFQAw%3D%3D"
大台中大腸麵線 炸雞排 花枝丸,404台中市北區育才北路26號,"https://www.google.com.tw/maps/place/%E5%A4%A7%E5%8F%B0%E4%B8%AD%E5%A4%A7%E8%85%B8%E9%BA%B5%E7%B7%9A+%E7%82%B8%E9%9B%9E%E6%8E%92+%E8%8A%B1%E6%9E%9D%E4%B8%B8/@24.1523115,120.6871398,20.75z/data=!4m6!3m5!1s0x34693d3e811255e9:0xb66997645f1431!8m2!3d24.1522096!4d120.6872841!16s%2Fg%2F11vjc6bf_r?entry=ttu&g_ep=EgoyMDI1MDQxNC4xIKXMDSoASAFQAw%3D%3D"
洪麻辣臭豆腐,404台中市北區育才北路24號,"https://www.google.com.tw/maps/place/%E6%B4%AA%E9%BA%BB%E8%BE%A3%E8%87%AD%E8%B1%86%E8%85%90/@24.1522007,120.6873695,21z/data=!4m6!3m5!1s0x34693d67c1116969:0x3e707bb53fbee771!8m2!3d24.1522215!4d120.687326!16s%2Fg%2F1thx1s95?entry=ttu&g_ep=EgoyMDI1MDQxNC4xIKXMDSoASAFQAw%3D%3D"
鉄人麵倉,404台中市北區育才北路18號,"https://www.google.com.tw/maps/place/%E9%89%84%E4%BA%BA%E9%BA%B5%E5%80%89/@24.152179,120.6876428,20.75z/data=!4m6!3m5!1s0x34693d67f2c55bdd:0xa0b188fcb87ac135!8m2!3d24.1521451!4d120.6875077!16s%2Fg%2F11b7v87qgw?entry=ttu&g_ep=EgoyMDI1MDQxNC4xIKXMDSoASAFQAw%3D%3D"
鳥裊火鍋-一中店,404台中市北區育才北路14號,"https://www.google.com.tw/maps/place/%E9%B3%A5%E8%A3%8A%E7%81%AB%E9%8D%8B-%E4%B8%80%E4%B8%AD%E5%BA%97/@24.1521833,120.6872606,20z/data=!4m6!3m5!1s0x34693d60e70c5989:0xa14948659b4f4adc!8m2!3d24.1520943!4d120.6876464!16s%2Fg%2F11qr0sqcbp?entry=ttu&g_ep=EgoyMDI1MDQxNC4xIKXMDSoASAFQAw%3D%3D"
阿鍋家-鍋燒煮義(一中店),404011台中市北區育才北路13號,"https://www.google.com.tw/maps/place/%E9%98%BF%E9%8D%8B%E5%AE%B6-%E9%8D%8B%E7%87%92%E7%85%AE%E7%BE%A9(%E4%B8%80%E4%B8%AD%E5%BA%97)/@24.1520781,120.6873478,20z/data=!4m6!3m5!1s0x34693de68f3b21c9:0x1db75a3328bfd790!8m2!3d24.1518324!4d120.6875392!16s%2Fg%2F11rhh5p7fq?entry=ttu&g_ep=EgoyMDI1MDQxNC4xIKXMDSoASAFQAw%3D%3D"
回憶小時候-育才店,404台中市北區育才北路11號,"https://www.google.com.tw/maps/place/%E5%9B%9E%E6%86%B6%E5%B0%8F%E6%99%82%E5%80%99-%E8%82%B2%E6%89%8D%E5%BA%97/@24.1520781,120.6873478,20z/data=!4m6!3m5!1s0x34693d51daf1b5c3:0x35dabddf6319ea79!8m2!3d24.1518947!4d120.6876578!16s%2Fg%2F11x8hcwb5f?entry=ttu&g_ep=EgoyMDI1MDQxNC4xIKXMDSoASAFQAw%3D%3D"
98餐酒館｜調酒 火鍋 義大利麵 炸物 各式果汁飲料 聚會好場所 ｜,404009台中市北區育才北路9號,"https://www.google.com.tw/maps/place/98%E9%A4%90%E9%85%92%E9%A4%A8%EF%BD%9C%E8%AA%BF%E9%85%92+%E7%81%AB%E9%8D%8B+%E7%BE%A9%E5%A4%A7%E5%88%A9%E9%BA%B5+%E7%82%B8%E7%89%A9+%E5%90%84%E5%BC%8F%E6%9E%9C%E6%B1%81%E9%A3%B2%E6%96%99+%E8%81%9A%E6%9C%83%E5%A5%BD%E5%A0%B4%E6%89%80+%EF%BD%9C/@24.1520254,120.687549,20z/data=!4m6!3m5!1s0x34693d74ef05018b:0x72856ad85751144b!8m2!3d24.1517482!4d120.687788!16s%2Fg%2F11l6qgjynh?entry=ttu&g_ep=EgoyMDI1MDQxNC4xIKXMDSoASAFQAw%3D%3D"
Deer Caf'e 迷鹿咖啡,404台中市北區雙十路二段一巷二號 1樓,"https://www.google.com.tw/maps/place/Deer+Caf'e+%E8%BF%B7%E9%B9%BF%E5%92%96%E5%95%A1/@24.1518957,120.687848,20z/data=!4m6!3m5!1s0x34693d75cf49e6a3:0xb949efe9ef5d839e!8m2!3d24.1515941!4d120.6878906!16s%2Fg%2F11bzt5wc41?entry=ttu&g_ep=EgoyMDI1MDQxNC4xIKXMDSoASAFQAw%3D%3D"
飲周公,404台中市北區育才北路22號,"https://www.google.com.tw/maps/place/%E9%A3%B2%E5%91%A8%E5%85%AC/@24.1521894,120.6871654,20z/data=!4m6!3m5!1s0x34693d67c082069d:0x7fae3517de94206e!8m2!3d24.1523498!4d120.6874562!16s%2Fg%2F11hbqc2phh?entry=ttu&g_ep=EgoyMDI1MDQxNC4xIKXMDSoASAFQAw%3D%3D"
Dough 動手玩烘焙DIY 一中店,404台中市北區育才北路32-1號號2F,"https://www.google.com.tw/maps/place/Dough+%E5%8B%95%E6%89%8B%E7%8E%A9%E7%83%98%E7%84%99DIY+%E4%B8%80%E4%B8%AD%E5%BA%97/@24.1524519,120.6872264,21z/data=!4m6!3m5!1s0x346917ead12dec2d:0xd1e2a4ba05217b9f!8m2!3d24.1524282!4d120.687141!16s%2Fg%2F11bw2jvjl_?entry=ttu&g_ep=EgoyMDI1MDQxNC4xIKXMDSoASAFQAw%3D%3D"
"張記麻辣滷鴨血公司Chang Chi Spicy Duck Blood Co.,Ltd.",404台中市北區育才北路34號,"https://www.google.com.tw/maps/place/%E5%BC%B5%E8%A8%98%E9%BA%BB%E8%BE%A3%E6%BB%B7%E9%B4%A8%E8%A1%80%E5%85%AC%E5%8F%B8Chang+Chi+Spicy+Duck+Blood+Co.,Ltd./@24.1524439,120.6871527,21z/data=!3m1!5s0x34693d67c7220153:0x4b46356ca20fabab!4m6!3m5!1s0x34693d14ec32d991:0xbdcee8f8d2fd898e!8m2!3d24.1524785!4d120.6873612!16s%2Fg%2F11vrbdlnmy?entry=ttu&g_ep=EgoyMDI1MDQxNC4xIKXMDSoASAFQAw%3D%3D"
洄流餐食（貓咪餐廳）,404台中市北區雙十路二段21巷16號,"https://www.google.com.tw/maps/place/%E6%B4%84%E6%B5%81%E9%A4%90%E9%A3%9F%EF%BC%88%E8%B2%93%E5%92%AA%E9%A4%90%E5%BB%B3%EF%BC%89/@24.1526043,120.6873793,21z/data=!4m6!3m5!1s0x34693d9966f48f85:0x6be200b30492db9b!8m2!3d24.1527062!4d120.6875043!16s%2Fg%2F11swjr5qsk?entry=ttu&g_ep=EgoyMDI1MDQxNC4xIKXMDSoASAFQAw%3D%3D"
先吃肉-Meat First漢堡,404台中市北區一中街112號2 樓,"https://www.google.com.tw/maps/place/%E5%85%88%E5%90%83%E8%82%89-Meat+First%E6%BC%A2%E5%A0%A1/@24.1527517,120.6865633,21z/data=!4m6!3m5!1s0x34693d67b6883943:0x76e835a17813c082!8m2!3d24.1527235!4d120.6865574!16s%2Fg%2F11g9m9chzb?entry=ttu&g_ep=EgoyMDI1MDQxNC4xIKXMDSoASAFQAw%3D%3D"
五阿姨仙草冰,404台中市北區一中街112號,"https://www.google.com.tw/maps/place/%E4%BA%94%E9%98%BF%E5%A7%A8%E4%BB%99%E8%8D%89%E5%86%B0/@24.1527236,120.6864208,21z/data=!4m6!3m5!1s0x34693dee01ede0c3:0xdb8715f3d96a92a5!8m2!3d24.1527417!4d120.6865964!16s%2Fg%2F11fnbf6qkm?entry=ttu&g_ep=EgoyMDI1MDQxNC4xIKXMDSoASAFQAw%3D%3D"
阿堂豬肉麵線,404台中市北區一中街112號,"https://www.google.com.tw/maps/place/%E9%98%BF%E5%A0%82%E8%B1%AC%E8%82%89%E9%BA%B5%E7%B7%9A/@24.1527236,120.6864208,21z/data=!4m6!3m5!1s0x34693d007c653b83:0x798b801a886373be!8m2!3d24.1528337!4d120.6865445!16s%2Fg%2F11vjdghfc6?entry=ttu&g_ep=EgoyMDI1MDQxNC4xIKXMDSoASAFQAw%3D%3D"
一中商圈 林川麵所 炒烏龍,404台中市北區一中街231號,"https://www.google.com.tw/maps/place/%E4%B8%80%E4%B8%AD%E5%95%86%E5%9C%88+%E6%9E%97%E5%B7%9D%E9%BA%B5%E6%89%80+%E7%82%92%E7%83%8F%E9%BE%8D/@24.152964,120.6866206,21z/data=!4m6!3m5!1s0x34693db4e80e5389:0xb51b571934db773f!8m2!3d24.1531181!4d120.6865559!16s%2Fg%2F11sg_vx5hc?entry=ttu&g_ep=EgoyMDI1MDQxNC4xIKXMDSoASAFQAw%3D%3D"
上海派大雞排,404台中市北區錦新街70之1號,"https://www.google.com.tw/maps/place/%E4%B8%8A%E6%B5%B7%E6%B4%BE%E5%A4%A7%E9%9B%9E%E6%8E%92/@24.1531067,120.6866112,21z/data=!4m6!3m5!1s0x34693d67ae0e4677:0xf94573f5876e4f08!8m2!3d24.1531372!4d120.6868167!16s%2Fg%2F1tglwqbd?entry=ttu&g_ep=EgoyMDI1MDQxNC4xIKXMDSoASAFQAw%3D%3D"
微笑輕食Bar,404台中市北區錦新街62號,"https://www.google.com.tw/maps/place/%E5%BE%AE%E7%AC%91%E8%BC%95%E9%A3%9FBar/@24.1530834,120.686801,21z/data=!4m6!3m5!1s0x34693dde6a3c6f51:0xf9b692f1a69d9f7f!8m2!3d24.1530962!4d120.687033!16s%2Fg%2F11pd30czc7?entry=ttu&g_ep=EgoyMDI1MDQxNC4xIKXMDSoASAFQAw%3D%3D"
VR文森家 小茶館,404台中市北區一中街138-25號益民商圈內一樓,"https://www.google.com.tw/maps/place/VR%E6%96%87%E6%A3%AE%E5%AE%B6+%E5%B0%8F%E8%8C%B6%E9%A4%A8/@24.1531212,120.6872646,20.75z/data=!4m6!3m5!1s0x346e94220dedc9df:0x3dab70a510acfd64!8m2!3d24.1532556!4d120.6874132!16s%2Fg%2F1q6n2lryt?entry=ttu&g_ep=EgoyMDI1MDQxNC4xIKXMDSoASAFQAw%3D%3D"
麵屋守破離,404台中市北區錦新街90巷2號,"https://www.google.com.tw/maps/place/%E9%BA%B5%E5%B1%8B%E5%AE%88%E7%A0%B4%E9%9B%A2/@24.1536534,120.6863596,19.25z/data=!4m6!3m5!1s0x34693d5fea757155:0x78d52ca864a4fd26!8m2!3d24.1535993!4d120.6863215!16s%2Fg%2F11tp35gpbl?entry=ttu&g_ep=EgoyMDI1MDQxNC4xIKXMDSoASAFQAw%3D%3D"
芭樂小姐姐,404台中市北區ㄧ中街140號益民商圈內,"https://www.google.com.tw/maps/place/%E8%8A%AD%E6%A8%82%E5%B0%8F%E5%A7%90%E5%A7%90/@24.1536193,120.6865525,20z/data=!3m1!5s0x34693d67a87a1427:0x48026c3cfbe964f4!4m6!3m5!1s0x34693ddee41086c1:0x7392ad3fcdbd47a4!8m2!3d24.1536193!4d120.686746!16s%2Fg%2F11rn7913c_?entry=ttu&g_ep=EgoyMDI1MDQxNC4xIKXMDSoASAFQAw%3D%3D"
又見。雞蛋糕,404台中市北區一中街146號,"https://www.google.com.tw/maps/place/%E5%8F%88%E8%A6%8B%E3%80%82%E9%9B%9E%E8%9B%8B%E7%B3%95/@24.1536658,120.6866253,21z/data=!4m6!3m5!1s0x34693d67b1c9a2db:0x8ac6dfecd2979709!8m2!3d24.153623!4d120.6868248!16s%2Fg%2F11c5_1f40g?entry=ttu&g_ep=EgoyMDI1MDQxNC4xIKXMDSoASAFQAw%3D%3D"
安康素食滷味,404台中市北區一中街148-8號,"https://www.google.com.tw/maps/place/%E5%AE%89%E5%BA%B7%E7%B4%A0%E9%A3%9F%E6%BB%B7%E5%91%B3/@24.1535875,120.6867966,20z/data=!4m6!3m5!1s0x34693d67a42fbc8b:0xda096e399171ef03!8m2!3d24.1535667!4d120.6870414!16s%2Fg%2F11cjpzvltj?entry=ttu&g_ep=EgoyMDI1MDQxNC4xIKXMDSoASAFQAw%3D%3D"
海人鹽水雞一中總店,404台中市北區一中街148號,"https://www.google.com.tw/maps/place/%E6%B5%B7%E4%BA%BA%E9%B9%BD%E6%B0%B4%E9%9B%9E%E4%B8%80%E4%B8%AD%E7%B8%BD%E5%BA%97/@24.1537105,120.6867772,21z/data=!4m6!3m5!1s0x34693daf7546a6fb:0xcf0084ed1e68f4e4!8m2!3d24.1536906!4d120.6868261!16s%2Fg%2F11n88s55_8?entry=ttu&g_ep=EgoyMDI1MDQxNC4xIKXMDSoASAFQAw%3D%3D"
世界第二 芭樂爸甘草芭樂（益民總店）,404台中市北區一中街150號,"https://www.google.com.tw/maps/place/%E4%B8%96%E7%95%8C%E7%AC%AC%E4%BA%8C+%E8%8A%AD%E6%A8%82%E7%88%B8%E7%94%98%E8%8D%89%E8%8A%AD%E6%A8%82%EF%BC%88%E7%9B%8A%E6%B0%91%E7%B8%BD%E5%BA%97%EF%BC%89/@24.1537692,120.6868047,21z/data=!4m6!3m5!1s0x34693d0e30c8bbe3:0xe4359c6f5f59e772!8m2!3d24.1537692!4d120.6869414!16s%2Fg%2F11h7jqljyr?entry=ttu&g_ep=EgoyMDI1MDQxNC4xIKXMDSoASAFQAw%3D%3D"
放牛班,404台中市北區一中街148之32號,"https://www.google.com.tw/maps/place/%E6%94%BE%E7%89%9B%E7%8F%AD/@24.1535976,120.687305,21z/data=!4m6!3m5!1s0x34693d67082e5b95:0xd0019b8f30e9fb87!8m2!3d24.1535288!4d120.6874169!16s%2Fg%2F11cn2wj_jl?entry=ttu&g_ep=EgoyMDI1MDQxNC4xIKXMDSoASAFQAw%3D%3D"
隨便吧 音樂餐廳,404台中市北區一中街148-16號,"https://www.google.com.tw/maps/place/%E9%9A%A8%E4%BE%BF%E5%90%A7+%E9%9F%B3%E6%A8%82%E9%A4%90%E5%BB%B3/@24.1536851,120.6870991,21z/data=!4m6!3m5!1s0x34693d914f67e135:0xd11a4134210c8912!8m2!3d24.1536348!4d120.6872642!16s%2Fg%2F11h07vt3sm?entry=ttu&g_ep=EgoyMDI1MDQxNC4xIKXMDSoASAFQAw%3D%3D"
MOTONARI豚骨拉麵もとなり沖繩（益民商圏裡）,404台中市北區錦新街30之3號,"https://www.google.com.tw/maps/place/MOTONARI%E8%B1%9A%E9%AA%A8%E6%8B%89%E9%BA%B5%E3%82%82%E3%81%A8%E3%81%AA%E3%82%8A%E6%B2%96%E7%B9%A9%EF%BC%88%E7%9B%8A%E6%B0%91%E5%95%86%E5%9C%8F%E8%A3%A1%EF%BC%89/@24.1535257,120.687781,21z/data=!3m1!5s0x34693d664df63fcf:0xc59bcd6df71fdf82!4m6!3m5!1s0x34693d289576b55d:0x2e904b55f9fec12d!8m2!3d24.1535256!4d120.6879168!16s%2Fg%2F11kpkz52qj?entry=ttu&g_ep=EgoyMDI1MDQxNC4xIKXMDSoASAFQAw%3D%3D"
孫山東家常麵,404台中市北區雙十路二段47之7號,"https://www.google.com.tw/maps/place/%E5%AD%AB%E5%B1%B1%E6%9D%B1%E5%AE%B6%E5%B8%B8%E9%BA%B5/@24.1533859,120.6885692,19.75z/data=!4m6!3m5!1s0x34693d677ff362ab:0x1ca7b4235e8e9a5c!8m2!3d24.1533601!4d120.6889508!16s%2Fg%2F1tdx6f_v?entry=ttu&g_ep=EgoyMDI1MDQxNC4xIKXMDSoASAFQAw%3D%3D"
歐姆薯薯·早餐 雙十總店,404台中市北區雙十路二段47-6號,"https://www.google.com.tw/maps/place/%E6%AD%90%E5%A7%86%E8%96%AF%E8%96%AF%C2%B7%E6%97%A9%E9%A4%90+%E9%9B%99%E5%8D%81%E7%B8%BD%E5%BA%97/@24.1533859,120.6885692,19.75z/data=!4m6!3m5!1s0x34693d1d43d22a2b:0xaf3533543c9f64fe!8m2!3d24.153401!4d120.68876!16s%2Fg%2F11pf3mccvm?entry=ttu&g_ep=EgoyMDI1MDQxNC4xIKXMDSoASAFQAw%3D%3D"
一中蠔大一口-蚵蛋燒,404台中市北區一中街261號,"https://www.google.com.tw/maps/place/%E4%B8%80%E4%B8%AD%E8%A0%94%E5%A4%A7%E4%B8%80%E5%8F%A3-%E8%9A%B5%E8%9B%8B%E7%87%92/@24.1537236,120.6865991,21z/data=!3m1!5s0x34693d67a87a1427:0x48026c3cfbe964f4!4m6!3m5!1s0x34693d2482b301d9:0xfc36e179d256ded2!8m2!3d24.1537236!4d120.6867358!16s%2Fg%2F11kpz8lg7q?entry=ttu&g_ep=EgoyMDI1MDQxNC4xIKXMDSoASAFQAw%3D%3D"
五哥肉夾饃,404台中市北區一中街261號,"https://www.google.com.tw/maps/place/%E4%BA%94%E5%93%A5%E8%82%89%E5%A4%BE%E9%A5%83/@24.1537692,120.6868047,21z/data=!3m1!5s0x34693d67a87a1427:0x48026c3cfbe964f4!4m6!3m5!1s0x34693d4483c123b3:0x422b0ee1b0923a9c!8m2!3d24.153824!4d120.6869743!16s%2Fg%2F11sdsm2ysz?entry=ttu&g_ep=EgoyMDI1MDQxNC4xIKXMDSoASAFQAw%3D%3D"
小巷人嘉,404台中市北區一中街140號一樓,"https://www.google.com.tw/maps/place/%E5%B0%8F%E5%B7%B7%E4%BA%BA%E5%98%89/@24.1538332,120.6870447,21z/data=!4m6!3m5!1s0x34693d18857e1faf:0xe58f34047f1acfe2!8m2!3d24.1538709!4d120.6870089!16s%2Fg%2F11vyl_z92w?entry=ttu&g_ep=EgoyMDI1MDQxNC4xIKXMDSoASAFQAw%3D%3D"
小倆口章魚燒-益民店,404台中市北區一中街156號,"https://www.google.com.tw/maps/place/%E5%B0%8F%E5%80%86%E5%8F%A3%E7%AB%A0%E9%AD%9A%E7%87%92-%E7%9B%8A%E6%B0%91%E5%BA%97/@24.1538708,120.686872,21z/data=!4m6!3m5!1s0x346917e6b08ff58f:0xe06cb80b573c6d09!8m2!3d24.1539188!4d120.6869974!16s%2Fg%2F11q_nqttnh?entry=ttu&g_ep=EgoyMDI1MDQxNC4xIKXMDSoASAFQAw%3D%3D"
5 Dogs餐車｜熱狗堡｜一中徹點，餐車到處跑，請關注fb/ig每週行程表,404台中市北區一中街160號,"https://www.google.com.tw/maps/place/5+Dogs%E9%A4%90%E8%BB%8A%EF%BD%9C%E7%86%B1%E7%8B%97%E5%A0%A1%EF%BD%9C%E4%B8%80%E4%B8%AD%E5%BE%B9%E9%BB%9E%EF%BC%8C%E9%A4%90%E8%BB%8A%E5%88%B0%E8%99%95%E8%B7%91%EF%BC%8C%E8%AB%8B%E9%97%9C%E6%B3%A8fb%2Fig%E6%AF%8F%E9%80%B1%E8%A1%8C%E7%A8%8B%E8%A1%A8/@24.1538708,120.686872,21z/data=!4m6!3m5!1s0x34693d2cd2688d75:0xb2f68bf7d2bac7dc!8m2!3d24.1539502!4d120.6869631!16s%2Fg%2F11rvdkvq6y?entry=ttu&g_ep=EgoyMDI1MDQxNC4xIKXMDSoASAFQAw%3D%3D"
柒壹肆 鍋燒麵 x 鍋物 x 丼飯｜晚餐．宵夜｜歡迎團餐提前一天預訂,404台中市北區一中街160號斜對面攤販,"https://www.google.com.tw/maps/place/%E6%9F%92%E5%A3%B9%E8%82%86+%E9%8D%8B%E7%87%92%E9%BA%B5+x+%E9%8D%8B%E7%89%A9+x+%E4%B8%BC%E9%A3%AF%EF%BD%9C%E6%99%9A%E9%A4%90%EF%BC%8E%E5%AE%B5%E5%A4%9C%EF%BD%9C%E6%AD%A1%E8%BF%8E%E5%9C%98%E9%A4%90%E6%8F%90%E5%89%8D%E4%B8%80%E5%A4%A9%E9%A0%90%E8%A8%82/@24.1538708,120.686872,21z/data=!4m6!3m5!1s0x34693d410f6ddc99:0x19f00d0b1dd45a62!8m2!3d24.153999!4d120.6869878!16s%2Fg%2F11vbbk0pc3?entry=ttu&g_ep=EgoyMDI1MDQxNC4xIKXMDSoASAFQAw%3D%3D"
帆太司脆皮拉絲熱狗,404台中市北區益民商圈一樓,"https://www.google.com.tw/maps/place/%E5%B8%86%E5%A4%AA%E5%8F%B8%E8%84%86%E7%9A%AE%E6%8B%89%E7%B5%B2%E7%86%B1%E7%8B%97/@24.1538708,120.686872,21z/data=!3m1!5s0x34693d67a87a1427:0x48026c3cfbe964f4!4m6!3m5!1s0x34693d44caa959b9:0x5569ade8f831936d!8m2!3d24.1540462!4d120.6869357!16s%2Fg%2F11x66bmbpp?entry=ttu&g_ep=EgoyMDI1MDQxNC4xIKXMDSoASAFQAw%3D%3D"
一中鐵板沙威瑪,404台中市北區錦南街益民商圈,"https://www.google.com.tw/maps/place/%E4%B8%80%E4%B8%AD%E9%90%B5%E6%9D%BF%E6%B2%99%E5%A8%81%E7%91%AA/@24.1538858,120.6868984,21z/data=!3m1!5s0x34693d67a87a1427:0x48026c3cfbe964f4!4m6!3m5!1s0x34693df928fa3a4b:0x8efa2a28982a4f25!8m2!3d24.1540851!4d120.6869416!16s%2Fg%2F11svfcptjc?entry=ttu&g_ep=EgoyMDI1MDQxNC4xIKXMDSoASAFQAw%3D%3D"
米家一隻雞、醬蟹,404台中市北區錦南街33號,"https://www.google.com.tw/maps/place/%E7%B1%B3%E5%AE%B6%E4%B8%80%E9%9A%BB%E9%9B%9E%E3%80%81%E9%86%AC%E8%9F%B9/@24.154348,120.6860153,19z/data=!4m6!3m5!1s0x346917f47cd6b5d9:0x58157236e3da58eb!8m2!3d24.1543469!4d120.686341!16s%2Fg%2F11k9l42k03?entry=ttu&g_ep=EgoyMDI1MDQxNC4xIKXMDSoASAFQAw%3D%3D"
知遇甜品｜豆花·仙草·雪花冰·剉冰｜,404台中市北區錦南街21號,"https://www.google.com.tw/maps/place/%E7%9F%A5%E9%81%87%E7%94%9C%E5%93%81%EF%BD%9C%E8%B1%86%E8%8A%B1%C2%B7%E4%BB%99%E8%8D%89%C2%B7%E9%9B%AA%E8%8A%B1%E5%86%B0%C2%B7%E5%89%89%E5%86%B0%EF%BD%9C/@24.1543053,120.6864287,20z/data=!4m6!3m5!1s0x34693d3c1660ba5f:0x1288a9c66ec193cf!8m2!3d24.1542973!4d120.6866584!16s%2Fg%2F11vz577f15?entry=ttu&g_ep=EgoyMDI1MDQxNC4xIKXMDSoASAFQAw%3D%3D"
岩藏拉麵-一中店,404台中市北區錦南街19-18號,"https://www.google.com.tw/maps/place/%E5%B2%A9%E8%97%8F%E6%8B%89%E9%BA%B5-%E4%B8%80%E4%B8%AD%E5%BA%97/@24.1541714,120.6868698,20z/data=!4m6!3m5!1s0x34693d67bdcc9709:0xdce1b3208eca0815!8m2!3d24.1541992!4d120.6871876!16s%2Fg%2F11bzt21k06?entry=ttu&g_ep=EgoyMDI1MDQxNC4xIKXMDSoASAFQAw%3D%3D"
Paradiso爬樓梯/restaurants/義大利麵/義大利麵湯/一中街美食/溫馨舒適的餐廳/附近美食,404台中市北區錦南街19-10號1樓,"https://www.google.com.tw/maps/place/Paradiso%E7%88%AC%E6%A8%93%E6%A2%AF%2Frestaurants%2F%E7%BE%A9%E5%A4%A7%E5%88%A9%E9%BA%B5%2F%E7%BE%A9%E5%A4%A7%E5%88%A9%E9%BA%B5%E6%B9%AF%2F%E4%B8%80%E4%B8%AD%E8%A1%97%E7%BE%8E%E9%A3%9F%2F%E6%BA%AB%E9%A6%A8%E8%88%92%E9%81%A9%E7%9A%84%E9%A4%90%E5%BB%B3%2F%E9%99%84%E8%BF%91%E7%BE%8E%E9%A3%9F/@24.1540882,120.6871421,20z/data=!4m6!3m5!1s0x34693d66fbef9129:0x3c8fe6379afe993b!8m2!3d24.1540513!4d120.6875359!16s%2Fg%2F11l2s4g6yd?entry=ttu&g_ep=EgoyMDI1MDQxNC4xIKXMDSoASAFQAw%3D%3D"
邁•MIND Brunch 早午餐（公休詳見IG及google最新動態）,404台中市北區雙十路二段35號,"https://www.google.com.tw/maps/place/%E9%82%81%E2%80%A2MIND+Brunch+%E6%97%A9%E5%8D%88%E9%A4%90%EF%BC%88%E5%85%AC%E4%BC%91%E8%A9%B3%E8%A6%8BIG%E5%8F%8Agoogle%E6%9C%80%E6%96%B0%E5%8B%95%E6%85%8B%EF%BC%89/@24.1527566,120.6880911,19.25z/data=!4m6!3m5!1s0x34693d834a5f02d7:0xd6e775c5627fa6ea!8m2!3d24.1528458!4d120.6887465!16s%2Fg%2F11tjs696zb?entry=ttu&g_ep=EgoyMDI1MDQxNC4xIKXMDSoASAFQAw%3D%3D"
