餐廳名稱,地址,餐廳連結,latitude,longitude,distance
樂華夜市三鮮羹,234新北市永和區永平路146號樂華夜市內 ,https://www.google.com/maps/place/%E6%A8%82%E8%8F%AF%E5%A4%9C%E5%B8%82%E4%B8%89%E9%AE%AE%E7%BE%B9/data=!4m7!3m6!1s0x3442a9c31fe8c753:0x90793ca166229089!8m2!3d25.0084162!4d121.5113918!16s%2Fg%2F11g_y5tdf!19sChIJU8foH8OpQjQRiZAiZqE8eZA?authuser=0&hl=zh-TW&rclk=1,25.0084162,121.5088169,0.1468528836379939
鐘點棧 當歸鴨【台北樂華夜市總店】銅板美食|小吃店外送推薦,234新北市永和區保平路18巷8號 ,https://www.google.com/maps/place/%E9%90%98%E9%BB%9E%E6%A3%A7+%E7%95%B6%E6%AD%B8%E9%B4%A8%E3%80%90%E5%8F%B0%E5%8C%97%E6%A8%82%E8%8F%AF%E5%A4%9C%E5%B8%82%E7%B8%BD%E5%BA%97%E3%80%91%E9%8A%85%E6%9D%BF%E7%BE%8E%E9%A3%9F%7C%E5%B0%8F%E5%90%83%E5%BA%97%E5%A4%96%E9%80%81%E6%8E%A8%E8%96%A6/data=!4m7!3m6!1s0x3442a9c2c36ee56f:0xce26595eb0ec3471!8m2!3d25.0079471!4d121.5124101!16s%2Fg%2F11c0xhbfqk!19sChIJb-Vuw8KpQjQRcTTssF5ZJs4?authuser=0&hl=zh-TW&rclk=1,25.0079471,121.5098352,0.080486831312463
郭記麻辣臭豆腐,234新北市永和區永平路180巷 ,https://www.google.com/maps/place/%E9%83%AD%E8%A8%98%E9%BA%BB%E8%BE%A3%E8%87%AD%E8%B1%86%E8%85%90/data=!4m7!3m6!1s0x3442a9c31b836ff7:0xac3c5e0246e2d388!8m2!3d25.0091445!4d121.5105224!16s%2Fg%2F1hc48yxpq!19sChIJ92-DG8OpQjQRiNPiRgJePKw?authuser=0&hl=zh-TW&rclk=1,25.0091445,121.5079475,0.2425390757840682
成銘月亮蝦餅,234新北市永和區保平路18巷2號 ,https://www.google.com/maps/place/%E6%88%90%E9%8A%98%E6%9C%88%E4%BA%AE%E8%9D%A6%E9%A4%85/data=!4m7!3m6!1s0x3442a93572fd8ea5:0x8b1224ef7f988bc!8m2!3d25.0083411!4d121.5114751!16s%2Fg%2F11qh85skd3!19sChIJpY79cjWpQjQRvIj5904isQg?authuser=0&hl=zh-TW&rclk=1,25.0083411,121.5089002,0.1396998910776497
顏記深海旗魚串,23445新北市永和區永和路一段129號 ,https://www.google.com/maps/place/%E9%A1%8F%E8%A8%98%E6%B7%B1%E6%B5%B7%E6%97%97%E9%AD%9A%E4%B8%B2/data=!4m7!3m6!1s0x3442a9e855555555:0xf75a81ae4d0307e1!8m2!3d25.0086574!4d121.5140113!16s%2Fg%2F11gz794b9!19sChIJVVVVVeipQjQR4QcDTa6BWvc?authuser=0&hl=zh-TW&rclk=1,25.0086574,121.5114364,0.1189249031984105
火烤魚-樂華店,234新北市永和區永平路192號 ,https://www.google.com/maps/place/%E7%81%AB%E7%83%A4%E9%AD%9A-%E6%A8%82%E8%8F%AF%E5%BA%97/data=!4m7!3m6!1s0x3442a9469bae50c9:0xe0d9eb8e90a387d5!8m2!3d25.0094739!4d121.510309!16s%2Fg%2F11mv0wn0_6!19sChIJyVCum0apQjQR1YejkI7r2eA?authuser=0&hl=zh-TW&rclk=1,25.0094739,121.5077341,0.274616327506975
樂華涼拌手撕雞,234新北市永和區永平路4號 ,https://www.google.com/maps/place/%E6%A8%82%E8%8F%AF%E6%B6%BC%E6%8B%8C%E6%89%8B%E6%92%95%E9%9B%9E/data=!4m7!3m6!1s0x3442a9c281568e03:0x2fd182956eceff7e!8m2!3d25.0086629!4d121.5138896!16s%2Fg%2F11by_xyz4x!19sChIJA45WgcKpQjQRfv_ObpWC0S8?authuser=0&hl=zh-TW&rclk=1,25.0086629,121.5113147,0.1067595836224711
李來脆皮玉米-樂華夜市店,234新北市永和區永平路46號 ,https://www.google.com/maps/place/%E6%9D%8E%E4%BE%86%E8%84%86%E7%9A%AE%E7%8E%89%E7%B1%B3-%E6%A8%82%E8%8F%AF%E5%A4%9C%E5%B8%82%E5%BA%97/data=!4m7!3m6!1s0x3442a90069b75a87:0x59c8f705209e6cbc!8m2!3d25.008576!4d121.5127818!16s%2Fg%2F11w57sskl4!19sChIJh1q3aQCpQjQRvGyeIAX3yFk?authuser=0&hl=zh-TW&rclk=1,25.008576,121.5102069,0.0059368505552728
大腸包小腸,234新北市永和區永平路81巷3號樂華夜市 萬客福對面 ,https://www.google.com/maps/place/%E5%A4%A7%E8%85%B8%E5%8C%85%E5%B0%8F%E8%85%B8/data=!4m7!3m6!1s0x3442a96a9921e785:0x7dce91b037bc2b08!8m2!3d25.0082858!4d121.5116362!16s%2Fg%2F11pynkrpdq!19sChIJhechmWqpQjQRCCu8N7CRzn0?authuser=0&hl=zh-TW&rclk=1,25.0106912,121.5077663,0.3453164703722703
樂華許家蚵仔煎,234新北市永和區永平路11號 ,https://www.google.com/maps/place/%E6%A8%82%E8%8F%AF%E8%A8%B1%E5%AE%B6%E8%9A%B5%E4%BB%94%E7%85%8E/data=!4m7!3m6!1s0x3442a9c2844c646b:0x6dcc6b1363b5b3f2!8m2!3d25.0086631!4d121.5137272!16s%2Fg%2F1tzggbmp!19sChIJa2RMhMKpQjQR8rO1YxNrzG0?authuser=0&hl=zh-TW&rclk=1,25.0086631,121.5111523,0.0904794249647412
紅花麻辣鹽水雞永和樂華直營店,234新北市永和區永和路一段 135巷2號 ,https://www.google.com/maps/place/%E7%B4%85%E8%8A%B1%E9%BA%BB%E8%BE%A3%E9%B9%BD%E6%B0%B4%E9%9B%9E%E6%B0%B8%E5%92%8C%E6%A8%82%E8%8F%AF%E7%9B%B4%E7%87%9F%E5%BA%97/data=!4m7!3m6!1s0x3442a9e27cd41f59:0xf1e55d962c22c329!8m2!3d25.008798!4d121.5139717!16s%2Fg%2F11sbf835lb!19sChIJWR_UfOKpQjQRKcMiLJZd5fE?authuser=0&hl=zh-TW&rclk=1,25.008798,121.5113968,0.1174316561642904
小南鄭記台南碗粿（樂華夜市）,234新北市永和區永平路154號 ,https://www.google.com/maps/place/%E5%B0%8F%E5%8D%97%E9%84%AD%E8%A8%98%E5%8F%B0%E5%8D%97%E7%A2%97%E7%B2%BF%EF%BC%88%E6%A8%82%E8%8F%AF%E5%A4%9C%E5%B8%82%EF%BC%89/data=!4m7!3m6!1s0x3442a90078cc8b53:0x16bcd462a573eec5!8m2!3d25.0087909!4d121.5112317!16s%2Fg%2F11vq8yr5fb!19sChIJU4vMeACpQjQRxe5zpWLUvBY?authuser=0&hl=zh-TW&rclk=1,25.0087909,121.5086568,0.1641462532070916
阿爸の芋圓 樂華店,234新北市永和區保平路18巷1號 ,https://www.google.com/maps/place/%E9%98%BF%E7%88%B8%E3%81%AE%E8%8A%8B%E5%9C%93+%E6%A8%82%E8%8F%AF%E5%BA%97/data=!4m7!3m6!1s0x3442a9dcff982869:0x51ad8b29047e9216!8m2!3d25.0076477!4d121.5123365!16s%2Fg%2F1ptzzyg1v!19sChIJaSiY_9ypQjQRFpJ-BCmLrVE?authuser=0&hl=zh-TW&rclk=1,25.0076477,121.5097616,0.1130484151153632
快樂地瓜球（永和樂華總店）,234新北市永和區永平路59號 ,https://www.google.com/maps/place/%E5%BF%AB%E6%A8%82%E5%9C%B0%E7%93%9C%E7%90%83%EF%BC%88%E6%B0%B8%E5%92%8C%E6%A8%82%E8%8F%AF%E7%B8%BD%E5%BA%97%EF%BC%89/data=!4m7!3m6!1s0x3442a9c2e732f097:0xd03fb0bc9017c12c!8m2!3d25.0084253!4d121.512343!16s%2Fg%2F11c1n2b9xg!19sChIJl_Ay58KpQjQRLMEXkLywP9A?authuser=0&hl=zh-TW&rclk=1,25.0084253,121.5097681,0.0521535101677474
老牌黑輪,234新北市永和區永平路152巷口號 樂華夜市中間靠三叉路 ,https://www.google.com/maps/place/%E8%80%81%E7%89%8C%E9%BB%91%E8%BC%AA/data=!4m7!3m6!1s0x3442a9c376022005:0x17d24d020103c74e!8m2!3d25.0085572!4d121.5112963!16s%2Fg%2F1v2gbf_m!19sChIJBSACdsOpQjQRTscDAQJN0hc?authuser=0&hl=zh-TW&rclk=1,25.0085572,121.5087214,0.1556243260814847
下港排骨酥湯（僅外帶）,234新北市永和區保平路14號 ,https://www.google.com/maps/place/%E4%B8%8B%E6%B8%AF%E6%8E%92%E9%AA%A8%E9%85%A5%E6%B9%AF%EF%BC%88%E5%83%85%E5%A4%96%E5%B8%B6%EF%BC%89/data=!4m7!3m6!1s0x3442a9c2c75a2551:0x1d53b0e4301cd93a!8m2!3d25.0076463!4d121.5126053!16s%2Fg%2F1w15x3_4!19sChIJUSVax8KpQjQROtkcMOSwUx0?authuser=0&hl=zh-TW&rclk=1,25.0076463,121.5100304,0.1039248538455397
好吃雞肉【樂華店】,234新北市永和區永平路147號 ,https://www.google.com/maps/place/%E5%A5%BD%E5%90%83%E9%9B%9E%E8%82%89%E3%80%90%E6%A8%82%E8%8F%AF%E5%BA%97%E3%80%91/data=!4m7!3m6!1s0x3442a9214313e4c7:0xec04eedb46b09d3d!8m2!3d25.008512!4d121.511081!16s%2Fg%2F11frqwld54!19sChIJx-QTQyGpQjQRPZ2wRtvuBOw?authuser=0&hl=zh-TW&rclk=1,25.008512,121.5085061,0.1774374021831763
金門伯鹽酥雞（樂華夜市）,234新北市永和區永平路185號 ,https://www.google.com/maps/place/%E9%87%91%E9%96%80%E4%BC%AF%E9%B9%BD%E9%85%A5%E9%9B%9E%EF%BC%88%E6%A8%82%E8%8F%AF%E5%A4%9C%E5%B8%82%EF%BC%89/data=!4m7!3m6!1s0x3442a9005f54f863:0x31f1d300445ab29f!8m2!3d25.0093295!4d121.5102147!16s%2Fg%2F11x2p_12qr!19sChIJY_hUXwCpQjQRn7JaRADT8TE?authuser=0&hl=zh-TW&rclk=1,25.0093295,121.5076398,0.2781776163991871
樂華素食,234新北市永和區永平路38號 ,https://www.google.com/maps/place/%E6%A8%82%E8%8F%AF%E7%B4%A0%E9%A3%9F/data=!4m7!3m6!1s0x3442a9c28c405f35:0x648fc250a51652b5!8m2!3d25.0088852!4d121.5128988!16s%2Fg%2F11c539qg8q!19sChIJNV9AjMKpQjQRtVIWpVDCj2Q?authuser=0&hl=zh-TW&rclk=1,25.0088852,121.5103239,0.0365206163880965
（高）樂華潤餅捲,234新北市永和區永平路164號 ,https://www.google.com/maps/place/%EF%BC%88%E9%AB%98%EF%BC%89%E6%A8%82%E8%8F%AF%E6%BD%A4%E9%A4%85%E6%8D%B2/data=!4m7!3m6!1s0x3442a9c39f92000d:0xb1c8b3b77ac098a5!8m2!3d25.0088335!4d121.5108428!16s%2Fg%2F1pzyn0q5_!19sChIJDQCSn8OpQjQRpZjAerezyLE?authuser=0&hl=zh-TW&rclk=1,25.0088335,121.5082679,0.2036641136507262
方家園臭豆腐,234新北市永和區永平路26號 ,https://www.google.com/maps/place/%E6%96%B9%E5%AE%B6%E5%9C%92%E8%87%AD%E8%B1%86%E8%85%90/data=!4m7!3m6!1s0x3442a9c2bc9706a1:0x88ecbb1bb896ec8f!8m2!3d25.0089094!4d121.513289!16s%2Fg%2F1td4xk8_!19sChIJoQaXvMKpQjQRj-yWuBu77Ig?authuser=0&hl=zh-TW&rclk=1,25.0089094,121.5107141,0.0597397908297505
樂華夜市 正宗川麻辣臭豆腐,234新北市永和區永平路164號 ,https://www.google.com/maps/place/%E6%A8%82%E8%8F%AF%E5%A4%9C%E5%B8%82+%E6%AD%A3%E5%AE%97%E5%B7%9D%E9%BA%BB%E8%BE%A3%E8%87%AD%E8%B1%86%E8%85%90/data=!4m7!3m6!1s0x3442a9716c062c9b:0x84a27bc4709d0960!8m2!3d25.008912!4d121.5109143!16s%2Fg%2F11tjmqfcz_!19sChIJmywGbHGpQjQRYAmdcMR7ooQ?authuser=0&hl=zh-TW&rclk=1,25.008912,121.5083394,0.1980557123025363
好雞匯鹹水雞-樂華夜市,234新北市永和區保平路18巷19號一級棒烤肉對面 ,https://www.google.com/maps/place/%E5%A5%BD%E9%9B%9E%E5%8C%AF%E9%B9%B9%E6%B0%B4%E9%9B%9E-%E6%A8%82%E8%8F%AF%E5%A4%9C%E5%B8%82/data=!4m7!3m6!1s0x3442a9c2c30b1ea3:0xefc8603c09fc7357!8m2!3d25.007965!4d121.511874!16s%2Fg%2F11g8_116sy!19sChIJox4Lw8KpQjQRV3P8CTxgyO8?authuser=0&hl=zh-TW&rclk=1,25.007965,121.5092991,0.117542146453828
QQ王子地瓜球,234新北市永和區永平路路上(樂華夜市內 ,https://www.google.com/maps/place/QQ%E7%8E%8B%E5%AD%90%E5%9C%B0%E7%93%9C%E7%90%83/data=!4m7!3m6!1s0x3442a9c30c8db583:0x995d5231ff16339e!8m2!3d25.0094475!4d121.5100696!16s%2Fg%2F1tdy6rxt!19sChIJg7WNDMOpQjQRnjMW_zFSXZk?authuser=0&hl=zh-TW&rclk=1,25.0094475,121.5074947,0.2962312142189721
小島湖 · 一口酥臭豆腐［樂華總店］,234新北市永和區永平路81巷2號 ,https://www.google.com/maps/place/%E5%B0%8F%E5%B3%B6%E6%B9%96+%C2%B7+%E4%B8%80%E5%8F%A3%E9%85%A5%E8%87%AD%E8%B1%86%E8%85%90%EF%BC%BB%E6%A8%82%E8%8F%AF%E7%B8%BD%E5%BA%97%EF%BC%BD/data=!4m7!3m6!1s0x3442a93207efdbb1:0x3bb02864e853ce79!8m2!3d25.008245!4d121.5115058!16s%2Fg%2F11h4g33rbt!19sChIJsdvvBzKpQjQRec5T6GQosDs?authuser=0&hl=zh-TW&rclk=1,25.008245,121.5089309,0.1389354120554586
好吃當歸鴨,234新北市永和區永平路187號 ,https://www.google.com/maps/place/%E5%A5%BD%E5%90%83%E7%95%B6%E6%AD%B8%E9%B4%A8/data=!4m7!3m6!1s0x3442a9c30df5b885:0x9b1ba3dc6c30aca6!8m2!3d25.0093451!4d121.5101504!16s%2Fg%2F1tg4j21f!19sChIJhbj1DcOpQjQRpqwwbNyjG5s?authuser=0&hl=zh-TW&rclk=1,25.0086461,121.5087053,0.1575367317739568
何佳佳蔥油餅-樂華店(休假請看FB.IG.Google貼文),23444新北市永和區永平路186號 ,https://www.google.com/maps/place/%E4%BD%95%E4%BD%B3%E4%BD%B3%E8%94%A5%E6%B2%B9%E9%A4%85-%E6%A8%82%E8%8F%AF%E5%BA%97%28%E4%BC%91%E5%81%87%E8%AB%8B%E7%9C%8BFB.IG.Google%E8%B2%BC%E6%96%87%29/data=!4m7!3m6!1s0x3442a99e5115a047:0xb6f8f20aa4fc06e1!8m2!3d25.0093452!4d121.5104193!16s%2Fg%2F11hy9mzhqb!19sChIJR6AVUZ6pQjQR4Qb8pAry-LY?authuser=0&hl=zh-TW&rclk=1,25.0093452,121.5078444,0.2591734005395791
巨無霸懷念潤餅捲（手工現做）,234新北市永和區永平路81巷6號 ,https://www.google.com/maps/place/%E5%B7%A8%E7%84%A1%E9%9C%B8%E6%87%B7%E5%BF%B5%E6%BD%A4%E9%A4%85%E6%8D%B2%EF%BC%88%E6%89%8B%E5%B7%A5%E7%8F%BE%E5%81%9A%EF%BC%89/data=!4m7!3m6!1s0x3442a976ca83e749:0x95e6fd9af7564768!8m2!3d25.0081564!4d121.5117395!16s%2Fg%2F11s20krgj8!19sChIJSeeDynapQjQRaEdW95r95pU?authuser=0&hl=zh-TW&rclk=1,25.0081564,121.5091646,0.1195680914471136
小么雞鹹水雞 新北永和樂華夜市店,234新北市永和區永平路 ,https://www.google.com/maps/place/%E5%B0%8F%E4%B9%88%E9%9B%9E%E9%B9%B9%E6%B0%B4%E9%9B%9E+%E6%96%B0%E5%8C%97%E6%B0%B8%E5%92%8C%E6%A8%82%E8%8F%AF%E5%A4%9C%E5%B8%82%E5%BA%97/data=!4m7!3m6!1s0x3442a9c310edc433:0x70af26e1a7961e78!8m2!3d25.0087774!4d121.5106594!16s%2Fg%2F12hkljggv!19sChIJM8TtEMOpQjQReB6Wp-Emr3A?authuser=0&hl=zh-TW&rclk=1,25.0087774,121.5080845,0.2212266634737338
媛媛樂華煙燻滷味,234新北市永和區保平路18巷8號 ,https://www.google.com/maps/place/%E5%AA%9B%E5%AA%9B%E6%A8%82%E8%8F%AF%E7%85%99%E7%87%BB%E6%BB%B7%E5%91%B3/data=!4m7!3m6!1s0x3442a9997929b343:0x574e4b14e0d852e8!8m2!3d25.0077989!4d121.5120978!16s%2Fg%2F11pztsp2tt!19sChIJQ7MpeZmpQjQR6FLY4BRLTlc?authuser=0&hl=zh-TW&rclk=1,25.0077989,121.5095229,0.1126704312563425
永和佳佳香鍋貼專賣店,234新北市永和區永和路一段114號 ,https://www.google.com/maps/place/%E6%B0%B8%E5%92%8C%E4%BD%B3%E4%BD%B3%E9%A6%99%E9%8D%8B%E8%B2%BC%E5%B0%88%E8%B3%A3%E5%BA%97/data=!4m7!3m6!1s0x3442a9c2a38b529f:0xfd9c6f65ea7bb66f!8m2!3d25.0074588!4d121.5136458!16s%2Fg%2F1tw1bjjt!19sChIJn1KLo8KpQjQRb7Z76mVvnP0?authuser=0&hl=zh-TW&rclk=1,25.0074588,121.5110709,0.1467461904167338
天使雞排-樂華店,234新北市永和區保平路19號 ,https://www.google.com/maps/place/%E5%A4%A9%E4%BD%BF%E9%9B%9E%E6%8E%92-%E6%A8%82%E8%8F%AF%E5%BA%97/data=!4m7!3m6!1s0x3442a9c28c1bee39:0xda24af88a9498bdb!8m2!3d25.0074895!4d121.5127212!16s%2Fg%2F11fzwcmgd0!19sChIJOe4bjMKpQjQR24tJqYivJNo?authuser=0&hl=zh-TW&rclk=1,25.0074895,121.5101463,0.1191892344659462
樂華夜市 白雪公豬 刈包,234新北市永和區永平路36號 ,https://www.google.com/maps/place/%E6%A8%82%E8%8F%AF%E5%A4%9C%E5%B8%82+%E7%99%BD%E9%9B%AA%E5%85%AC%E8%B1%AC+%E5%88%88%E5%8C%85/data=!4m7!3m6!1s0x3442a92aff798e37:0x73eedc6b849a06!8m2!3d25.0088479!4d121.5129952!16s%2Fg%2F11txcg3l02!19sChIJN455_yqpQjQRBpqEa9zucwA?authuser=0&hl=zh-TW&rclk=1,25.0088479,121.5104203,0.0356013954226584
一級棒炭烤（樂華夜市店）,234新北市永和區保福路一段23巷18號 ,https://www.google.com/maps/place/%E4%B8%80%E7%B4%9A%E6%A3%92%E7%82%AD%E7%83%A4%EF%BC%88%E6%A8%82%E8%8F%AF%E5%A4%9C%E5%B8%82%E5%BA%97%EF%BC%89/data=!4m7!3m6!1s0x3442a9c2c2c1d8d7:0xa282e45806c7aaee!8m2!3d25.0080911!4d121.5120625!16s%2Fg%2F1wh4cklh!19sChIJ19jBwsKpQjQR7qrHBljkgqI?authuser=0&hl=zh-TW&rclk=1,25.0080911,121.5094876,0.0939585753418728
大統牛排,234新北市永和區永平路70號 ,https://www.google.com/maps/place/%E5%A4%A7%E7%B5%B1%E7%89%9B%E6%8E%92/data=!4m7!3m6!1s0x3442a9c2f28ec50d:0xca40e4774876ae7d!8m2!3d25.0085657!4d121.5122558!16s%2Fg%2F1tdpcx8n!19sChIJDcWO8sKpQjQRfa52SHfkQMo?authuser=0&hl=zh-TW&rclk=1,25.0085657,121.5096809,0.0587722264623974
樂華姐妹巨無霸豬血糕,234新北市永和區永平路32-34號 ,https://www.google.com/maps/place/%E6%A8%82%E8%8F%AF%E5%A7%90%E5%A6%B9%E5%B7%A8%E7%84%A1%E9%9C%B8%E8%B1%AC%E8%A1%80%E7%B3%95/data=!4m7!3m6!1s0x3442a9c28d71d7bf:0x94be39e15e643075!8m2!3d25.0088406!4d121.5130783!16s%2Fg%2F12m98nlyl!19sChIJv9dxjcKpQjQRdTBkXuE5vpQ?authuser=0&hl=zh-TW&rclk=1,25.0088406,121.5105034,0.0394100617666112
龍涎居雞膳食坊 永和樂華店,234新北市永和區保平路18巷6號 ,https://www.google.com/maps/place/%E9%BE%8D%E6%B6%8E%E5%B1%85%E9%9B%9E%E8%86%B3%E9%A3%9F%E5%9D%8A+%E6%B0%B8%E5%92%8C%E6%A8%82%E8%8F%AF%E5%BA%97/data=!4m7!3m6!1s0x3442a9c2c6b543e9:0x44ee16ba4d454fcd!8m2!3d25.0077288!4d121.5123889!16s%2Fg%2F11cmsc4z8k!19sChIJ6UO1xsKpQjQRzU9FTboW7kQ?authuser=0&hl=zh-TW&rclk=1,25.0077288,121.509814,0.1026496088686009
基隆美華大腸圈 永和總店,234新北市永和區永和路一段157號 ,https://www.google.com/maps/place/%E5%9F%BA%E9%9A%86%E7%BE%8E%E8%8F%AF%E5%A4%A7%E8%85%B8%E5%9C%88+%E6%B0%B8%E5%92%8C%E7%B8%BD%E5%BA%97/data=!4m7!3m6!1s0x3442a9e9d7e712f9:0x1667e837ab2ced93!8m2!3d25.0096373!4d121.5142919!16s%2Fg%2F11g6mc6qnm!19sChIJ-RLn1-mpQjQRk-0sqzfoZxY?authuser=0&hl=zh-TW&rclk=1,25.0096373,121.511717,0.1891411964298947
重慶小麵酸辣粉,234新北市永和區永平路79號1 樓 ,https://www.google.com/maps/place/%E9%87%8D%E6%85%B6%E5%B0%8F%E9%BA%B5%E9%85%B8%E8%BE%A3%E7%B2%89/data=!4m7!3m6!1s0x3442a9669946cef5:0x4f029833b4f89ce!8m2!3d25.0083202!4d121.511762!16s%2Fg%2F11t156gsvj!19sChIJ9c5GmWapQjQRzolPO4Mp8AQ?authuser=0&hl=zh-TW&rclk=1,25.0083202,121.5091871,0.1118212020618669
肥豬的攤,23444新北市永和區保平路18巷13號 ,https://www.google.com/maps/place/%E8%82%A5%E8%B1%AC%E7%9A%84%E6%94%A4/data=!4m7!3m6!1s0x3442a9bb2f532bf1:0x96b24bfc4d550211!8m2!3d25.007813!4d121.5120626!16s%2Fg%2F11bzzz071m!19sChIJ8StTL7upQjQREQJVTfxLspY?authuser=0&hl=zh-TW&rclk=1,25.007813,121.5094877,0.1139176674970036
台灣G湯-樂華店,234新北市永和區永和路一段115-1號號 ,https://www.google.com/maps/place/%E5%8F%B0%E7%81%A3G%E6%B9%AF-%E6%A8%82%E8%8F%AF%E5%BA%97/data=!4m7!3m6!1s0x3442a9c2990b5839:0xedb74b27e41de4df!8m2!3d25.008092!4d121.5137972!16s%2Fg%2F11c5_6wq97!19sChIJOVgLmcKpQjQR3-Qd5CdLt-0?authuser=0&hl=zh-TW&rclk=1,25.008092,121.5112223,0.1098403772049832
樂華夜市東石蚵仔煎,234新北市永和區永平路159號 ,https://www.google.com/maps/place/%E6%A8%82%E8%8F%AF%E5%A4%9C%E5%B8%82%E6%9D%B1%E7%9F%B3%E8%9A%B5%E4%BB%94%E7%85%8E/data=!4m7!3m6!1s0x3442a95a03273397:0xa7105efe2b73d293!8m2!3d25.008682!4d121.5107791!16s%2Fg%2F11t3_82cgv!19sChIJlzMnA1qpQjQRk9JzK_5eEKc?authuser=0&hl=zh-TW&rclk=1,25.008682,121.5082042,0.2082691214216885
反轉厚奶酥 -永和樂華,234新北市永和區永平路81巷1號 ,https://www.google.com/maps/place/%E5%8F%8D%E8%BD%89%E5%8E%9A%E5%A5%B6%E9%85%A5+-%E6%B0%B8%E5%92%8C%E6%A8%82%E8%8F%AF/data=!4m7!3m6!1s0x3442a9d5b174b4e5:0x438023ae834ecb40!8m2!3d25.0082185!4d121.5119646!16s%2Fg%2F11l1f76ykh!19sChIJ5bR0sdWpQjQRQMtOg64jgEM?authuser=0&hl=zh-TW&rclk=1,25.0082185,121.5093897,0.0959456511613406
燈籠滷味 樂華店,234新北市永和區永平路2-1號 ,https://www.google.com/maps/place/%E7%87%88%E7%B1%A0%E6%BB%B7%E5%91%B3+%E6%A8%82%E8%8F%AF%E5%BA%97/data=!4m7!3m6!1s0x3442a9c2822a8f8f:0xb2faf88f9fcbd685!8m2!3d25.0087975!4d121.5139747!16s%2Fg%2F11dzdc_wh5!19sChIJj48qgsKpQjQRhdbLn4_4-rI?authuser=0&hl=zh-TW&rclk=1,25.0087975,121.5113998,0.1177144072478516
老鼎豐水餃王,234新北市永和區永平路145號 ,https://www.google.com/maps/place/%E8%80%81%E9%BC%8E%E8%B1%90%E6%B0%B4%E9%A4%83%E7%8E%8B/data=!4m7!3m6!1s0x3442a926e18db087:0x6f644dff376fbd84!8m2!3d25.008418!4d121.511256!16s%2Fg%2F11q4bwqlh6!19sChIJh7CN4SapQjQRhL1vN_9NZG8?authuser=0&hl=zh-TW&rclk=1,25.008418,121.5086811,0.1604670671840392
小上海香酥雞（樂華店）,234新北市永和區永平路177號 ,https://www.google.com/maps/place/%E5%B0%8F%E4%B8%8A%E6%B5%B7%E9%A6%99%E9%85%A5%E9%9B%9E%EF%BC%88%E6%A8%82%E8%8F%AF%E5%BA%97%EF%BC%89/data=!4m7!3m6!1s0x3442abef8bcc8bdf:0x18ae8ddc8131c757!8m2!3d25.009017!4d121.5105147!16s%2Fg%2F11g047vkv6!19sChIJ34vMi--rQjQRV8cxgdyNrhg?authuser=0&hl=zh-TW&rclk=1,25.009017,121.5079398,0.2399175109746548
老薑汕頭麵（樂華店）-原景新店,234新北市永和區保平路18巷3-1號 ,https://www.google.com/maps/place/%E8%80%81%E8%96%91%E6%B1%95%E9%A0%AD%E9%BA%B5%EF%BC%88%E6%A8%82%E8%8F%AF%E5%BA%97%EF%BC%89-%E5%8E%9F%E6%99%AF%E6%96%B0%E5%BA%97/data=!4m7!3m6!1s0x346802762b0a10b5:0xc25750a46ce325e!8m2!3d25.0077337!4d121.5121499!16s%2Fg%2F11c1tcht0f!19sChIJtRAKK3YCaDQRXjLORgp1JQw?authuser=0&hl=zh-TW&rclk=1,25.0077337,121.509575,0.1149203725290988
嘉味仙麻油雞腿庫飯,234新北市永和區永平路2號 ,https://www.google.com/maps/place/%E5%98%89%E5%91%B3%E4%BB%99%E9%BA%BB%E6%B2%B9%E9%9B%9E%E8%85%BF%E5%BA%AB%E9%A3%AF/data=!4m7!3m6!1s0x3442a9c2a4ae3b07:0x85cdece7a8977af8!8m2!3d25.0087883!4d121.5138729!16s%2Fg%2F1td_8cd2!19sChIJBzuupMKpQjQR-HqXqOfszYU?authuser=0&hl=zh-TW&rclk=1,25.0087883,121.511298,0.1074782050442396
樂華青島餃子館,234新北市永和區永平路81巷1號 ,https://www.google.com/maps/place/%E6%A8%82%E8%8F%AF%E9%9D%92%E5%B3%B6%E9%A4%83%E5%AD%90%E9%A4%A8/data=!4m7!3m6!1s0x3442a977d5be1511:0xfb521b2c80633c8!8m2!3d25.0081193!4d121.5119458!16s%2Fg%2F11ts1ls840!19sChIJERW-1XepQjQRyDMGyLIhtQ8?authuser=0&hl=zh-TW&rclk=1,25.0081193,121.5093709,0.1024520279752744
波哥500cc冷熱飲專賣攤,樂華夜市內 ,https://www.google.com/maps/place/%E6%B3%A2%E5%93%A5500cc%E5%86%B7%E7%86%B1%E9%A3%B2%E5%B0%88%E8%B3%A3%E6%94%A4/data=!4m7!3m6!1s0x3442a9c28221f591:0xb9b08a82e9cd70bc!8m2!3d25.0084739!4d121.511234!16s%2Fg%2F11h0fch4n!19sChIJkfUhgsKpQjQRvHDN6YKKsLk?authuser=0&hl=zh-TW&rclk=1,25.0084739,121.5086591,0.1621947491336535
無名雞排,234新北市永和區保平路3號 ,https://www.google.com/maps/place/%E7%84%A1%E5%90%8D%E9%9B%9E%E6%8E%92/data=!4m7!3m6!1s0x3442a9c2bb806da1:0x7758afacfd245bdc!8m2!3d25.0076225!4d121.5133428!16s%2Fg%2F11c60jwk14!19sChIJoW2Au8KpQjQR3Fsk_ayvWHc?authuser=0&hl=zh-TW&rclk=1,25.0076225,121.5107679,0.1156974593033426
小林拉麵,234新北市永和區保福路一段25-1號 ,https://www.google.com/maps/place/%E5%B0%8F%E6%9E%97%E6%8B%89%E9%BA%B5/data=!4m7!3m6!1s0x34680353ea4f184b:0x3cc05d23c1d13538!8m2!3d25.0085247!4d121.5128262!16s%2Fg%2F11h80ltxnb!19sChIJSxhP6lMDaDQRODXRwSNdwDw?authuser=0&hl=zh-TW&rclk=1,25.0085247,121.5102513,0.0041088790962058
咖哩王子,234新北市永和區永平路153號 ,https://www.google.com/maps/place/%E5%92%96%E5%93%A9%E7%8E%8B%E5%AD%90/data=!4m7!3m6!1s0x3442a9c30ef9fa19:0x2e99107042e48aaa!8m2!3d25.0086103!4d121.5110545!16s%2Fg%2F1tfl7c2_!19sChIJGfr5DsOpQjQRqorkQnAQmS4?authuser=0&hl=zh-TW&rclk=1,25.0086103,121.5084796,0.1801174918083992
樂華夜市東山鴨頭,234新北市永和區永平路9號 ,https://www.google.com/maps/place/%E6%A8%82%E8%8F%AF%E5%A4%9C%E5%B8%82%E6%9D%B1%E5%B1%B1%E9%B4%A8%E9%A0%AD/data=!4m7!3m6!1s0x3442a9c28452d9fd:0x1c19502b337d0e9b!8m2!3d25.0086382!4d121.5137214!16s%2Fg%2F11g_1pkyc!19sChIJ_dlShMKpQjQRmw59MytQGRw?authuser=0&hl=zh-TW&rclk=1,25.0087988,121.5096779,0.0647151509354116
阿國蝦仁羹,234新北市永和區永平路147號 ,https://www.google.com/maps/place/%E9%98%BF%E5%9C%8B%E8%9D%A6%E4%BB%81%E7%BE%B9/data=!4m7!3m6!1s0x3442a9c31f102293:0x2dde680d1fa3c3c9!8m2!3d25.008512!4d121.511081!16s%2Fg%2F1hm488q6p!19sChIJkyIQH8OpQjQRycOjHw1o3i0?authuser=0&hl=zh-TW&rclk=1,25.008512,121.5085061,0.1774374021831763
泗源炸雞,234新北市永和區永平路56號 ,https://www.google.com/maps/place/%E6%B3%97%E6%BA%90%E7%82%B8%E9%9B%9E/data=!4m7!3m6!1s0x3442a9c2ed13e555:0xd4e3c17b53cd6cf4!8m2!3d25.0086067!4d121.5124037!16s%2Fg%2F11c6q5kjsp!19sChIJVeUT7cKpQjQR9GzNU3vB49Q?authuser=0&hl=zh-TW&rclk=1,25.0086067,121.5098288,0.0441411465906288
維縈家鄉碳烤雞排 樂華店,234新北市永和區永平路10號 ,https://www.google.com/maps/place/%E7%B6%AD%E7%B8%88%E5%AE%B6%E9%84%89%E7%A2%B3%E7%83%A4%E9%9B%9E%E6%8E%92+%E6%A8%82%E8%8F%AF%E5%BA%97/data=!4m7!3m6!1s0x3442a938384b8a5f:0xf4fa578150ea7db1!8m2!3d25.0088063!4d121.5137525!16s%2Fg%2F11g08byt95!19sChIJX4pLODipQjQRsX3qUIFX-vQ?authuser=0&hl=zh-TW&rclk=1,25.0088063,121.5111776,0.0962535635554421
開心城地瓜球,234新北市永和區永平路96號對面三角窗 ,https://www.google.com/maps/place/%E9%96%8B%E5%BF%83%E5%9F%8E%E5%9C%B0%E7%93%9C%E7%90%83/data=!4m7!3m6!1s0x3442a966b7016c91:0x52ab7bf0d32bfd5c!8m2!3d25.0085658!4d121.5117428!16s%2Fg%2F11sx3wt0d1!19sChIJkWwBt2apQjQRXP0r0_B7q1I?authuser=0&hl=zh-TW&rclk=1,25.0084955,121.509468,0.0805792389281706
雲南婆婆滇緬小吃,234新北市永和區大新街12號 ,https://www.google.com/maps/place/%E9%9B%B2%E5%8D%97%E5%A9%86%E5%A9%86%E6%BB%87%E7%B7%AC%E5%B0%8F%E5%90%83/data=!4m7!3m6!1s0x3442a9e8310a942d:0x7f8ace6c46be6628!8m2!3d25.0084508!4d121.5150423!16s%2Fg%2F1jglt01z6!19sChIJLZQKMeipQjQRKGa-RmzOin8?authuser=0&hl=zh-TW&rclk=1,25.0084508,121.5124674,0.2228387266917871
翁記蔥抓餅(樂華夜市),234新北市永和區永平路194號 ,https://www.google.com/maps/place/%E7%BF%81%E8%A8%98%E8%94%A5%E6%8A%93%E9%A4%85%28%E6%A8%82%E8%8F%AF%E5%A4%9C%E5%B8%82%29/data=!4m7!3m6!1s0x3442a9c3749bfe4d:0xb14d8bd5325fdd46!8m2!3d25.0094976!4d121.5102983!16s%2Fg%2F11f_j3sgdp!19sChIJTf6bdMOpQjQRRt1fMtWLTbE?authuser=0&hl=zh-TW&rclk=1,25.0094976,121.5077234,0.2765954928133772
御品香營養三明治-樂華總店,234新北市永和區永平路160號 ,https://www.google.com/maps/place/%E5%BE%A1%E5%93%81%E9%A6%99%E7%87%9F%E9%A4%8A%E4%B8%89%E6%98%8E%E6%B2%BB-%E6%A8%82%E8%8F%AF%E7%B8%BD%E5%BA%97/data=!4m7!3m6!1s0x3442a9c31ea5c35b:0xea9a24c1a95db98!8m2!3d25.0087727!4d121.5111088!16s%2Fg%2F11g9q167rb!19sChIJW8OlHsOpQjQRmNuVGkyiqQ4?authuser=0&hl=zh-TW&rclk=1,25.0087727,121.5085339,0.1761307079160973
Frozenheart凍心炸冰淇淋樂華店,234新北市永和區永平路142號 ,https://www.google.com/maps/place/Frozenheart%E5%87%8D%E5%BF%83%E7%82%B8%E5%86%B0%E6%B7%87%E6%B7%8B%E6%A8%82%E8%8F%AF%E5%BA%97/data=!4m7!3m6!1s0x3442a9d58f0e36c7:0x9583c2cbaa4e8f33!8m2!3d25.008384!4d121.5114959!16s%2Fg%2F11t7hcx_zc!19sChIJxzYOj9WpQjQRM49OqsvCg5U?authuser=0&hl=zh-TW&rclk=1,25.008384,121.508921,0.1368746115276035
豪吃轟炸大魷魚,234新北市永和區永平路11號 ,https://www.google.com/maps/place/%E8%B1%AA%E5%90%83%E8%BD%9F%E7%82%B8%E5%A4%A7%E9%AD%B7%E9%AD%9A/data=!4m7!3m6!1s0x3442a94d8a28a619:0xe31933c8e1f81a80!8m2!3d25.0087065!4d121.5134844!16s%2Fg%2F11j_7lps42!19sChIJGaYoik2pQjQRgBr44cgzGeM?authuser=0&hl=zh-TW&rclk=1,25.0087065,121.5109095,0.0672320223794716
大發烤肉（樂華店）,23444新北市永和區永平路79號 ,https://www.google.com/maps/place/%E5%A4%A7%E7%99%BC%E7%83%A4%E8%82%89%EF%BC%88%E6%A8%82%E8%8F%AF%E5%BA%97%EF%BC%89/data=!4m7!3m6!1s0x3442a9975766cec7:0xc4bcbcece8e9446c!8m2!3d25.0082594!4d121.5119526!16s%2Fg%2F11lgp7jdht!19sChIJx85mV5epQjQRbETp6Oy8vMQ?authuser=0&hl=zh-TW&rclk=1,25.0082594,121.5093777,0.0953843286434362
德鑫廣東粥,234新北市永和區保平路18巷11號 ,https://www.google.com/maps/place/%E5%BE%B7%E9%91%AB%E5%BB%A3%E6%9D%B1%E7%B2%A5/data=!4m7!3m6!1s0x3442a9c2c3389fcb:0x3f659645577dbd1!8m2!3d25.0078109!4d121.51206!16s%2Fg%2F11cnb0qhlg!19sChIJy584w8KpQjQR0dt3VWRZ9gM?authuser=0&hl=zh-TW&rclk=1,25.0078109,121.5094851,0.1142670184320179
冰的熱的,234新北市永和區大新街53號 ,https://www.google.com/maps/place/%E5%86%B0%E7%9A%84%E7%86%B1%E7%9A%84/data=!4m7!3m6!1s0x3442a9e84b386145:0x33c34685001e06ad!8m2!3d25.008553!4d121.5158887!16s%2Fg%2F11f_4rxqdv!19sChIJRWE4S-ipQjQRrQYeAIVGwzM?authuser=0&hl=zh-TW&rclk=1,25.008553,121.5133138,0.3079481413421302
無名香雞排,234新北市永和區保福路一段4號 ,https://www.google.com/maps/place/%E7%84%A1%E5%90%8D%E9%A6%99%E9%9B%9E%E6%8E%92/data=!4m7!3m6!1s0x3442a9c2bc841f2f:0xcb278c6b62609e26!8m2!3d25.0076177!4d121.5133435!16s%2Fg%2F1pzq0086z!19sChIJLx-EvMKpQjQRJp5gYmuMJ8s?authuser=0&hl=zh-TW&rclk=1,25.0076177,121.5107686,0.1162060694068873
樂華熱炒100,234新北市永和區永平路161號 ,https://www.google.com/maps/place/%E6%A8%82%E8%8F%AF%E7%86%B1%E7%82%92100/data=!4m7!3m6!1s0x3442a9666d9d66ef:0x487f4805c4d45b7c!8m2!3d25.0086936!4d121.5108555!16s%2Fg%2F11s4_b8lv9!19sChIJ72adbWapQjQRfFvUxAVIf0g?authuser=0&hl=zh-TW&rclk=1,25.0086936,121.5082806,0.2006644178370163
海盜船義式料理坊,234新北市永和區永和路一段65巷5之1號 ,https://www.google.com/maps/place/%E6%B5%B7%E7%9B%9C%E8%88%B9%E7%BE%A9%E5%BC%8F%E6%96%99%E7%90%86%E5%9D%8A/data=!4m7!3m6!1s0x3442a9dd6af292e7:0x3127073b0f4748e0!8m2!3d25.007303!4d121.512577!16s%2Fg%2F1tdqr71z!19sChIJ55Lyat2pQjQR4EhHDzsHJzE?authuser=0&hl=zh-TW&rclk=1,25.007303,121.5100021,0.1417340410148936
阿文悶烤燒炭烤玉米,234新北市永和區永平路183-185號 ,https://www.google.com/maps/place/%E9%98%BF%E6%96%87%E6%82%B6%E7%83%A4%E7%87%92%E7%82%AD%E7%83%A4%E7%8E%89%E7%B1%B3/data=!4m7!3m6!1s0x3442a9c30c6db063:0xe322cc0f0205c91f!8m2!3d25.009366!4d121.510156!16s%2Fg%2F1v6wm0bh!19sChIJY7BtDMOpQjQRH8kFAg_MIuM?authuser=0&hl=zh-TW&rclk=1,25.009366,121.5075811,0.285063900473699
魷魚船現炸魷魚,新北市永和區 ,https://www.google.com/maps/place/%E9%AD%B7%E9%AD%9A%E8%88%B9%E7%8F%BE%E7%82%B8%E9%AD%B7%E9%AD%9A/data=!4m7!3m6!1s0x3442a9c2e104f707:0x76736768f81ba942!8m2!3d25.0082245!4d121.511647!16s%2Fg%2F12hkdq9bw!19sChIJB_cE4cKpQjQRQqkb-Ghnc3Y?authuser=0&hl=zh-TW&rclk=1,25.0082245,121.5090721,0.1258431528758916
永和樂華夜市大漢草原新疆羊肉串,234新北市永和區永平路175號 ,https://www.google.com/maps/place/%E6%B0%B8%E5%92%8C%E6%A8%82%E8%8F%AF%E5%A4%9C%E5%B8%82%E5%A4%A7%E6%BC%A2%E8%8D%89%E5%8E%9F%E6%96%B0%E7%96%86%E7%BE%8A%E8%82%89%E4%B8%B2/data=!4m7!3m6!1s0x3442a9d1a096c399:0xd156590315cef23f!8m2!3d25.0090974!4d121.5103691!16s%2Fg%2F11g2wp5n8x!19sChIJmcOWoNGpQjQRP_LOFQNZVtE?authuser=0&hl=zh-TW&rclk=1,25.0090974,121.5077942,0.2562238450907038
樂華小吃,234新北市永和區永平路37號 ,https://www.google.com/maps/place/%E6%A8%82%E8%8F%AF%E5%B0%8F%E5%90%83/data=!4m7!3m6!1s0x3442a9e5cf885c9f:0x3c22beda8b0d1a7e!8m2!3d25.0086346!4d121.5130134!16s%2Fg%2F11ssxgggc0!19sChIJn1yIz-WpQjQRfhoNi9q-Ijw?authuser=0&hl=zh-TW&rclk=1,25.0085458,121.5096919,0.0576807596389229
樂華天下紅茶店,234新北市永和區永平路171號 ,https://www.google.com/maps/place/%E6%A8%82%E8%8F%AF%E5%A4%A9%E4%B8%8B%E7%B4%85%E8%8C%B6%E5%BA%97/data=!4m7!3m6!1s0x3442a9c310edc433:0x798d3df12c8677c7!8m2!3d25.0088918!4d121.5105646!16s%2Fg%2F1tfd4nt3!19sChIJM8TtEMOpQjQRx3eGLPE9jXk?authuser=0&hl=zh-TW&rclk=1,25.0088918,121.5079897,0.2324049132891202
IKKI 深夜食堂-永和店,234新北市永和區中山路一段135號 ,https://www.google.com/maps/place/IKKI+%E6%B7%B1%E5%A4%9C%E9%A3%9F%E5%A0%82-%E6%B0%B8%E5%92%8C%E5%BA%97/data=!4m7!3m6!1s0x3442a9c30866e067:0xbbdf5ebd62aaddc0!8m2!3d25.0096909!4d121.5105363!16s%2Fg%2F11fxzm978d!19sChIJZ-BmCMOpQjQRwN2qYr1e37s?authuser=0&hl=zh-TW&rclk=1,25.0096909,121.5079614,0.2639498885336055
樂華三鮮羹二店,234新北市永和區保平路18巷10號 ,https://www.google.com/maps/place/%E6%A8%82%E8%8F%AF%E4%B8%89%E9%AE%AE%E7%BE%B9%E4%BA%8C%E5%BA%97/data=!4m7!3m6!1s0x3442a91e76595ff9:0xa9fcbb20efb2b7bc!8m2!3d25.007934!4d121.5122468!16s%2Fg%2F11tf2qzb91!19sChIJ-V9Zdh6pQjQRvLey7yC7_Kk?authuser=0&hl=zh-TW&rclk=1,25.0081751,121.5092444,0.1113281441801394
烤麵筋、山藥餅 樂華夜市店 8品美食,234新北市永和區永平路181號 ,https://www.google.com/maps/place/%E7%83%A4%E9%BA%B5%E7%AD%8B%E3%80%81%E5%B1%B1%E8%97%A5%E9%A4%85+%E6%A8%82%E8%8F%AF%E5%A4%9C%E5%B8%82%E5%BA%97+8%E5%93%81%E7%BE%8E%E9%A3%9F/data=!4m7!3m6!1s0x3442a929c0b3d3e7:0x41238dd72fa5b5a6!8m2!3d25.0092694!4d121.5101503!16s%2Fg%2F11v3gm9fgq!19sChIJ59OzwCmpQjQRprWlL9eNI0E?authuser=0&hl=zh-TW&rclk=1,25.0086364,121.5094747,0.0800298953503749
甲林鐵板燒,234台灣永和區保平路50巷8弄16號 ,https://www.google.com/maps/place/%E7%94%B2%E6%9E%97%E9%90%B5%E6%9D%BF%E7%87%92/data=!4m7!3m6!1s0x3442a9c2deb23c99:0x689d21ea10590909!8m2!3d25.0078475!4d121.5116386!16s%2Fg%2F1pzw2tp98!19sChIJmTyy3sKpQjQRCQlZEOohnWg?authuser=0&hl=zh-TW&rclk=1,25.0078475,121.5090637,0.1445374761485111
冰庫 杏仁 雪花冰,234新北市永和區永平路149號號 ,https://www.google.com/maps/place/%E5%86%B0%E5%BA%AB+%E6%9D%8F%E4%BB%81+%E9%9B%AA%E8%8A%B1%E5%86%B0/data=!4m7!3m6!1s0x3442a9c31f21e933:0xa606b06b678074a4!8m2!3d25.0085529!4d121.511035!16s%2Fg%2F11c2j1llkc!19sChIJM-khH8OpQjQRpHSAZ2uwBqY?authuser=0&hl=zh-TW&rclk=1,25.0086877,121.5098167,0.0472225193434699
辛綠豆冰沙牛奶,234新北市永和區永平路183號 ,https://www.google.com/maps/place/%E8%BE%9B%E7%B6%A0%E8%B1%86%E5%86%B0%E6%B2%99%E7%89%9B%E5%A5%B6/data=!4m7!3m6!1s0x3442a944cd83d857:0xe4f0c6bcc243a64c!8m2!3d25.0093272!4d121.5101082!16s%2Fg%2F11f6dsyb_1!19sChIJV9iDzUSpQjQRTKZDwrzG8OQ?authuser=0&hl=zh-TW&rclk=1,25.0093272,121.5075333,0.2883547891873742
Don'ts Don'ts Pasta 懂吃懂吃.義式小廚,234新北市永和區永平路180巷6號 ,https://www.google.com/maps/place/Don%27ts+Don%27ts+Pasta+%E6%87%82%E5%90%83%E6%87%82%E5%90%83.%E7%BE%A9%E5%BC%8F%E5%B0%8F%E5%BB%9A/data=!4m7!3m6!1s0x3442a9c41b8cf25d:0x2af04f248bd49f77!8m2!3d25.0092526!4d121.510769!16s%2Fg%2F11h6xm5b9m!19sChIJXfKMG8SpQjQRd5_UiyRP8Co?authuser=0&hl=zh-TW&rclk=1,25.0092526,121.5081941,0.2224890531623771
101養身鮮菜潤餅捲 素食,234新北市永和區永平路186號 ,https://www.google.com/maps/place/101%E9%A4%8A%E8%BA%AB%E9%AE%AE%E8%8F%9C%E6%BD%A4%E9%A4%85%E6%8D%B2+%E7%B4%A0%E9%A3%9F/data=!4m7!3m6!1s0x3442a9c30e7f280b:0x22eee5381d5374ab!8m2!3d25.0093452!4d121.5104193!16s%2Fg%2F11f06m5ckn!19sChIJCyh_DsOpQjQRq3RTHTjl7iI?authuser=0&hl=zh-TW&rclk=1,25.0093452,121.5078444,0.2591734005395791
阿里小廚美式牛排餐廳,234新北市永和區永和路一段117號 ,https://www.google.com/maps/place/%E9%98%BF%E9%87%8C%E5%B0%8F%E5%BB%9A%E7%BE%8E%E5%BC%8F%E7%89%9B%E6%8E%92%E9%A4%90%E5%BB%B3/data=!4m7!3m6!1s0x3442a9c29ba16ab5:0x1e30885718f7bfe2!8m2!3d25.0081625!4d121.5138048!16s%2Fg%2F11cs1rc7bz!19sChIJtWqhm8KpQjQR4r_3GFeIMB4?authuser=0&hl=zh-TW&rclk=1,25.0081625,121.5112299,0.1070746444190598
牛力士現涮牛肉湯,23444新北市永和區保平路18巷4號 ,https://www.google.com/maps/place/%E7%89%9B%E5%8A%9B%E5%A3%AB%E7%8F%BE%E6%B6%AE%E7%89%9B%E8%82%89%E6%B9%AF/data=!4m7!3m6!1s0x3442a9676e4a3283:0x60619e401462e516!8m2!3d25.0077172!4d121.5125164!16s%2Fg%2F11hl7mz6h3!19sChIJgzJKbmepQjQRFuViFECeYWA?authuser=0&hl=zh-TW&rclk=1,25.0077172,121.5099415,0.0988635658306695
和陞屋牛排,234新北市永和區保平路27號 ,https://www.google.com/maps/place/%E5%92%8C%E9%99%9E%E5%B1%8B%E7%89%9B%E6%8E%92/data=!4m7!3m6!1s0x3442a9c2c8a179e9:0x172e122cc30f20b7!8m2!3d25.0073865!4d121.5123413!16s%2Fg%2F1tdbtg4h!19sChIJ6XmhyMKpQjQRtyAPwywSLhc?authuser=0&hl=zh-TW&rclk=1,25.0073865,121.5097664,0.1393470433326215
真味肉圓&匠一小吃店【樂華保平店】,23444新北市永和區保平路15號 ,https://www.google.com/maps/place/%E7%9C%9F%E5%91%B3%E8%82%89%E5%9C%93%26%E5%8C%A0%E4%B8%80%E5%B0%8F%E5%90%83%E5%BA%97%E3%80%90%E6%A8%82%E8%8F%AF%E4%BF%9D%E5%B9%B3%E5%BA%97%E3%80%91/data=!4m7!3m6!1s0x346802a113900069:0x7274c49be014a5c3!8m2!3d25.007485!4d121.5127126!16s%2Fg%2F11f2y8n6xl!19sChIJaQCQE6ECaDQRw6UU4JvEdHI?authuser=0&hl=zh-TW&rclk=1,25.007485,121.5101377,0.1197739118282384
Bon Bon熊掌燒,234新北市永和區永平路180巷 ,https://www.google.com/maps/place/Bon+Bon%E7%86%8A%E6%8E%8C%E7%87%92/data=!4m7!3m6!1s0x3442a9c30fd28ced:0x6cc243046fcbd50e!8m2!3d25.0091197!4d121.5106277!16s%2Fg%2F11gbwtrhnj!19sChIJ7YzSD8OpQjQRDtXLbwRDwmw?authuser=0&hl=zh-TW&rclk=1,25.0091197,121.5080528,0.2315622499759459
蕭阿姨小吃店 手工饅頭,234新北市永和區保平路50巷8弄1號 ,https://www.google.com/maps/place/%E8%95%AD%E9%98%BF%E5%A7%A8%E5%B0%8F%E5%90%83%E5%BA%97+%E6%89%8B%E5%B7%A5%E9%A5%85%E9%A0%AD/data=!4m7!3m6!1s0x3442a9c32915174f:0xe843789624ee5e0c!8m2!3d25.007633!4d121.511108!16s%2Fg%2F11g6vjx7hw!19sChIJTxcVKcOpQjQRDF7uJJZ4Q-g?authuser=0&hl=zh-TW&rclk=1,25.007633,121.5085331,0.2025968712402903
泰夯 (泰式熱炒),234新北市永和區永和路一段65巷1號 ,https://www.google.com/maps/place/%E6%B3%B0%E5%A4%AF+%28%E6%B3%B0%E5%BC%8F%E7%86%B1%E7%82%92%29/data=!4m7!3m6!1s0x3442a9dd4963c4ed:0x85a86648c986e599!8m2!3d25.0069996!4d121.5128026!16s%2Fg%2F11bvt1kl9v!19sChIJ7cRjSd2pQjQRmeWGyUhmqIU?authuser=0&hl=zh-TW&rclk=1,25.0069996,121.5102277,0.1729092755098691
官小二酸菜魚 永和樂華店,234新北市永和區中山路一段133號1樓 ,https://www.google.com/maps/place/%E5%AE%98%E5%B0%8F%E4%BA%8C%E9%85%B8%E8%8F%9C%E9%AD%9A+%E6%B0%B8%E5%92%8C%E6%A8%82%E8%8F%AF%E5%BA%97/data=!4m7!3m6!1s0x3442a9f8e52d8f67:0xe72f9b22838deccf!8m2!3d25.0098646!4d121.5105989!16s%2Fg%2F11k9q79y0q!19sChIJZ48t5fipQjQRz-yNgyKbL-c?authuser=0&hl=zh-TW&rclk=1,25.0098646,121.508024,0.2682597544360645
嘉義阿松臭豆腐,234新北市永和區保平路18巷17號 ,https://www.google.com/maps/place/%E5%98%89%E7%BE%A9%E9%98%BF%E6%9D%BE%E8%87%AD%E8%B1%86%E8%85%90/data=!4m7!3m6!1s0x3442a9eb1cde6733:0x4ce101102e05f0e0!8m2!3d25.0079136!4d121.5120042!16s%2Fg%2F11l1yfds8l!19sChIJM2feHOupQjQR4PAFLhAB4Uw?authuser=0&hl=zh-TW&rclk=1,25.0084128,121.5088843,0.1401349051282043
金乃家台灣炸牛排專賣店樂華店,234新北市永和區永平路5號 ,https://www.google.com/maps/place/%E9%87%91%E4%B9%83%E5%AE%B6%E5%8F%B0%E7%81%A3%E7%82%B8%E7%89%9B%E6%8E%92%E5%B0%88%E8%B3%A3%E5%BA%97%E6%A8%82%E8%8F%AF%E5%BA%97/data=!4m7!3m6!1s0x3442a937825ee697:0x57ff85005ef9de17!8m2!3d25.0085796!4d121.5138623!16s%2Fg%2F11y4dpppfh!19sChIJl-ZegjepQjQRF975XgCF_1c?authuser=0&hl=zh-TW&rclk=1,25.0085796,121.5112874,0.103418334067115
光頭炸雞（樂華店）,234新北市永和區永平路81巷6號 ,https://www.google.com/maps/place/%E5%85%89%E9%A0%AD%E7%82%B8%E9%9B%9E%EF%BC%88%E6%A8%82%E8%8F%AF%E5%BA%97%EF%BC%89/data=!4m7!3m6!1s0x3442a9000cbd5f65:0xb36eb93c7f99270a!8m2!3d25.0081309!4d121.5117666!16s%2Fg%2F11ybpl_1n_!19sChIJZV-9DACpQjQRCieZfzy5brM?authuser=0&hl=zh-TW&rclk=1,25.0080479,121.5092454,0.117362274664469
小野牛,234新北市永和區永平路81巷10號 ,https://www.google.com/maps/place/%E5%B0%8F%E9%87%8E%E7%89%9B/data=!4m7!3m6!1s0x3442a9c2ddc0aebb:0xdcda5b70d609fd2e!8m2!3d25.0080886!4d121.5117703!16s%2Fg%2F11b7ttgh_9!19sChIJu67A3cKpQjQRLv0J1nBb2tw?authuser=0&hl=zh-TW&rclk=1,25.0080886,121.5091954,0.1197705677343901
剪刀式雞蛋糕,234新北市永和區永平路159號 ,https://www.google.com/maps/place/%E5%89%AA%E5%88%80%E5%BC%8F%E9%9B%9E%E8%9B%8B%E7%B3%95/data=!4m7!3m6!1s0x3442a9c310550001:0x98909ba78d56aa59!8m2!3d25.008682!4d121.5107791!16s%2Fg%2F1tgfmtwl!19sChIJAQBVEMOpQjQRWapWjaebkJg?authuser=0&hl=zh-TW&rclk=1,25.008682,121.5082042,0.2082691214216885
潤品客家食堂 客家鹹湯圓 板條 米苔目,234新北市永和區永平路200號 ,https://www.google.com/maps/place/%E6%BD%A4%E5%93%81%E5%AE%A2%E5%AE%B6%E9%A3%9F%E5%A0%82+%E5%AE%A2%E5%AE%B6%E9%B9%B9%E6%B9%AF%E5%9C%93+%E6%9D%BF%E6%A2%9D+%E7%B1%B3%E8%8B%94%E7%9B%AE/data=!4m7!3m6!1s0x3442a9c37523d0e5:0xc439d3f3a9409242!8m2!3d25.009993!4d121.5099491!16s%2Fg%2F1vv2pyl3!19sChIJ5dAjdcOpQjQRQpJAqfPTOcQ?authuser=0&hl=zh-TW&rclk=1,25.009993,121.5073742,0.3320070364160787
北古糖葫蘆-樂華店,234新北市永和區永平路錢櫃旁 ,https://www.google.com/maps/place/%E5%8C%97%E5%8F%A4%E7%B3%96%E8%91%AB%E8%98%86-%E6%A8%82%E8%8F%AF%E5%BA%97/data=!4m7!3m6!1s0x3442a9004346ba63:0xf149b625e3f6ac35!8m2!3d25.0085659!4d121.5138969!16s%2Fg%2F11y2hrgbdf!19sChIJY7pGQwCpQjQRNaz24yW2SfE?authuser=0&hl=zh-TW&rclk=1,25.0085553,121.5101801,0.0083958409194176
鴻爐發蜜汁燒烤,234新北市永和區永平路 ,https://www.google.com/maps/place/%E9%B4%BB%E7%88%90%E7%99%BC%E8%9C%9C%E6%B1%81%E7%87%92%E7%83%A4/data=!4m7!3m6!1s0x3442a9c39f92000d:0xd4cf9b2df62ba1ab!8m2!3d25.0084684!4d121.5115048!16s%2Fg%2F11b638_xjz!19sChIJDQCSn8OpQjQRq6Er9i2bz9Q?authuser=0&hl=zh-TW&rclk=1,25.0084684,121.5089299,0.1349610318338769
我愛法式可麗餅 可麗餅 半月燒,234新北市永和區永平路79號 ,https://www.google.com/maps/place/%E6%88%91%E6%84%9B%E6%B3%95%E5%BC%8F%E5%8F%AF%E9%BA%97%E9%A4%85+%E5%8F%AF%E9%BA%97%E9%A4%85+%E5%8D%8A%E6%9C%88%E7%87%92/data=!4m7!3m6!1s0x3442a9c2dcd32331:0x6abe0624f953367b!8m2!3d25.0083639!4d121.5117225!16s%2Fg%2F11csq7f4lc!19sChIJMSPT3MKpQjQRezZT-SQGvmo?authuser=0&hl=zh-TW&rclk=1,25.0083639,121.5091476,0.1146824720870054
味香香生烤玉米,234新北市永和區永平路173巷8號 ,https://www.google.com/maps/place/%E5%91%B3%E9%A6%99%E9%A6%99%E7%94%9F%E7%83%A4%E7%8E%89%E7%B1%B3/data=!4m7!3m6!1s0x3442a9c310673553:0xea9950717664d4df!8m2!3d25.0087934!4d121.5101998!16s%2Fg%2F11fxw2f2w4!19sChIJUzVnEMOpQjQR39RkdnFQmeo?authuser=0&hl=zh-TW&rclk=1,25.0087934,121.5076249,0.2675577728466941
樂華 素食 攤子,234新北市永和區永平路9號號 前 ,https://www.google.com/maps/place/%E6%A8%82%E8%8F%AF+%E7%B4%A0%E9%A3%9F+%E6%94%A4%E5%AD%90/data=!4m7!3m6!1s0x3442a9c285be7101:0x3796540e329d48d8!8m2!3d25.0086382!4d121.5137214!16s%2Fg%2F11f03_l1b1!19sChIJAXG-hcKpQjQR2EidMg5Uljc?authuser=0&hl=zh-TW&rclk=1,25.0087617,121.5107352,0.0526235134417885
樂華夜市-拉絲小子（拔絲地瓜）,234新北市永和區永平路142號 ,https://www.google.com/maps/place/%E6%A8%82%E8%8F%AF%E5%A4%9C%E5%B8%82-%E6%8B%89%E7%B5%B2%E5%B0%8F%E5%AD%90%EF%BC%88%E6%8B%94%E7%B5%B2%E5%9C%B0%E7%93%9C%EF%BC%89/data=!4m7!3m6!1s0x3442a9900c8ed5f1:0xe4b31508adda3b9c!8m2!3d25.0084719!4d121.511561!16s%2Fg%2F11l79b4mx1!19sChIJ8dWODJCpQjQRnDvarQgVs-Q?authuser=0&hl=zh-TW&rclk=1,25.0084719,121.5089861,0.1292749462159541
炸G行家 永和保平店,234新北市永和區保平路2-1號 ,https://www.google.com/maps/place/%E7%82%B8G%E8%A1%8C%E5%AE%B6+%E6%B0%B8%E5%92%8C%E4%BF%9D%E5%B9%B3%E5%BA%97/data=!4m7!3m6!1s0x3442a9737c59dbab:0xcdc8f5210e4b4686!8m2!3d25.007729!4d121.513162!16s%2Fg%2F11m__1x0hb!19sChIJq9tZfHOpQjQRhkZLDiH1yM0?authuser=0&hl=zh-TW&rclk=1,25.007729,121.5105871,0.0977106900833831
牛下來 牛滷飯專賣店,234新北市永和區保平路5號 ,https://www.google.com/maps/place/%E7%89%9B%E4%B8%8B%E4%BE%86+%E7%89%9B%E6%BB%B7%E9%A3%AF%E5%B0%88%E8%B3%A3%E5%BA%97/data=!4m7!3m6!1s0x3442a90f619d7673:0xaeae9fc446bda3ad!8m2!3d25.0075241!4d121.5131141!16s%2Fg%2F11jg2lq1j8!19sChIJc3adYQ-pQjQRraO9RsSfrq4?authuser=0&hl=zh-TW&rclk=1,25.0075241,121.5105392,0.1181073948315915
阿呆去骨鹹水雞,234新北市永和區永平路156號號 No ,https://www.google.com/maps/place/%E9%98%BF%E5%91%86%E5%8E%BB%E9%AA%A8%E9%B9%B9%E6%B0%B4%E9%9B%9E/data=!4m7!3m6!1s0x3442a9c31e8f91d1:0xf2a990eb8a41f8af!8m2!3d25.0087907!4d121.5112325!16s%2Fg%2F11byxf6yr0!19sChIJ0ZGPHsOpQjQRr_hBiuuQqfI?authuser=0&hl=zh-TW&rclk=1,25.0083778,121.5086918,0.1598937432621892
口吅品麻辣臭豆腐&平價牛排複合店永和店,234新北市永和區永平路172號 ,https://www.google.com/maps/place/%E5%8F%A3%E5%90%85%E5%93%81%E9%BA%BB%E8%BE%A3%E8%87%AD%E8%B1%86%E8%85%90%26%E5%B9%B3%E5%83%B9%E7%89%9B%E6%8E%92%E8%A4%87%E5%90%88%E5%BA%97%E6%B0%B8%E5%92%8C%E5%BA%97/data=!4m7!3m6!1s0x3442a83248e4c7d7:0xb23478d7c6b8df34!8m2!3d25.0090402!4d121.510759!16s%2Fg%2F1tjcm4nj!19sChIJ18fkSDKoQjQRNN-4xtd4NLI?authuser=0&hl=zh-TW&rclk=1,25.0090402,121.5081841,0.216491339764732
北斗肉圓,234新北市永和區永貞路309號 ,https://www.google.com/maps/place/%E5%8C%97%E6%96%97%E8%82%89%E5%9C%93/data=!4m7!3m6!1s0x3442a9dcc6bf32dd:0x2aa72e34cfb591fb!8m2!3d25.0063831!4d121.5101029!16s%2Fg%2F1tdvmfkh!19sChIJ3TK_xtypQjQR-5G1zzQupyo?authuser=0&hl=zh-TW&rclk=1,25.0063831,121.507528,0.3665879921718334
阿牛仔義大利麵,234新北市永和區永平路160號 ,https://www.google.com/maps/place/%E9%98%BF%E7%89%9B%E4%BB%94%E7%BE%A9%E5%A4%A7%E5%88%A9%E9%BA%B5/data=!4m7!3m6!1s0x3442a98969be57f5:0x50d8ab6b1eab5eea!8m2!3d25.0087727!4d121.5111088!16s%2Fg%2F11k3q3zjdy!19sChIJ9Ve-aYmpQjQR6l6rHmur2FA?authuser=0&hl=zh-TW&rclk=1,25.0087727,121.5085339,0.1761307079160973
【玉駕清蒸】新鮮玉米粒杯｜永和樂華店,234新北市永和區永平路81巷4號號前 ,https://www.google.com/maps/place/%E3%80%90%E7%8E%89%E9%A7%95%E6%B8%85%E8%92%B8%E3%80%91%E6%96%B0%E9%AE%AE%E7%8E%89%E7%B1%B3%E7%B2%92%E6%9D%AF%EF%BD%9C%E6%B0%B8%E5%92%8C%E6%A8%82%E8%8F%AF%E5%BA%97/data=!4m7!3m6!1s0x3442a933013a84ab:0xe52c7fe18a594d4b!8m2!3d25.0082986!4d121.5116084!16s%2Fg%2F11sfg75fn8!19sChIJq4Q6ATOpQjQRS01ZiuF_LOU?authuser=0&hl=zh-TW&rclk=1,25.0082986,121.5090335,0.1274576489467785
蔬軾．樂華店．創意蔬食料理．So Veg Restaurant,23443新北市永和區中山路一段136號 ,https://www.google.com/maps/place/%E8%94%AC%E8%BB%BE%EF%BC%8E%E6%A8%82%E8%8F%AF%E5%BA%97%EF%BC%8E%E5%89%B5%E6%84%8F%E8%94%AC%E9%A3%9F%E6%96%99%E7%90%86%EF%BC%8ESo+Veg+Restaurant/data=!4m7!3m6!1s0x3442a9c94005f109:0x6d6fd64ba7c3ed8e!8m2!3d25.0099006!4d121.510173!16s%2Fg%2F11rrzb6rck!19sChIJCfEFQMmpQjQRju3Dp0vWb20?authuser=0&hl=zh-TW&rclk=1,25.0099006,121.5075981,0.3072682118830405
雪兒煙囪捲,234新北市永和區永平路164號 ,https://www.google.com/maps/place/%E9%9B%AA%E5%85%92%E7%85%99%E5%9B%AA%E6%8D%B2/data=!4m7!3m6!1s0x3442a9183e9f2251:0x6200c0967b1c3953!8m2!3d25.0089119!4d121.5109143!16s%2Fg%2F11q4h_p0ws!19sChIJUSKfPhipQjQRUzkce5bAAGI?authuser=0&hl=zh-TW&rclk=1,25.0089119,121.5083394,0.198053533079051
台灣鹽酥雞創始總店 樂華店,234新北市永和區永和路一段147號 ,https://www.google.com/maps/place/%E5%8F%B0%E7%81%A3%E9%B9%BD%E9%85%A5%E9%9B%9E%E5%89%B5%E5%A7%8B%E7%B8%BD%E5%BA%97+%E6%A8%82%E8%8F%AF%E5%BA%97/data=!4m7!3m6!1s0x3442a9c27e33b13b:0xdd669bd6371c277d!8m2!3d25.009095!4d121.513968!16s%2Fg%2F11df1tz0tp!19sChIJO7EzfsKpQjQRfSccN9abZt0?authuser=0&hl=zh-TW&rclk=1,25.009095,121.5113931,0.1285319865809353
樂野鍋物 LeYe Hot Pot,234新北市永和區中山路一段166號 ,https://www.google.com/maps/place/%E6%A8%82%E9%87%8E%E9%8D%8B%E7%89%A9+LeYe+Hot+Pot/data=!4m7!3m6!1s0x3442a9a7e6ec7f3b:0x421764a36946f812!8m2!3d25.009295!4d121.509414!16s%2Fg%2F11p9cc8fl7!19sChIJO3_s5qepQjQREvhGaaNkF0I?authuser=0&hl=zh-TW&rclk=1,25.009295,121.5068391,0.3550832500747283
阿婆的章魚燒,234新北市永和區永平路142號樂華夜市 ,https://www.google.com/maps/place/%E9%98%BF%E5%A9%86%E7%9A%84%E7%AB%A0%E9%AD%9A%E7%87%92/data=!4m7!3m6!1s0x3442a9c2e119226f:0x6492319d998aa797!8m2!3d25.008384!4d121.5114959!16s%2Fg%2F11hc_2ssv_!19sChIJbyIZ4cKpQjQRl6eKmZ0xkmQ?authuser=0&hl=zh-TW&rclk=1,25.008384,121.508921,0.1368746115276035
老大薯條-樂華夜市,234新北市永和區永平路51之6號 ,https://www.google.com/maps/place/%E8%80%81%E5%A4%A7%E8%96%AF%E6%A2%9D-%E6%A8%82%E8%8F%AF%E5%A4%9C%E5%B8%82/data=!4m7!3m6!1s0x3442a9006534e8f9:0xd93d5b35a78bd38!8m2!3d25.0085774!4d121.5127875!16s%2Fg%2F11vzjj6b4d!19sChIJ-eg0ZQCpQjQROL14WrPVkw0?authuser=0&hl=zh-TW&rclk=1,25.0085774,121.5102126,0.0054420531437484
麵嫂,234新北市永和區保福路一段33號 ,https://www.google.com/maps/place/%E9%BA%B5%E5%AB%82/data=!4m7!3m6!1s0x3442a9c2bc8425e5:0xcd9b64c62a260067!8m2!3d25.0089587!4d121.5127304!16s%2Fg%2F1tcw5wvm!19sChIJ5SWEvMKpQjQRZwAmKsZkm80?authuser=0&hl=zh-TW&rclk=1,25.0089587,121.5101555,0.0454596514417583
泰愛了 手工泰式奶茶 樂華店,235新北市中和區永平路79號 ,https://www.google.com/maps/place/%E6%B3%B0%E6%84%9B%E4%BA%86+%E6%89%8B%E5%B7%A5%E6%B3%B0%E5%BC%8F%E5%A5%B6%E8%8C%B6+%E6%A8%82%E8%8F%AF%E5%BA%97/data=!4m7!3m6!1s0x3442a9ed4897363b:0x84884ae7524f256!8m2!3d25.0083518!4d121.5119251!16s%2Fg%2F11kb4vql09!19sChIJOzaXSO2pQjQRVvIkda6ESAg?authuser=0&hl=zh-TW&rclk=1,25.0083518,121.5093502,0.0949985989422598
加分100%浜中特選昆布鍋物-永和樂華店,234新北市永和區永和路一段115-2號 ,https://www.google.com/maps/place/%E5%8A%A0%E5%88%86100%25%E6%B5%9C%E4%B8%AD%E7%89%B9%E9%81%B8%E6%98%86%E5%B8%83%E9%8D%8B%E7%89%A9-%E6%B0%B8%E5%92%8C%E6%A8%82%E8%8F%AF%E5%BA%97/data=!4m7!3m6!1s0x3442a93ad59e0437:0x12b1a32d6949a055!8m2!3d25.0081177!4d121.5138107!16s%2Fg%2F11p6d0xxmv!19sChIJNwSe1TqpQjQRVaBJaS2jsRI?authuser=0&hl=zh-TW&rclk=1,25.0081177,121.5112358,0.1097427073081587
無名いざかや no-name Izakaya,234新北市永和區保平路50巷2號 ,https://www.google.com/maps/place/%E7%84%A1%E5%90%8D%E3%81%84%E3%81%96%E3%81%8B%E3%82%84+no-name+Izakaya/data=!4m7!3m6!1s0x3442a9c2d5e43547:0x81deb2bf4c1bc8c7!8m2!3d25.0071959!4d121.511309!16s%2Fg%2F11c549wzm8!19sChIJRzXk1cKpQjQRx8gbTL-y3oE?authuser=0&hl=zh-TW&rclk=1,25.0078057,121.5089431,0.157288363171523
狂魔炒飯x餓鬼糧倉-永和店(店休不固定，請看FB公告),234新北市永和區保平路141號 ,https://www.google.com/maps/place/%E7%8B%82%E9%AD%94%E7%82%92%E9%A3%AFx%E9%A4%93%E9%AC%BC%E7%B3%A7%E5%80%89-%E6%B0%B8%E5%92%8C%E5%BA%97%28%E5%BA%97%E4%BC%91%E4%B8%8D%E5%9B%BA%E5%AE%9A%EF%BC%8C%E8%AB%8B%E7%9C%8BFB%E5%85%AC%E5%91%8A%29/data=!4m7!3m6!1s0x3442a9ead770a3a9:0xc5099099a5861680!8m2!3d25.0059475!4d121.510231!16s%2Fg%2F11qgyvgz8d!19sChIJqaNw1-qpQjQRgBaGpZmQCcU?authuser=0&hl=zh-TW&rclk=1,25.0059475,121.5076561,0.3911724793003416
籠飽包手作小籠包,234新北市永和區保福路一段23巷18號保平路18巷上 ,https://www.google.com/maps/place/%E7%B1%A0%E9%A3%BD%E5%8C%85%E6%89%8B%E4%BD%9C%E5%B0%8F%E7%B1%A0%E5%8C%85/data=!4m7!3m6!1s0x3442a95c61e71389:0xa3f5cd2d704f55e3!8m2!3d25.0080956!4d121.5119242!16s%2Fg%2F11rhf09xyh!19sChIJiRPnYVypQjQR41VPcC3N9aM?authuser=0&hl=zh-TW&rclk=1,25.0080956,121.5093493,0.1056278485095838
雅香石頭火鍋(永和店),23450新北市永和區福和路381號 ,https://www.google.com/maps/place/%E9%9B%85%E9%A6%99%E7%9F%B3%E9%A0%AD%E7%81%AB%E9%8D%8B%28%E6%B0%B8%E5%92%8C%E5%BA%97%29/data=!4m7!3m6!1s0x3442a91a5a720a3b:0x9adc4d3968c25b4d!8m2!3d25.0074674!4d121.5143866!16s%2Fg%2F11srsk02gg!19sChIJOwpyWhqpQjQRTVvCaDlN3Jo?authuser=0&hl=zh-TW&rclk=1,25.0074674,121.5118117,0.1977120977799355
菜更香蒙古烤肉,234新北市永和區永平路188號 ,https://www.google.com/maps/place/%E8%8F%9C%E6%9B%B4%E9%A6%99%E8%92%99%E5%8F%A4%E7%83%A4%E8%82%89/data=!4m7!3m6!1s0x3442a96622b038c1:0x2fb5b3c2dfbddfcc!8m2!3d25.009436!4d121.510357!16s%2Fg%2F11trsv76r0!19sChIJwTiwImapQjQRzN-938KztS8?authuser=0&hl=zh-TW&rclk=1,25.009436,121.5077821,0.2685732120403221
陳記燒臘,234新北市永和區保平路32號 ,https://www.google.com/maps/place/%E9%99%B3%E8%A8%98%E7%87%92%E8%87%98/data=!4m7!3m6!1s0x3442a9c2d19d7065:0x37cdcab6d5d03408!8m2!3d25.0072932!4d121.5119014!16s%2Fg%2F1vc7_hrx!19sChIJZXCd0cKpQjQRCDTQ1bbKzTc?authuser=0&hl=zh-TW&rclk=1,25.0072932,121.5093265,0.1692231686440052
鼎饌小火鍋堂,234新北市永和區永平路201號 ,https://www.google.com/maps/place/%E9%BC%8E%E9%A5%8C%E5%B0%8F%E7%81%AB%E9%8D%8B%E5%A0%82/data=!4m7!3m6!1s0x140dd699f22ea013:0x61f21828e656a469!8m2!3d25.0099438!4d121.5095038!16s%2Fg%2F11b6nxg8kz!19sChIJE6Au8pnWDRQRaaRW5igY8mE?authuser=0&hl=zh-TW&rclk=1,25.0099438,121.5069289,0.3698171196312423
大鶴茶 樂華夜市店,234新北市永和區永平路81巷4號 ,https://www.google.com/maps/place/%E5%A4%A7%E9%B6%B4%E8%8C%B6+%E6%A8%82%E8%8F%AF%E5%A4%9C%E5%B8%82%E5%BA%97/data=!4m7!3m6!1s0x3442a902582affb5:0x6791a491fe445b4b!8m2!3d25.0081785!4d121.5114987!16s%2Fg%2F11tg8qpf_f!19sChIJtf8qWAKpQjQRS1tE_pGkkWc?authuser=0&hl=zh-TW&rclk=1,25.0081785,121.5089238,0.1416509784554471
大叔花茶舖（樂華店）,234新北市永和區永平路26號 ,https://www.google.com/maps/place/%E5%A4%A7%E5%8F%94%E8%8A%B1%E8%8C%B6%E8%88%96%EF%BC%88%E6%A8%82%E8%8F%AF%E5%BA%97%EF%BC%89/data=!4m7!3m6!1s0x3442a92902352949:0x779385273e863242!8m2!3d25.0089094!4d121.513289!16s%2Fg%2F11p_0fgxcs!19sChIJSSk1AimpQjQRQjKGPieFk3c?authuser=0&hl=zh-TW&rclk=1,25.0089094,121.5107141,0.0597397908297505
泰桑哩SonnyChaThai樂華店｜泰式茶飲,234新北市永和區永平路181號 ,https://www.google.com/maps/place/%E6%B3%B0%E6%A1%91%E5%93%A9SonnyChaThai%E6%A8%82%E8%8F%AF%E5%BA%97%EF%BD%9C%E6%B3%B0%E5%BC%8F%E8%8C%B6%E9%A3%B2/data=!4m7!3m6!1s0x3442a92ec4f63679:0x60d3ead3ab65374a!8m2!3d25.0092694!4d121.5101503!16s%2Fg%2F11fkwc_d81!19sChIJeTb2xC6pQjQRSjdlq9Pq02A?authuser=0&hl=zh-TW&rclk=1,25.0092694,121.5075754,0.2824492112868473
泰享喝商行「泰式手工奶茶」,234新北市永和區保福路一段23巷18號一級棒碳烤旁 ,https://www.google.com/maps/place/%E6%B3%B0%E4%BA%AB%E5%96%9D%E5%95%86%E8%A1%8C%E3%80%8C%E6%B3%B0%E5%BC%8F%E6%89%8B%E5%B7%A5%E5%A5%B6%E8%8C%B6%E3%80%8D/data=!4m7!3m6!1s0x3442a96f07ef6571:0xae932d9e0a2603b0!8m2!3d25.0080857!4d121.5119491!16s%2Fg%2F11nl93p28j!19sChIJcWXvB2-pQjQRsAMmCp4tk64?authuser=0&hl=zh-TW&rclk=1,25.0080857,121.5093742,0.1039901145446373
樂華夜市 參生有杏,234新北市永和區永平路147號 ,https://www.google.com/maps/place/%E6%A8%82%E8%8F%AF%E5%A4%9C%E5%B8%82+%E5%8F%83%E7%94%9F%E6%9C%89%E6%9D%8F/data=!4m7!3m6!1s0x3442a9ca240eb141:0x10235384fb4b0b44!8m2!3d25.008512!4d121.511081!16s%2Fg%2F11s_zwscsl!19sChIJQbEOJMqpQjQRRAtL-4RTIxA?authuser=0&hl=zh-TW&rclk=1,25.008512,121.5085061,0.1774374021831763
不可不喝奶昔屋,23444新北市永和區永平路170號 ,https://www.google.com/maps/place/%E4%B8%8D%E5%8F%AF%E4%B8%8D%E5%96%9D%E5%A5%B6%E6%98%94%E5%B1%8B/data=!4m7!3m6!1s0x3442a9df21fbba39:0xdc7c0296bbbb4d12!8m2!3d25.0090385!4d121.5107613!16s%2Fg%2F11h1j26cwx!19sChIJObr7Id-pQjQREk27u5YCfNw?authuser=0&hl=zh-TW&rclk=1,25.0090385,121.5081864,0.2162200695503074
樂華椰奶,234新北市永和區永平路14號號前 ,https://www.google.com/maps/place/%E6%A8%82%E8%8F%AF%E6%A4%B0%E5%A5%B6/data=!4m7!3m6!1s0x3442a9c8b73a0c8d:0xa2101205e1bd8d7a!8m2!3d25.008931!4d121.5134597!16s%2Fg%2F11sc0fq0fv!19sChIJjQw6t8ipQjQReo294QUSEKI?authuser=0&hl=zh-TW&rclk=1,25.008931,121.5108848,0.0750031314930036
樂華夜市-越南椰子冰沙咖啡,234新北市永和區永和保福路一段27號 ,https://www.google.com/maps/place/%E6%A8%82%E8%8F%AF%E5%A4%9C%E5%B8%82-%E8%B6%8A%E5%8D%97%E6%A4%B0%E5%AD%90%E5%86%B0%E6%B2%99%E5%92%96%E5%95%A1/data=!4m7!3m6!1s0x3442a97ac9a68d25:0x4f89ee86589b4c5f!8m2!3d25.0088816!4d121.5127623!16s%2Fg%2F11w5bpzmp3!19sChIJJY2myXqpQjQRX0ybWIbuiU8?authuser=0&hl=zh-TW&rclk=1,25.008448,121.5097891,0.0494349415880952
胖妞仙草奶凍,234新北市永和區永平路28號 ,https://www.google.com/maps/place/%E8%83%96%E5%A6%9E%E4%BB%99%E8%8D%89%E5%A5%B6%E5%87%8D/data=!4m7!3m6!1s0x3442a9c28ec5e905:0x9d97e870a08794a1!8m2!3d25.0088564!4d121.5130696!16s%2Fg%2F1tkb_tl9!19sChIJBenFjsKpQjQRoZSHoHDol50?authuser=0&hl=zh-TW&rclk=1,25.0087439,121.5095682,0.0730372894850505
莊家班麻油雞,234新北市永和區保平路28號 ,https://www.google.com/maps/place/%E8%8E%8A%E5%AE%B6%E7%8F%AD%E9%BA%BB%E6%B2%B9%E9%9B%9E/data=!4m7!3m6!1s0x3442a9c2cf9c7d89:0xaa5012fdd7f6ad7!8m2!3d25.0086816!4d121.5133089!16s%2Fg%2F1vm784fz!19sChIJiX2cz8KpQjQR12p_3S8BpQo?authuser=0&hl=zh-TW&rclk=1,25.0086816,121.5133089,0.3077462884419068
168魷魚羹,234新北市永和區永平路81巷1號號 ,https://www.google.com/maps/place/168%E9%AD%B7%E9%AD%9A%E7%BE%B9/data=!4m7!3m6!1s0x3442a9c2dda8d1c7:0x40b5fa104923b3ca!8m2!3d25.0080473!4d121.5118461!16s%2Fg%2F11g65bz81n!19sChIJx9Go3cKpQjQRyrMjSRD6tUA?authuser=0&hl=zh-TW&rclk=1,25.0080473,121.5118461,0.1695932824648337
官記 純檸檬泰式涼拌青木瓜,234新北市永和區永平路180巷1號 ,https://www.google.com/maps/place/%E5%AE%98%E8%A8%98+%E7%B4%94%E6%AA%B8%E6%AA%AC%E6%B3%B0%E5%BC%8F%E6%B6%BC%E6%8B%8C%E9%9D%92%E6%9C%A8%E7%93%9C/data=!4m7!3m6!1s0x140dd69ca9f60deb:0x7a80917c7a9bad16!8m2!3d25.0092558!4d121.5106021!16s%2Fg%2F1td5ctn2!19sChIJ6w32qZzWDRQRFq2benyRgHo?authuser=0&hl=zh-TW&rclk=1,25.0092558,121.5106021,0.0843104762802522
