links,store_name,store_area,store_address_clean
"https://www.google.com.tw/maps/place/%E5%A5%BD%E5%A5%BD%E5%91%B3%E5%86%B0%E7%81%AB%E8%8F%A0%E8%98%BF%E6%B2%B9+%E7%91%9E%E8%B1%90%E5%BA%97/@22.6660133,120.3000683,21z/data=!4m6!3m5!1s0x346e0507201cd829:0x701f86c9ab2effbe!8m2!3d22.66578!4d120.3001659!16s%2Fg%2F11dxjv30_z?entry=ttu&g_ep=EgoyMDI1MDQxNC4xIKXMDSoASAFQAw%3D%3D",好好味冰火菠蘿油 瑞豐店,高雄市鼓山區,裕誠路1079號
"https://www.google.com.tw/maps/place/%E7%94%98%E4%B8%B9%E5%8E%9A%E5%88%87%E7%82%92%E9%85%B8%E5%A5%B6/@22.6660133,120.3000683,21z/data=!4m6!3m5!1s0x346e055fc3709625:0xb7c52030847c97e6!8m2!3d22.6658465!4d120.3001151!16s%2Fg%2F11l35n508z?entry=ttu&g_ep=EgoyMDI1MDQxNC4xIKXMDSoASAFQAw%3D%3D",甘丹厚切炒酸奶,高雄市左營區,南屏路裕誠路交叉口
"https://www.google.com.tw/maps/place/%E4%BD%95%E4%BD%B3%E4%BD%B3%E8%94%A5%E6%B2%B9%E9%A4%85%EF%BC%88%E7%91%9E%E8%B1%90%E5%A4%9C%E5%B8%82%EF%BC%89/@22.6658997,120.2998645,21z/data=!4m6!3m5!1s0x346e05b4f4e9c639:0x249017e0a1e618f0!8m2!3d22.6658997!4d120.3000013!16s%2Fg%2F11t8d7y2pf?entry=ttu&g_ep=EgoyMDI1MDQxNC4xIKXMDSoASAFQAw%3D%3D",何佳佳蔥油餅,高雄市左營區,裕誠路南屏路瑞豐夜市第三排
"https://www.google.com.tw/maps/place/%E6%9B%BE%E6%B0%8F%E7%A6%8F%E5%BB%BA%E7%82%92%E9%BA%B5-%E5%85%A8%E5%8F%B0%E7%AC%AC%E4%B8%80%E5%89%B5%E5%A7%8B%E5%BA%97%EF%BD%9C%E5%8D%81%E5%B9%B4%E8%80%81%E5%AD%97%E8%99%9F%EF%BD%9C%E8%87%BA%E7%81%A3%E7%AC%AC%E4%B8%80%E7%A6%8F%E5%BB%BA%E7%82%92%E9%BA%B5%E5%93%81%E7%89%8C%EF%BD%9C%E7%91%9E%E8%B1%90%E5%A4%9C%E5%B8%82%E5%BF%85%E5%90%83%E7%BE%8E%E9%A3%9F%EF%BD%9C%E5%B0%8F%E5%90%83%EF%BD%9C%E5%A4%96%E5%B8%B6%EF%BD%9C%E6%B6%88%E5%A4%9C/@22.6658997,120.2998645,21z/data=!4m6!3m5!1s0x346e05071ea317df:0xadf9a40adface0c2!8m2!3d22.6660923!4d120.3000307!16s%2Fg%2F11c1t520d6?entry=ttu&g_ep=EgoyMDI1MDQxNC4xIKXMDSoASAFQAw%3D%3D",曾氏福建炒麵,高雄市左營區,南屏路瑞豐夜市第一排
"https://www.google.com.tw/maps/place/%E9%98%BF3%E9%85%A5%E7%9A%AE%E9%9B%9E%E8%9B%8B%E7%B3%95-%E7%91%9E%E8%B1%90%E5%A4%9C%E5%B8%82(%E5%8D%97%E5%B1%8F%E8%B7%AF%E8%A3%95%E8%AA%A0%E8%B7%AF%E4%B8%89%E8%A7%92%E7%AA%97%2F%E7%AC%AC%E4%B8%80%E6%8E%92%2F%E5%85%8D%E4%B8%8B%E8%BB%8A%E5%8F%96%E9%A4%90%EF%BC%89/@22.6658997,120.2998645,21z/data=!4m6!3m5!1s0x346e05f1d28ff615:0xe91058c7dc5ed078!8m2!3d22.6659167!4d120.3000333!16s%2Fg%2F11txs_hw7q?entry=ttu&g_ep=EgoyMDI1MDQxNC4xIKXMDSoASAFQAw%3D%3D",阿3酥皮雞蛋糕,高雄市左營區,瑞豐夜市
"https://www.google.com.tw/maps/place/%E9%95%B7%E7%B4%85%E7%89%9B%E6%8E%92+EVER+RED+Steakhouse+%7C+1%E4%BD%BF%E7%94%A8%E5%8E%9F%E8%82%89/@22.6661144,120.2974602,17z/data=!4m6!3m5!1s0x346e05bef4313e03:0xfc8b2906dcdb7a6!8m2!3d22.6661095!4d120.3000351!16s%2Fg%2F11rv5_s67r?entry=ttu&g_ep=EgoyMDI1MDQxNC4xIKXMDSoASAFQAw%3D%3D",長紅牛排 EVER RED Steakhouse,高雄市左營區,南屏路裕誠路交叉口
"https://www.google.com.tw/maps/place/%E6%B3%B0%E5%88%BA%E6%BF%80+%E6%89%8B%E6%B2%96%E6%B3%B0%E5%A5%B6%E3%80%8C%E6%B3%B0%E7%B8%BD%E5%BA%97/@22.6658997,120.2998645,21z/data=!4m6!3m5!1s0x346e05665e797f81:0x8b9d48065700929f!8m2!3d22.6660531!4d120.2999962!16s%2Fg%2F11t_h215dc?entry=ttu&g_ep=EgoyMDI1MDQxNC4xIKXMDSoASAFQAw%3D%3D",泰刺激 手沖泰奶「泰總店,高雄市鼓山區,68號瑞豐夜市第一排
"https://www.google.com.tw/maps/place/%E8%8A%9D%E8%8A%9D%E2%80%A2%E9%BA%BB%E7%B3%AC%E9%BA%BB%E5%90%89%E3%80%82%E7%91%9E%E8%B1%90%E5%A4%9C%E5%B8%82%E7%AC%AC%E4%BA%8C%E6%8E%92/@22.6659739,120.2998357,21z/data=!4m6!3m5!1s0x346e051b9ec85473:0xd6ed4c9826a8fb3f!8m2!3d22.6661896!4d120.299954!16s%2Fg%2F11svlcn_0g?entry=ttu&g_ep=EgoyMDI1MDQxNC4xIKXMDSoASAFQAw%3D%3D",芝芝•麻糬麻吉,高雄市左營區,南屏路瑞豐夜市
"https://www.google.com.tw/maps/place/%E5%88%9D%E7%95%AA%E8%9B%A4%E8%A0%A3-%E8%9B%A4%E8%A0%A3%E5%B0%88%E8%B3%A3(%E7%91%9E%E8%B1%90%E5%A4%9C%E5%B8%82)/@22.6659739,120.2998357,21z/data=!4m6!3m5!1s0x346e052f09a1bfa9:0xef90a2a598a89097!8m2!3d22.6661459!4d120.2999569!16s%2Fg%2F11v0y3f2b_?entry=ttu&g_ep=EgoyMDI1MDQxNC4xIKXMDSoASAFQAw%3D%3D",初番蛤蠣,高雄市左營區,裕誠路
"https://www.google.com.tw/maps/place/%E7%AB%A0%E9%AD%9A%E7%88%86%E7%88%86%E8%B5%B7%E5%8F%B8%E7%AB%A0%E9%AD%9A%E7%87%92%EF%BC%88%E7%91%9E%E8%B1%90%E7%B8%BD%E5%BA%97%EF%BC%89/@22.6659739,120.2998357,21z/data=!4m6!3m5!1s0x346e05b2596ee627:0x7da2c45fc400a5b9!8m2!3d22.6660287!4d120.2999181!16s%2Fg%2F11sqzh8wp1?entry=ttu&g_ep=EgoyMDI1MDQxNC4xIKXMDSoASAFQAw%3D%3D",章魚爆爆起司章魚燒,高雄市鼓山區,裕誠路1128號瑞豐夜市第三排
"https://www.google.com.tw/maps/place/%E7%9C%9F%E7%9A%84%E5%A5%BD%E6%83%B3%E5%90%83%E8%BB%8A%E8%BC%AA%E9%A4%85G'Day/@22.665982,120.2997981,21z/data=!4m6!3m5!1s0x346e05293af400c1:0x733ac64ebec54ca2!8m2!3d22.6659993!4d120.299929!16s%2Fg%2F11nmr2_gxl?entry=ttu&g_ep=EgoyMDI1MDQxNC4xIKXMDSoASAFQAw%3D%3D",真的好想吃車輪餅G'Day,高雄市鼓山區,裕誠路153號瑞豐夜市第三排
"https://www.google.com.tw/maps/place/%E7%86%8A%E8%B3%80%E5%9C%B0%E7%93%9C%E7%90%83-%E7%91%9E%E8%B1%90%E5%BA%97/@22.665982,120.2997981,21z/data=!4m6!3m5!1s0x346e0500305c8b85:0x87a27fa971495ba5!8m2!3d22.6659433!4d120.2999282!16s%2Fg%2F11m647qv1f?entry=ttu&g_ep=EgoyMDI1MDQxNC4xIKXMDSoASAFQAw%3D%3D",熊賀地瓜球,高雄市鼓山區,裕誠路南屏路
"https://www.google.com.tw/maps/place/%E6%96%87%E5%93%A5%E9%AE%AE%E5%A5%B6%E9%BA%BB%E7%B3%AC/@22.665982,120.2997981,21z/data=!4m6!3m5!1s0x346e050718db6069:0xb603ecf511769543!8m2!3d22.6659055!4d120.2999714!16s%2Fg%2F11f_0tbmvr?entry=ttu&g_ep=EgoyMDI1MDQxNC4xIKXMDSoASAFQAw%3D%3D",文哥鮮奶麻糬,高雄市左營區,南屏路瑞豐夜市第二排第二攤
"https://www.google.com.tw/maps/place/%E8%98%8B%E4%BB%80%E9%BA%BC%E6%97%A5%E5%BC%8F%E8%98%8B%E6%9E%9C%E7%B3%96Candy+Apple/@22.6660105,120.299727,20.5z/data=!4m6!3m5!1s0x346e0540ac961e87:0xca3736c943ecf3b1!8m2!3d22.665906!4d120.2998573!16s%2Fg%2F11y34dk1y5?entry=ttu&g_ep=EgoyMDI1MDQxNC4xIKXMDSoASAFQAw%3D%3D",蘋什麼日式蘋果糖Candy Apple,高雄市左營區,裕誠路154號右邊第十四格中間段面對夜市右邊開始算第三排
"https://www.google.com.tw/maps/place/%E9%98%BF%E6%9D%B1%E7%83%A4%E8%82%89/@22.6660038,120.2997496,21z/data=!4m6!3m5!1s0x346e05001e099a6b:0x24233953f09efbbd!8m2!3d22.6659334!4d120.299888!16s%2Fg%2F11y3vfv1fp?entry=ttu&g_ep=EgoyMDI1MDQxNC4xIKXMDSoASAFQAw%3D%3D",阿東烤肉,高雄市鼓山區,裕誠路1128號
"https://www.google.com.tw/maps/place/%E9%86%8B%E5%90%A7%E6%B0%B4%E6%9E%9C%E8%8C%B6(%E7%91%9E%E8%B1%90%E5%BA%97)/@22.6660013,120.2997127,21z/data=!4m6!3m5!1s0x346e050718c4a2bd:0x9c05b33cbc73503!8m2!3d22.666021!4d120.299878!16s%2Fg%2F11gj45ky7x?entry=ttu&g_ep=EgoyMDI1MDQxNC4xIKXMDSoASAFQAw%3D%3D",醋吧水果茶,,高雄市左營區
"https://www.google.com.tw/maps/place/%E9%98%BF%E6%98%8E%E5%93%A5%E7%8F%BE%E6%BB%B7%E6%BB%B7%E5%91%B3/@22.6660848,120.2996604,21z/data=!4m6!3m5!1s0x346e1b3d8bccebf9:0x14b514c7b843031d!8m2!3d22.6661138!4d120.2997877!16s%2Fg%2F11c70brzs7?entry=ttu&g_ep=EgoyMDI1MDQxNC4xIKXMDSoASAFQAw%3D%3D",阿明哥現滷滷味,高雄市左營區,裕誠路南屏路口
"https://www.google.com.tw/maps/place/%E7%8E%89%E7%B1%B3%E6%9D%AF%E6%9D%AF%E7%91%9E%E8%B1%90%E5%A4%9C%E5%B8%82(%E7%AC%AC%E4%B8%89%E6%8E%92)/@22.6660848,120.2996604,21z/data=!4m6!3m5!1s0x346e053cfd881a0b:0x1641d7fb998390c0!8m2!3d22.6662029!4d120.2997642!16s%2Fg%2F11sxg2dzwc?entry=ttu&g_ep=EgoyMDI1MDQxNC4xIKXMDSoASAFQAw%3D%3D",玉米杯杯瑞豐夜市,高雄市左營區,裕誠路南屏路
"https://www.google.com.tw/maps/place/%E4%BA%94%E5%93%A5%E8%82%89%E5%A4%BE%E9%A5%83%E9%AB%98%E9%9B%84%E7%91%9E%E8%B1%90%E5%BA%97%EF%BC%88%E7%91%9E%E8%B1%90%E5%A4%9C%E5%B8%82%E7%AC%AC%E4%BA%8C%E9%81%93%E4%B8%AD%E9%96%93%EF%BC%89/@22.6660848,120.2996604,21z/data=!4m6!3m5!1s0x346e05ce355f926b:0xb08f85c5d5055ecf!8m2!3d22.6662356!4d120.299831!16s%2Fg%2F11v4j4y45s?entry=ttu&g_ep=EgoyMDI1MDQxNC4xIKXMDSoASAFQAw%3D%3D",五哥肉夾饃高雄瑞豐店,高雄市左營區,裕誠路與南屏路口瑞豐夜市第二道104與105格位
"https://www.google.com.tw/maps/place/%E7%85%AE%E7%8E%89%E7%B1%B3+%E7%99%BD%E7%94%98%E8%94%97%E5%A4%A7%E7%8E%8B/@22.6660067,120.2995229,21z/data=!4m6!3m5!1s0x346e053589651a2f:0x8f60ea1e79f63e21!8m2!3d22.6659115!4d120.2996928!16s%2Fg%2F11h22jyg32?entry=ttu&g_ep=EgoyMDI1MDQxNC4xIKXMDSoASAFQAw%3D%3D",煮玉米 白甘蔗大王,,高雄市鼓山區
"https://www.google.com.tw/maps/place/%E4%BE%86%E5%90%83%E6%B2%99%E5%A8%81%E7%91%AA/@22.6661117,120.2995829,20.5z/data=!4m6!3m5!1s0x346e0548676a9323:0xe7671b1236713fe8!8m2!3d22.6659557!4d120.2997287!16s%2Fg%2F11t2zyd9yp?entry=ttu&g_ep=EgoyMDI1MDQxNC4xIKXMDSoASAFQAw%3D%3D",來吃沙威瑪,高雄市鼓山區,瑞豐街
"https://www.google.com.tw/maps/place/%E6%B2%88%E8%A8%98%E6%9D%B1%E5%B1%B1%E9%B4%A8%E9%A0%AD/@22.6660367,120.2996554,21z/data=!4m6!3m5!1s0x346e050719e636ed:0xd0936446daf6947c!8m2!3d22.666217!4d120.299623!16s%2Fg%2F12hlv5_hv?entry=ttu&g_ep=EgoyMDI1MDQxNC4xIKXMDSoASAFQAw%3D%3D",沈記東山鴨頭,高雄市鼓山區,瑞豐夜市第三排
"https://www.google.com.tw/maps/place/%E9%A6%B3%E5%90%8D%E7%83%A4%E8%B1%AC+%E7%91%9E%E8%B1%90%E5%A4%9C%E5%B8%82%EF%BC%88%E7%AC%AC%E4%B8%89%E6%8E%92%EF%BC%89/@22.6662171,120.2994863,21z/data=!4m6!3m5!1s0x346e05df68e969e7:0xa058b2e20ed86702!8m2!3d22.6661763!4d120.2995996!16s%2Fg%2F11vljxv9b_?entry=ttu&g_ep=EgoyMDI1MDQxNC4xIKXMDSoASAFQAw%3D%3D",馳名烤豬 瑞豐夜市,高雄市左營區,南屏路瑞豐夜市第三排
"https://www.google.com.tw/maps/place/%E7%91%9E%E8%B1%90%E5%A4%9C%E5%B8%82-%E7%AC%AC%E4%B8%89%E6%8E%92%E9%A6%96%E7%88%BE%E9%A6%AC%E9%88%B4%E8%96%AF%E5%A1%94%E2%80%A2%E6%8B%94%E7%B5%B2%E8%B5%B7%E5%8F%B8%E7%86%B1%E7%8B%97%EF%BC%88182%E8%99%9F%E6%94%A4%E4%BD%8D%EF%BC%89/@22.6661721,120.2996036,21z/data=!4m6!3m5!1s0x346e050719c1fbed:0x3403418b8c25e747!8m2!3d22.6661973!4d120.2996519!16s%2Fg%2F11hbnh0bl3?entry=ttu&g_ep=EgoyMDI1MDQxNC4xIKXMDSoASAFQAw%3D%3D",瑞豐夜市,高雄市鼓山區,裕誠路1110號182號攤位瑞豐夜市第三排中間
"https://www.google.com.tw/maps/place/%E5%BD%AD%E6%B0%8F%E8%87%AD%E8%B1%86%E8%85%90-%E7%91%9E%E8%B1%90%E5%A4%9C%E5%B8%82/@22.666143,120.2995117,21z/data=!4m6!3m5!1s0x346e05073de0bc3d:0x53c43aa1015c88de!8m2!3d22.6660157!4d120.2995289!16s%2Fg%2F1tfvqq7b?entry=ttu&g_ep=EgoyMDI1MDQxNC4xIKXMDSoASAFQAw%3D%3D",彭氏臭豆腐,高雄市鼓山區,裕誠路與號南屏路 瑞豐夜市第七排
"https://www.google.com.tw/maps/place/%E7%91%9E%E8%B1%90%E5%86%B0%E9%8E%AE%E6%A2%85%E6%BC%AC%E5%B0%8F%E7%95%AA%E8%8C%84/@22.6660157,120.2993921,21z/data=!4m6!3m5!1s0x346e054420397df1:0x44ab0ffea19583f9!8m2!3d22.6659821!4d120.299511!16s%2Fg%2F11m781q_n8?entry=ttu&g_ep=EgoyMDI1MDQxNC4xIKXMDSoASAFQAw%3D%3D",瑞豐冰鎮梅漬小番茄,高雄市左營區,瑞豐夜市
"https://www.google.com.tw/maps/place/%E9%95%B7%E6%B2%99%E8%87%AD%E8%B1%86%E8%85%90/@22.6660626,120.2995651,20.25z/data=!4m6!3m5!1s0x346e050055f62df3:0x7fc09f260cb6f948!8m2!3d22.6662898!4d120.299837!16s%2Fg%2F11y2jty3n1?entry=ttu&g_ep=EgoyMDI1MDQxNC4xIKXMDSoASAFQAw%3D%3D",長沙臭豆腐,高雄市左營區,裕誠路
"https://www.google.com.tw/maps/place/%E6%98%8E%E6%B4%9E%E5%A7%A5%E5%A7%A5%E9%9F%93%E5%BC%8F%E7%82%92%E9%BA%B5/@22.6661602,120.299373,21z/data=!4m6!3m5!1s0x346e0508d1656da1:0x9c046ae0ad7f863f!8m2!3d22.6661593!4d120.2995104!16s%2Fg%2F11nmmnpl4q?entry=ttu&g_ep=EgoyMDI1MDQxNC4xIKXMDSoASAFQAw%3D%3D",明洞姥姥韓式炒麵,高雄市鼓山區,南屏路408號
"https://www.google.com.tw/maps/place/%E8%90%AC%E5%9C%8B%E7%89%9B%E6%8E%92/@22.6659675,120.2994125,20.75z/data=!4m6!3m5!1s0x346e050723199d39:0xaf6cd3b83603fd90!8m2!3d22.6659006!4d120.2994544!16s%2Fg%2F1td6vw7y?entry=ttu&g_ep=EgoyMDI1MDQxNC4xIKXMDSoASAFQAw%3D%3D",萬國牛排,高雄市鼓山區,裕誠路與南屏路交叉口
"https://www.google.com.tw/maps/place/%E5%8D%81%E5%96%AB%E5%A3%BD%E5%8F%B8/@22.6659756,120.2992961,20.75z/data=!4m6!3m5!1s0x346e051b91956f49:0xb21315cc95cabb27!8m2!3d22.6659828!4d120.2994641!16s%2Fg%2F11y62b4wn2?entry=ttu&g_ep=EgoyMDI1MDQxNC4xIKXMDSoASAFQAw%3D%3D",十喫壽司,高雄市左營區,裕誠路106號格號瑞豐夜市第二排
"https://www.google.com.tw/maps/place/%E5%A4%8F%E7%AB%8B%E5%85%8B%E7%B6%A0%E8%B1%86%E6%B2%99%E5%B0%88%E9%96%80%E5%BA%97-%E7%91%9E%E8%B1%90%E5%BA%97/@22.6659756,120.2992961,20.75z/data=!4m6!3m5!1s0x346e0529a1811b6f:0x64c0a62bcba4fe08!8m2!3d22.6658947!4d120.2994182!16s%2Fg%2F11ks5b3km1?entry=ttu&g_ep=EgoyMDI1MDQxNC4xIKXMDSoASAFQAw%3D%3D",夏立克綠豆沙專門店,高雄市左營區,裕誠路1096號第9排
"https://www.google.com.tw/maps/place/%E5%A5%BD%E5%BE%B7%E8%A8%98%E9%A6%99%E9%85%A5%E9%9B%9E/@22.6660574,120.2993261,21z/data=!4m6!3m5!1s0x346e0507146febff:0x67bd8dd905a0b97a!8m2!3d22.6658941!4d120.2993632!16s%2Fg%2F1tlvm8p4?entry=ttu&g_ep=EgoyMDI1MDQxNC4xIKXMDSoASAFQAw%3D%3D",好德記香酥雞,高雄市左營區,南屏路、裕誠路口(瑞豐夜市第12條)
"https://www.google.com.tw/maps/place/Z%E7%9A%84%E8%A5%BF%E7%8F%AD%E7%89%99%E7%87%89%E9%A3%AF%C3%97%E9%83%BD%E6%AD%B7%E5%B0%8F%E6%97%A5%E5%AD%90%EF%BC%88%E7%AC%AC3%E6%8E%92%E5%B7%A6%E9%82%8A%E8%92%9C%E9%A6%99%E8%B1%86%E5%B9%B2%E6%97%81%E9%82%8A%EF%BC%89/@22.6659275,120.2992053,21z/data=!4m6!3m5!1s0x346e05073dbd89bf:0xd80c3b81ef178eef!8m2!3d22.6659274!4d120.2993422!16s%2Fg%2F11hd1lk0x0?entry=ttu&g_ep=EgoyMDI1MDQxNC4xIKXMDSoASAFQAw%3D%3D",Z的西班牙燉飯×都歷小日子,,高雄市鼓山區
"https://www.google.com.tw/maps/place/%E7%91%9E%E8%B1%90%E7%84%A1%E5%90%8D%E8%9A%B5%E4%BB%94%E7%85%8E/@22.6659037,120.299319,19z/data=!3m1!4b1!4m6!3m5!1s0x346e05074353b59f:0xa420199b0dd57f5!8m2!3d22.6659037!4d120.299319!16s%2Fg%2F11gghlw141?entry=ttu&g_ep=EgoyMDI1MDQxNC4xIKXMDSoASAFQAw%3D%3D",瑞豐無名蚵仔煎,高雄市左營區,裕誠路1089號
"https://www.google.com.tw/maps/place/%E8%92%9C%E9%A6%99%E8%B1%86%E5%B9%B2+%E7%91%9E%E8%B1%90%E5%A4%9C%E5%B8%82%E7%AC%AC%E4%BA%8C%E6%8E%92/@22.6660334,120.2994957,21z/data=!4m6!3m5!1s0x346e0567089d94c3:0x32492b7eacb00535!8m2!3d22.6660332!4d120.2996324!16s%2Fg%2F11fd773h9_?entry=ttu&g_ep=EgoyMDI1MDQxNC4xIKXMDSoASAFQAw%3D%3D",蒜香豆干 瑞豐夜市第二排,高雄市鼓山區,裕誠路1128號瑞豐夜市第三排吃區
"https://www.google.com.tw/maps/place/%E7%91%9E%E8%B1%90%E5%A4%9C%E5%B8%82+%E5%88%9D%E5%A4%A2%E6%97%A5%E5%BC%8F%E7%82%92%E9%BA%B5/@22.6660999,120.299328,19z/data=!3m1!4b1!4m6!3m5!1s0x346e05005c52c985:0x7cc2baa0aa4ee7e8!8m2!3d22.6660999!4d120.299328!16s%2Fg%2F11vzddrpdk?entry=ttu&g_ep=EgoyMDI1MDQxNC4xIKXMDSoASAFQAw%3D%3D",瑞豐夜市 初夢日式炒麵,高雄市鼓山區,瑞 豐 夜市
"https://www.google.com.tw/maps/place/%E9%99%B3%E8%91%A3%E7%83%A4%E9%AD%9A/@22.6661973,120.2993364,21z/data=!4m6!3m5!1s0x346e05002e7bf6f9:0xc72159fc2d02486e!8m2!3d22.6661537!4d120.299326!16s%2Fg%2F11lmcpv5lb?entry=ttu&g_ep=EgoyMDI1MDQxNC4xIKXMDSoASAFQAw%3D%3D",陳董烤魚,高雄市左營區,南屏路400號
"https://www.google.com.tw/maps/place/%E7%9F%B3%E8%A8%98%E9%A6%99%E9%85%A5%E8%87%AD%E8%B1%86%E8%85%90/@22.6661981,120.299329,21z/data=!4m6!3m5!1s0x346e05073de0bc3d:0x62c817604ceb73ee!8m2!3d22.6661905!4d120.2992533!16s%2Fg%2F1tfjylyp?entry=ttu&g_ep=EgoyMDI1MDQxNC4xIKXMDSoASAFQAw%3D%3D",石記香酥臭豆腐,高雄市鼓山區,裕誠路1128號
"https://www.google.com.tw/maps/place/%E7%B1%B3%E6%BB%8B%E6%AD%90%E9%9B%9E%E8%9B%8B%E4%BB%94%E7%B6%A0%E8%B1%86%E6%B2%99/@22.6659597,120.2992161,21z/data=!4m6!3m5!1s0x346e05004a8a88a3:0x3d08b17c40113a31!8m2!3d22.666116!4d120.299252!16s%2Fg%2F11ldxdsxzh?entry=ttu&g_ep=EgoyMDI1MDQxNC4xIKXMDSoASAFQAw%3D%3D",米滋歐雞蛋仔綠豆沙,高雄市鼓山區,裕誠路1128號
"https://www.google.com.tw/maps/place/%E5%B0%8F%E5%B9%B3%E6%84%9B%E5%90%83%E9%85%B8%E8%BE%A3%E7%B2%89%EF%BC%88%E7%91%9E%E8%B1%90%E5%BA%9713%E6%8E%92%EF%BC%89/@22.6660574,120.2993261,21z/data=!4m6!3m5!1s0x346e0500569a5243:0xa3344a15f3acb795!8m2!3d22.6660974!4d120.2993555!16s%2Fg%2F11w9cn8qnd?entry=ttu&g_ep=EgoyMDI1MDQxNC4xIKXMDSoASAFQAw%3D%3D",小平愛吃酸辣粉,高雄市左營區,裕誠路
"https://www.google.com.tw/maps/place/%E6%B3%B0%E5%A5%B6%E4%BA%86+-+%E7%91%9E%E8%B1%90%E6%9C%80%E5%A5%BD%E5%96%9D%E6%B3%B0%E5%A5%B6/@22.6659597,120.2992161,21z/data=!4m6!3m5!1s0x346e0590f6dd823b:0x32b86dd72bf014e6!8m2!3d22.6659768!4d120.2992669!16s%2Fg%2F11wbc4n7_b?entry=ttu&g_ep=EgoyMDI1MDQxNC4xIKXMDSoASAFQAw%3D%3D",泰奶了,高雄市鼓山區,裕誠路瑞豐夜市第12排
"https://www.google.com.tw/maps/place/%E7%93%8F%E5%B7%9D+%E8%AE%9A%E5%B2%90%E7%83%8F%E9%BE%8D/@22.6658798,120.2991035,21z/data=!4m6!3m5!1s0x346e05073d4a4b7d:0xd58f785dd7630ca3!8m2!3d22.6659601!4d120.2992118!16s%2Fg%2F11bvt6cswv?entry=ttu&g_ep=EgoyMDI1MDQxNC4xIKXMDSoASAFQAw%3D%3D",瓏川 讚岐烏龍,高雄市左營區,裕誠路472巷
"https://www.google.com.tw/maps/place/%E5%A4%A9%E4%BD%BF%E9%9B%9E%E6%8E%92-%E7%91%9E%E8%B1%90%E5%BA%97/@22.6660135,120.2992999,21z/data=!4m6!3m5!1s0x346e05071f463a59:0x43fab2106b1445a3!8m2!3d22.6658825!4d120.2992406!16s%2Fg%2F11byycsfxk?entry=ttu&g_ep=EgoyMDI1MDQxNC4xIKXMDSoASAFQAw%3D%3D",天使雞排,高雄市鼓山區,裕誠路
"https://www.google.com.tw/maps/place/%E7%91%9E%E8%B1%90%E5%A4%9C%E5%B8%82%E5%A4%9A%E5%A4%9A%E7%B1%B3%E7%8B%80%E5%85%83%E7%B3%95/@22.6658798,120.2991035,21z/data=!4m6!3m5!1s0x346e056e9ad25795:0x8c78deea4707f53a!8m2!3d22.6659186!4d120.2992216!16s%2Fg%2F11vqhtbjnw?entry=ttu&g_ep=EgoyMDI1MDQxNC4xIKXMDSoASAFQAw%3D%3D",瑞豐夜市多多米狀元糕,高雄市左營區,裕誠路屈臣氏的馬路對面｜瑞豐昌鳳爪對面這排瑞豐夜市第9排
"https://www.google.com.tw/maps/place/%E5%85%A8%E5%8F%B0%E5%A4%9C%E5%B8%82%E4%BA%BA%E6%B0%A3%E7%BE%8E%E9%A3%9F%E5%90%B3%E8%A8%98%E6%8E%92%E9%AA%A8%E9%85%A5/@22.6659868,120.2993259,21z/data=!4m6!3m5!1s0x346e0500348d6053:0x243bfd3ad356c32!8m2!3d22.6660921!4d120.2992228!16s%2Fg%2F11vsw7vnpd?entry=ttu&g_ep=EgoyMDI1MDQxNC4xIKXMDSoASAFQAw%3D%3D",全台夜市人氣美食吳記排骨酥,高雄市鼓山區,裕誠路1128號
"https://www.google.com.tw/maps/place/%E6%9D%8E%E8%A8%98%E5%8F%A4%E6%97%A9%E5%91%B3%E5%B0%8F%E6%99%82%E5%80%99%E7%9A%84%E5%A4%A7%E9%A4%85-%E7%91%9E%E8%B1%90%E5%A4%9C%E5%B8%82%E5%BA%97/@22.6661449,120.2991797,20.75z/data=!4m6!3m5!1s0x346fb915778b7a7b:0x8b8b274479b6fdf2!8m2!3d22.666243!4d120.2993425!16s%2Fg%2F11l20ks6_9?entry=ttu&g_ep=EgoyMDI1MDQxNC4xIKXMDSoASAFQAw%3D%3D",李記古早味小時候的大餅,高雄市左營區,裕誠路南屏路 瑞豐夜市
"https://www.google.com.tw/maps/place/%E8%96%AF%E5%B0%8F%E4%BA%8C%E9%A6%AC%E9%88%B4%E8%96%AF%E7%85%8E%E9%A4%85-%E7%91%9E%E8%B1%90%E7%B8%BD%E5%BA%97/@22.6662523,120.2991491,21z/data=!4m6!3m5!1s0x346e053dcf84603b:0x94f4085997503d5a!8m2!3d22.6662635!4d120.2989716!16s%2Fg%2F11vln_lm6t?entry=ttu&g_ep=EgoyMDI1MDQxNC4xIKXMDSoASAFQAw%3D%3D",薯小二馬鈴薯煎餅,高雄市鼓山區,裕誠路1128號
"https://www.google.com.tw/maps/place/%E9%BE%8D%E5%B8%AB%E5%82%85%E8%BE%A3%E8%84%86%E8%85%B8/@22.6662063,120.2989338,21z/data=!4m6!3m5!1s0x346e1bc5ce589887:0x99b22b1019c182b2!8m2!3d22.6662063!4d120.2990706!16s%2Fg%2F11t0wl_3rb?entry=ttu&g_ep=EgoyMDI1MDQxNC4xIKXMDSoASAFQAw%3D%3D",龍師傅辣脆腸,高雄市左營區,瑞豐夜市
"https://www.google.com.tw/maps/place/%E7%BE%8E%E5%9C%8B%E8%96%AF%E9%95%B7%E8%B5%B7%E5%8F%B8%E9%A6%AC%E9%88%B4%E8%96%AF/@22.6662063,120.2989338,21z/data=!4m6!3m5!1s0x346e059ed504aacd:0xadf6652d4dd2b286!8m2!3d22.6661444!4d120.2990182!16s%2Fg%2F11vjg36fl0?entry=ttu&g_ep=EgoyMDI1MDQxNC4xIKXMDSoASAFQAw%3D%3D",美國薯長起司馬鈴薯,高雄市鼓山區,裕誠路南屏路第一排第四格
"https://www.google.com.tw/maps/place/%E8%8D%BB%E8%8E%89%E7%B5%B2%E6%B3%95%E5%9C%8B%E6%89%8B%E5%B7%A5+Delices+de+France/@22.6660355,120.2991664,21z/data=!4m6!3m5!1s0x346e054f1288efb3:0x998d3110c44a6c4b!8m2!3d22.6660473!4d120.2991634!16s%2Fg%2F11t5r01lx5?entry=ttu&g_ep=EgoyMDI1MDQxNC4xIKXMDSoASAFQAw%3D%3D",荻莉絲法國手工 Delices de France,高雄市左營區,裕誠路
"https://www.google.com.tw/maps/place/%E5%B3%87%E9%82%91%E6%AA%B3%E5%9F%8E%E7%82%92%E7%B2%BF%E6%A2%9D+%EF%BC%88%E7%91%9E%E8%B1%90%E5%A4%9C%E5%B8%82%E7%AC%AC13%E6%8E%92%EF%BC%89/@22.6659384,120.2989606,21z/data=!4m6!3m5!1s0x346e05bb6829b78b:0xe0a59330877e712!8m2!3d22.6659639!4d120.2991633!16s%2Fg%2F11x2zklv26?entry=ttu&g_ep=EgoyMDI1MDQxNC4xIKXMDSoASAFQAw%3D%3D",峇邑檳城炒粿條,高雄市左營區,裕誠路南屏路
"https://www.google.com.tw/maps/place/%E7%91%9E%E8%B1%90%E5%A4%9C%E5%B8%82%E6%96%B0%E5%8A%A0%E5%9D%A1%E7%BE%8E%E9%A3%9F%E5%8F%BB%E6%B2%99%E9%BA%B5/@22.6659712,120.2988312,21z/data=!4m6!3m5!1s0x346e05b5783dca55:0xfbb5e132e892dbd9!8m2!3d22.6658881!4d120.2990747!16s%2Fg%2F11t9fby7_k?entry=ttu&g_ep=EgoyMDI1MDQxNC4xIKXMDSoASAFQAw%3D%3D",瑞豐夜市新加坡美食叻沙麵,高雄市左營區,裕誠路&南屏路口瑞豐夜市內第17排（第八街正對面
"https://www.google.com.tw/maps/place/%E7%91%9E%E8%B1%90%E5%A4%9C%E5%B8%82%E7%AC%AC%E4%B9%9D%E6%8E%92%E9%B9%BD%E7%83%A4%E9%AD%9A/@22.6659712,120.2988312,21z/data=!4m6!3m5!1s0x346e053ac0b34143:0x8a5a38765218daaf!8m2!3d22.6659197!4d120.2990422!16s%2Fg%2F11y5k3wfsr?entry=ttu&g_ep=EgoyMDI1MDQxNC4xIKXMDSoASAFQAw%3D%3D",瑞豐夜市第九排鹽烤魚,高雄市左營區,裕誠路南屏路
"https://www.google.com.tw/maps/place/%E8%8E%8A%E8%A8%98%E6%B5%B7%E7%94%A2%E7%B2%A5%EF%BC%88%E7%91%9E%E8%B1%90%E7%9B%B4%E7%87%9F%E9%96%80%E5%B8%82%EF%BC%89/@22.6659712,120.2988312,21z/data=!4m6!3m5!1s0x346e05dc93c62171:0xc24b78c19fc02c2b!8m2!3d22.6658879!4d120.2988905!16s%2Fg%2F11s222nzbt?entry=ttu&g_ep=EgoyMDI1MDQxNC4xIKXMDSoASAFQAw%3D%3D",莊記海產粥,高雄市鼓山區,瑞豐夜市
"https://www.google.com.tw/maps/place/%E4%B8%8A%E5%A5%BD%E5%B0%8F%E7%B1%A0%E6%B9%AF%E5%8C%85.%E8%9A%B5%E4%BB%94%E7%85%8E/@22.6660473,120.2990266,21z/data=!4m6!3m5!1s0x346e05073fbced9f:0x58ec619533d2d8bd!8m2!3d22.6659712!4d120.298968!16s%2Fg%2F11cn6bxcy7?entry=ttu&g_ep=EgoyMDI1MDQxNC4xIKXMDSoASAFQAw%3D%3D",上好小籠湯包.蚵仔煎,高雄市左營區,裕誠路瑞豐夜市
"https://www.google.com.tw/maps/place/%E6%89%93%E6%AA%B8%E7%88%BA%E5%AD%90%2F%E5%8F%B0%E6%B8%AF%E9%A3%B2%E6%96%99+%E9%85%A5%E8%84%86%E9%9B%9E%E8%9B%8B%E4%BB%94+%E7%91%9E%E8%B1%90%E5%BA%97+%EF%BC%88%E7%AC%AC14%E6%8E%92%EF%BC%89/@22.6659051,120.2990009,19z/data=!3m1!4b1!4m6!3m5!1s0x3471e3dae5f538ff:0x80a8d7e2a67b7833!8m2!3d22.6659051!4d120.2990009!16s%2Fg%2F11v0nw_wqk?entry=ttu&g_ep=EgoyMDI1MDQxNC4xIKXMDSoASAFQAw%3D%3D",打檸爺子/台港飲料 酥脆雞蛋仔 瑞豐店,高雄市左營區,裕誠路南屏路
"https://www.google.com.tw/maps/place/%E6%83%9C%E7%B7%A3%E6%9E%9C%E6%B1%81%E8%8C%B6%E9%A3%B2-%E7%91%9E%E8%B1%90%E5%A4%9C%E5%B8%82/@22.6658539,120.2988868,21z/data=!4m6!3m5!1s0x346e056a68c911e7:0x1b01e0f7bbe565f4!8m2!3d22.665854!4d120.2990235!16s%2Fg%2F11sj9_chnw?entry=ttu&g_ep=EgoyMDI1MDQxNC4xIKXMDSoASAFQAw%3D%3D",惜緣果汁茶飲,高雄市左營區,裕誠路瑞豐夜市14排
"https://www.google.com.tw/maps/place/%E5%A3%BA%E5%A3%BA%E8%8C%B6+HUHUCHA+%E7%91%9E%E8%B1%90%E5%BA%97+%EF%BD%9C%E8%A6%BA%E9%86%92%E4%B9%8B%E8%8C%B6/@22.6663155,120.2984798,21z/data=!4m6!3m5!1s0x346e05b416114f09:0x42fa0edb1d53a6bb!8m2!3d22.6663156!4d120.2986165!16s%2Fg%2F11vjhq9rm1?entry=ttu&g_ep=EgoyMDI1MDQxNC4xIKXMDSoASAFQAw%3D%3D",壺壺茶 HUHUCHA 瑞豐店 ｜覺醒之茶,高雄市鼓山區,東門路443號
"https://www.google.com.tw/maps/place/%E5%9C%B0%E7%93%9C%E5%85%88%E7%94%9F-%E6%8B%94%E7%B5%B2%E5%9C%B0%E7%93%9C.%E5%9C%B0%E7%93%9C%E7%90%83(%E7%91%9E%E8%B1%90%E7%B8%BD%E5%BA%97%EF%BC%89%E7%91%9E%E8%B1%90%E5%A4%9C%E5%B8%82%E7%AC%AC%E4%B8%89%E6%8E%92194%E8%99%9F/@22.6664308,120.2992746,21z/data=!4m6!3m5!1s0x346e055a71a0a95f:0x355b23a1b5aa4009!8m2!3d22.6663412!4d120.2992157!16s%2Fg%2F11p_7_y7n0?entry=ttu&g_ep=EgoyMDI1MDQxNC4xIKXMDSoASAFQAw%3D%3D",地瓜先生,高雄市鼓山區,裕誠路1128號193號瑞豐夜市第三排
"https://www.google.com.tw/maps/place/%E5%BF%AB%E6%A8%82%E6%B0%B4(%E7%91%9E%E8%B1%90%E7%B8%BD%E5%BA%97)/@22.6663775,120.2994003,21z/data=!4m6!3m5!1s0x346e0500390250a7:0x4eb2e68cbeec5a25!8m2!3d22.6663703!4d120.2994259!16s%2Fg%2F11vyywpnmb?entry=ttu&g_ep=EgoyMDI1MDQxNC4xIKXMDSoASAFQAw%3D%3D",快樂水,高雄市左營區,裕誠路
"https://www.google.com.tw/maps/place/%E9%95%B7%E6%B2%99%E8%87%AD%E8%B1%86%E8%85%90/@22.6662898,120.2997002,21z/data=!4m6!3m5!1s0x346e050055f62df3:0x7fc09f260cb6f948!8m2!3d22.6662898!4d120.299837!16s%2Fg%2F11y2jty3n1?entry=ttu&g_ep=EgoyMDI1MDQxNC4xIKXMDSoASAFQAw%3D%3D",長沙臭豆腐,高雄市左營區,裕誠路
"https://www.google.com.tw/maps/place/%E9%98%BF%E5%AE%8F%E7%85%99%E7%87%BB%E7%84%A1%E9%AA%A8%E9%9B%9E%E8%85%B3%E5%87%8D_%E7%91%9E%E8%B1%90%E5%A4%9C%E5%B8%82%E7%AC%AC%E4%B8%89%E6%8E%92188%E8%99%9F/@22.6662898,120.2997002,21z/data=!4m6!3m5!1s0x346e058eb265e5dd:0x9bc4b4fc243c1b54!8m2!3d22.6662876!4d120.2999077!16s%2Fg%2F11kpst8f3z?entry=ttu&g_ep=EgoyMDI1MDQxNC4xIKXMDSoASAFQAw%3D%3D",阿宏煙燻無骨雞腳凍,高雄市左營區,南屏路
"https://www.google.com.tw/maps/place/%E9%98%BF%E5%AC%A4%E3%84%9F%E9%BA%BB%E6%B2%B9%E9%9B%9E%E9%A3%AF%EF%BC%88%E7%91%9E%E8%B1%90%E5%A4%9C%E5%B8%82%E5%8D%97%E5%B1%8F%E8%B7%AF%E5%8F%A3%E6%8E%92%EF%BC%89/@22.6663065,120.299835,21z/data=!4m6!3m5!1s0x346e05ac633f6e0d:0xa56ec33eedd71401!8m2!3d22.6664123!4d120.2999248!16s%2Fg%2F11px88j9hh?entry=ttu&g_ep=EgoyMDI1MDQxNC4xIKXMDSoASAFQAw%3D%3D",阿嬤ㄟ麻油雞飯,,"裕誠, 鼓山區高雄市804"
"https://www.google.com.tw/maps/place/%E5%82%91+%E6%97%97%E9%AD%9A%E9%BB%91%E8%BC%AA%EF%BC%88%E7%91%9E%E8%B1%90%E5%A4%9C%E5%B8%82%EF%BC%89/@22.6663065,120.299835,21z/data=!4m6!3m5!1s0x346e05f277eef399:0xf45b2a87b334a8ce!8m2!3d22.6663396!4d120.2998202!16s%2Fg%2F11l6f723x9?entry=ttu&g_ep=EgoyMDI1MDQxNC4xIKXMDSoASAFQAw%3D%3D",傑 旗魚黑輪,高雄市鼓山區,南屏路420號
"https://www.google.com.tw/maps/place/%E9%98%BF%E7%8C%AE%E6%89%8B%E5%B7%A5%E9%BB%91%E7%B3%96%E9%A3%B2%E5%93%81/@22.6664151,120.299894,21z/data=!4m6!3m5!1s0x346e05708687bdf7:0xb9ea8cc6b0f0634e!8m2!3d22.6665355!4d120.2999131!16s%2Fg%2F1w4f5vst?entry=ttu&g_ep=EgoyMDI1MDQxNC4xIKXMDSoASAFQAw%3D%3D",阿献手工黑糖飲品,高雄市鼓山區,南屏路410號
"https://www.google.com.tw/maps/place/%E6%B2%96%E7%B9%A9%E9%85%A5%E7%82%B8%E5%A4%A7%E9%AD%B7%E9%AD%9A/@22.6665355,120.2997763,21z/data=!4m6!3m5!1s0x346e0507198bf76f:0xff83978c40dca245!8m2!3d22.6665398!4d120.2997723!16s%2Fg%2F1tf_l10s?entry=ttu&g_ep=EgoyMDI1MDQxNC4xIKXMDSoASAFQAw%3D%3D",沖繩酥炸大魷魚,,高雄市左營區
"https://www.google.com.tw/maps/place/%E7%91%9E%E8%B1%90%E5%A4%9C%E5%B8%82%E7%B8%BD%E5%BA%97-%E9%9F%93%E9%9B%9E%E6%AE%BF%E8%B5%B7%E5%8F%B8%E8%9B%8B%E4%B8%AD%E8%9B%8B/@22.6665389,120.2996358,21z/data=!4m6!3m5!1s0x346e0587f1c5a6f5:0xa87ea491d1e9877c!8m2!3d22.6665404!4d120.2996945!16s%2Fg%2F11qjtwb19g?entry=ttu&g_ep=EgoyMDI1MDQxNC4xIKXMDSoASAFQAw%3D%3D",瑞豐夜市總店,高雄市鼓山區,瑞豐夜市韓式起司蛋中蛋第五排後面
"https://www.google.com.tw/maps/place/%E5%8F%AF%E4%BB%A5%E5%8F%AF%E4%BB%A5%E5%9C%B0%E7%93%9C%E7%90%83%EF%BC%88%E7%91%9E%E8%B1%90%E5%BA%97%EF%BC%89/@22.6665469,120.2994521,21z/data=!4m6!3m5!1s0x346e05cdcba626bd:0xc08dd69eead0df0c!8m2!3d22.6665443!4d120.2994755!16s%2Fg%2F11nn_zblv6?entry=ttu&g_ep=EgoyMDI1MDQxNC4xIKXMDSoASAFQAw%3D%3D",可以可以地瓜球,高雄市鼓山區,瑞豐夜市第11排走到底
"https://www.google.com.tw/maps/place/%E7%91%9E%E8%B1%90%E6%98%8C%E6%B5%B7%E9%AE%AE%E7%87%92%E7%83%A4/@22.6665862,120.2993334,21z/data=!4m6!3m5!1s0x346e056c06c92f07:0xb49dbf1b1f6af2b2!8m2!3d22.6665695!4d120.2993636!16s%2Fg%2F11f60xy9nc?entry=ttu&g_ep=EgoyMDI1MDQxNC4xIKXMDSoASAFQAw%3D%3D",瑞豐昌海鮮燒烤,,高雄市左營區
"https://www.google.com.tw/maps/place/%E4%B8%89%E5%85%A5%E5%A5%BD%E6%A3%A7+%E4%BB%99%E8%8D%89%E5%87%8D%E5%A5%B6%E8%8C%B6+%E4%BB%99%E8%8D%89%E7%94%98%E8%8C%B6%EF%BC%88%E7%91%9E%E8%B1%90%E5%A4%9C%E5%B8%82%E7%AC%AC13%E6%8E%92%EF%BC%89/@22.6665769,120.2991443,21z/data=!4m6!3m5!1s0x346e0500528a6581:0xfbbb02d0ac0a5d85!8m2!3d22.6665467!4d120.2991898!16s%2Fg%2F11x8jbyfpk?entry=ttu&g_ep=EgoyMDI1MDQxNC4xIKXMDSoASAFQAw%3D%3D",三入好棧 仙草凍奶茶 仙草甘茶,高雄市鼓山區,裕誠路1140號第13排
"https://www.google.com.tw/maps/place/%E7%91%9E%E8%B1%90+%E9%A6%99Q%E9%8D%8B%E7%87%92%E9%BA%B5+%E6%9D%B1%E9%96%80%E5%BA%97/@22.6664792,120.2986803,21z/data=!4m6!3m5!1s0x346e05364af5bb67:0xdc066d342a8aa835!8m2!3d22.6663384!4d120.2983955!16s%2Fg%2F11txphyq7h?entry=ttu&g_ep=EgoyMDI1MDQxNC4xIKXMDSoASAFQAw%3D%3D",瑞豐 香Q鍋燒麵 東門店,高雄市鼓山區,東門路448號
"https://www.google.com.tw/maps/place/%E7%A6%BE%E7%BE%BD%E6%97%A9%E5%8D%88%E9%A4%90/@22.6663443,120.2983233,20.75z/data=!4m6!3m5!1s0x346e050767c23e3f:0x29c4054a45f7a0b5!8m2!3d22.6662669!4d120.2981049!16s%2Fg%2F11g6xs70pd?entry=ttu&g_ep=EgoyMDI1MDQxNC4xIKXMDSoASAFQAw%3D%3D",禾羽早午餐,高雄市鼓山區,明倫路103號
"https://www.google.com.tw/maps/place/%E7%A7%8B%E6%A0%97%E9%A6%99%E7%B3%96%E7%82%92%E6%A0%97%E5%AD%90/@22.6661834,120.2980462,21z/data=!4m6!3m5!1s0x346e05c3c4b20ca1:0xf385f4cadec8445d!8m2!3d22.6660486!4d120.2981361!16s%2Fg%2F11kbwm25ss?entry=ttu&g_ep=EgoyMDI1MDQxNC4xIKXMDSoASAFQAw%3D%3D",秋栗香糖炒栗子,高雄市鼓山區,明倫路119號瑞豐夜市旁
"https://www.google.com.tw/maps/place/%E9%98%BFQ%E5%87%8D%E5%9C%93/@22.6661834,120.2980462,21z/data=!4m6!3m5!1s0x346e05075934caff:0xf137c2159b61dbd7!8m2!3d22.6662516!4d120.2978844!16s%2Fg%2F1vbl59wf?entry=ttu&g_ep=EgoyMDI1MDQxNC4xIKXMDSoASAFQAw%3D%3D",阿Q凍圓,高雄市鼓山區,明倫路130號
"https://www.google.com.tw/maps/place/7%E5%85%83%E8%82%89%E5%9C%93+%E5%8F%B0%E7%81%A3%E5%B0%8F%E5%90%83%E6%B8%85%E8%92%B8%E8%82%89%E5%9C%93/@22.6662518,120.2977476,21z/data=!4m6!3m5!1s0x346e05075dc124f5:0x6a88fbb12adb3f5d!8m2!3d22.6661995!4d120.2978924!16s%2Fg%2F11_dpqlxg?entry=ttu&g_ep=EgoyMDI1MDQxNC4xIKXMDSoASAFQAw%3D%3D",7元肉圓 台灣小吃清蒸肉圓,高雄市鼓山區,明倫路132號
"https://www.google.com.tw/maps/place/%E6%9E%97%E8%A8%98%E7%87%92%E8%87%98/@22.6662518,120.2977476,21z/data=!4m6!3m5!1s0x346e05f8054572e1:0x1de55319df78be55!8m2!3d22.6661292!4d120.2977351!16s%2Fg%2F11w8q9k66t?entry=ttu&g_ep=EgoyMDI1MDQxNC4xIKXMDSoASAFQAw%3D%3D",林記燒臘,高雄市鼓山區,明倫路134號
"https://www.google.com.tw/maps/place/%E5%90%8D%E5%AE%B6%E6%B1%95%E9%A0%AD%E6%B2%99%E8%8C%B6%E7%81%AB%E9%8D%8B%E7%91%9E%E8%B1%90%E5%BA%97500%E7%A2%97%E7%BE%8E%E9%A3%9F%E6%8C%87%E5%8D%97%E9%AB%98%E9%90%B5%E6%9C%88%E5%88%8A%E6%8E%A8%E8%96%A6/@22.6664858,120.2978553,20.25z/data=!4m6!3m5!1s0x346e0507640cfff9:0x6ff72d6a9346418!8m2!3d22.6667269!4d120.2977794!16s%2Fg%2F11clyh33ff?entry=ttu&g_ep=EgoyMDI1MDQxNC4xIKXMDSoASAFQAw%3D%3D",名家汕頭沙茶火鍋瑞豐店500碗美食指南高鐵月刊推薦,高雄市鼓山區,明倫路114號line@ID : @minghotpot
"https://www.google.com.tw/maps/place/%E9%9F%B3%E6%A8%82%E7%9B%92%E6%B3%95%E5%BC%8F%E9%84%89%E6%9D%91%E9%A4%90%E5%BB%B3/@22.666972,120.2976537,20z/data=!4m6!3m5!1s0x346e050763bfa56b:0x1f2184798162f2fe!8m2!3d22.6667836!4d120.2976814!16s%2Fg%2F11cjp5jz5h?entry=ttu&g_ep=EgoyMDI1MDQxNC4xIKXMDSoASAFQAw%3D%3D",音樂盒法式鄉村餐廳,高雄市鼓山區,明倫路112號
"https://www.google.com.tw/maps/place/%E9%BB%91%E7%8B%97%E7%9A%84%E5%AE%B6(%E5%9C%8B%E8%B3%93%E9%80%80%E4%BC%91%E5%BB%9A%E5%B8%AB%E7%A7%81%E6%88%BF%E8%8F%9C)/@22.6667839,120.2974069,20z/data=!4m6!3m5!1s0x346e050767041ccf:0x93751a0d9658122f!8m2!3d22.6670896!4d120.2975088!16s%2Fg%2F11b8jcqgpc?entry=ttu&g_ep=EgoyMDI1MDQxNC4xIKXMDSoASAFQAw%3D%3D",黑狗的家,高雄市鼓山區,明倫路106號
"https://www.google.com.tw/maps/place/%E8%80%81%E6%B1%9F%E7%B4%85%E8%8C%B6%E7%89%9B%E5%A5%B6+%E7%91%9E%E8%B1%90%E5%BA%97/@22.6661306,120.2976262,21z/data=!4m6!3m5!1s0x346e05a9e246bbd5:0xdd3d41e019f31844!8m2!3d22.6659998!4d120.2973875!16s%2Fg%2F11f_vx73j4?entry=ttu&g_ep=EgoyMDI1MDQxNC4xIKXMDSoASAFQAw%3D%3D",老江紅茶牛奶 瑞豐店,高雄市鼓山區,裕誠路1192號
"https://www.google.com.tw/maps/place/%E9%87%91%E6%B9%AF%E5%9C%92%E7%91%9E%E8%B1%90%E9%96%80%E5%B8%82/@22.6671651,120.2975786,20z/data=!4m6!3m5!1s0x346e05c6ae0b81d1:0x37680228635953b0!8m2!3d22.667164!4d120.2978528!16s%2Fg%2F11y4bkznf4?entry=ttu&g_ep=EgoyMDI1MDQxNC4xIKXMDSoASAFQAw%3D%3D",金湯園瑞豐門市,高雄市左營區,明倫路81號
"https://www.google.com.tw/maps/place/%E8%82%89%E5%9C%93%E3%80%82%E7%B1%B3%E7%B3%95%E3%80%82%E5%9B%9B%E7%A5%9E%E6%B9%AF/@22.666116,120.2968708,21z/data=!4m6!3m5!1s0x346e05a9e4154d19:0x14929805d8b479ee!8m2!3d22.6661254!4d120.2970628!16s%2Fg%2F11g6yl5lhw?entry=ttu&g_ep=EgoyMDI1MDQxNC4xIKXMDSoASAFQAw%3D%3D",肉圓,高雄市鼓山區,華榮路292號(騎樓號
"https://www.google.com.tw/maps/place/%E9%8C%A1%E6%A9%9F%E5%AE%B6%E6%97%8F%E8%B1%86%E4%B9%B3%E9%9B%9E/@22.666116,120.2968708,21z/data=!4m6!3m5!1s0x346e05a9e3f78c27:0xf9e31ca05416647d!8m2!3d22.6660915!4d120.2967726!16s%2Fg%2F11b7256vdk?entry=ttu&g_ep=EgoyMDI1MDQxNC4xIKXMDSoASAFQAw%3D%3D",錡機家族豆乳雞,高雄市鼓山區,華榮路283號
"https://www.google.com.tw/maps/place/%E6%9E%97%E5%AE%B6%E6%BD%AE%E6%B1%95%E7%9F%B3%E9%A0%AD%E7%81%AB%E9%8D%8B/@22.6660915,120.2966358,21z/data=!4m6!3m5!1s0x346e05b6b1c32aa1:0x3baaa3c1a130b611!8m2!3d22.6661389!4d120.2967427!16s%2Fg%2F11q1l8yn96?entry=ttu&g_ep=EgoyMDI1MDQxNC4xIKXMDSoASAFQAw%3D%3D",林家潮汕石頭火鍋,高雄市鼓山區,華榮路283號2樓
"https://www.google.com.tw/maps/place/%E5%A4%A7%E7%8E%8B%E8%8C%B6%E8%BF%B7+%E8%8F%AF%E6%A6%AE/@22.6661491,120.2969047,21z/data=!4m6!3m5!1s0x346e0554daa434a1:0xc0e67e14ec23116b!8m2!3d22.6662792!4d120.2970234!16s%2Fg%2F11rzghdm9s?entry=ttu&g_ep=EgoyMDI1MDQxNC4xIKXMDSoASAFQAw%3D%3D",大王茶迷 華榮,高雄市鼓山區,華榮路300號
"https://www.google.com.tw/maps/place/%E6%8E%AC%E7%A4%BE%E8%8F%AF%E6%A6%AE%E5%BA%97/@22.6661491,120.2969047,21z/data=!4m6!3m5!1s0x346e05daaa80e5e3:0xe65256715433c93f!8m2!3d22.6663446!4d120.2970075!16s%2Fg%2F11rw0vkbps?entry=ttu&g_ep=EgoyMDI1MDQxNC4xIKXMDSoASAFQAw%3D%3D",掬社華榮店,高雄市鼓山區,華榮路302號
"https://www.google.com.tw/maps/place/%E7%91%9E%E8%B1%90%E8%B1%86%E6%BC%BF%E5%A4%A7%E5%93%A5/@22.6660989,120.2968039,20.75z/data=!4m6!3m5!1s0x346e05a81f46b531:0x203bf0737693ede3!8m2!3d22.6659808!4d120.2967994!16s%2Fg%2F11rvjys2bm?entry=ttu&g_ep=EgoyMDI1MDQxNC4xIKXMDSoASAFQAw%3D%3D",瑞豐豆漿大哥,高雄市鼓山區,華榮路215號
"https://www.google.com.tw/maps/place/%E6%96%B0%E7%99%BE%E9%BD%A1%E6%8E%92%E9%AA%A8%E5%A4%A7%E7%8E%8B%E7%91%9E%E8%B1%90%E5%BA%97/@22.6660877,120.2967221,20.75z/data=!4m6!3m5!1s0x346e05a971f718d7:0xa741f2208838c61a!8m2!3d22.6659956!4d120.2967045!16s%2Fg%2F1tdk2xsv?entry=ttu&g_ep=EgoyMDI1MDQxNC4xIKXMDSoASAFQAw%3D%3D",新百齡排骨大王瑞豐店,高雄市鼓山區,裕誠路1260號
"https://www.google.com.tw/maps/place/%E6%9F%92%E9%9B%B6%E7%94%9F%E6%89%8B%E5%81%9A+DIY%E7%83%98%E7%84%99-%E9%AB%98%E9%9B%84%E5%BA%97/@22.6662245,120.2967752,20.5z/data=!4m6!3m5!1s0x346e05a9e622a517:0x41b1b9cefa0f3b35!8m2!3d22.6662893!4d120.2967184!16s%2Fg%2F11c5bkktxk?entry=ttu&g_ep=EgoyMDI1MDQxNC4xIKXMDSoASAFQAw%3D%3D",柒零生手做 DIY烘焙,高雄市鼓山區,華榮路291號2樓
"https://www.google.com.tw/maps/place/%E5%86%B0%E5%A1%94%E8%81%B7%E4%BA%BA%E9%9B%AA%E8%8A%B1+%E2%80%94%E8%8F%AF%E6%A6%AE%E5%BA%97/@22.6662889,120.2965241,20z/data=!4m6!3m5!1s0x346e0564ca37ec3f:0x832f717aee87a802!8m2!3d22.666412!4d120.2966763!16s%2Fg%2F11qnvksdt6?entry=ttu&g_ep=EgoyMDI1MDQxNC4xIKXMDSoASAFQAw%3D%3D",冰塔職人雪花 —華榮店,高雄市鼓山區,華榮路297號
"https://www.google.com.tw/maps/place/%E7%82%B8%E9%9B%9E%E5%8F%B8%E4%BB%A4%E8%8F%AF%E6%A6%AE299/@22.6663728,120.2968492,21z/data=!4m6!3m5!1s0x346e05a9c44d5897:0x6b6f2b79d89fbb9d!8m2!3d22.666456!4d120.2966667!16s%2Fg%2F11cnm6gytg?entry=ttu&g_ep=EgoyMDI1MDQxNC4xIKXMDSoASAFQAw%3D%3D",炸雞司令華榮299,高雄市鼓山區,華榮路299號
"https://www.google.com.tw/maps/place/%E8%83%A1%E9%BA%BB%E7%AD%92%E5%AD%90%EF%BC%88%E8%8F%AF%E6%A6%AE%E5%BA%97%EF%BC%89%E9%BA%BB%E8%BE%A3%E7%87%99%E3%80%81%E7%81%AB%E9%8D%8B%E7%85%B2%E3%80%81%E9%8D%8B%E7%87%92/@22.666326,120.2964665,20z/data=!4m6!3m5!1s0x346e050038d8c961:0x66e44c3e54f2c776!8m2!3d22.6665061!4d120.2966415!16s%2Fg%2F11ldm16sjh?entry=ttu&g_ep=EgoyMDI1MDQxNC4xIKXMDSoASAFQAw%3D%3D",胡麻筒子,高雄市鼓山區,華榮路301號1樓
"https://www.google.com.tw/maps/place/%E5%B7%A7%E5%91%B3%E7%BE%8E%E9%A3%9F%E9%A4%A8(%E9%80%B2%E4%BB%94%E7%9A%84%E5%BA%97)/@22.6665774,120.2969342,21z/data=!4m6!3m5!1s0x346e05a9e76009ed:0x47b98fd3eb0d50fd!8m2!3d22.6665253!4d120.2969198!16s%2Fg%2F1tfzztwl?entry=ttu&g_ep=EgoyMDI1MDQxNC4xIKXMDSoASAFQAw%3D%3D",巧味美食館,高雄市鼓山區,華榮路310號
"https://www.google.com.tw/maps/place/%E8%80%81%E5%B7%A6%E7%87%9F%E6%B1%BE%E9%99%BD%E9%A4%9B%E9%A3%A9%E3%80%8A%E7%91%9E%E8%B1%90%E5%BA%97%E3%80%8B/@22.6665206,120.2967749,21z/data=!4m6!3m5!1s0x346e05a9ddc221e5:0x4d9e9aae5eb0b7ab!8m2!3d22.6665754!4d120.296899!16s%2Fg%2F11bztf7bcz?entry=ttu&g_ep=EgoyMDI1MDQxNC4xIKXMDSoASAFQAw%3D%3D",老左營汾陽餛飩《瑞豐店》,高雄市鼓山區,華榮路312號
"https://www.google.com.tw/maps/place/%E7%81%B0%E7%86%8A%E5%92%96%E5%93%A9/@22.6665206,120.2967749,21z/data=!4m6!3m5!1s0x346e059bde9178cf:0x156aacd081f1960b!8m2!3d22.6666651!4d120.296848!16s%2Fg%2F11ff1yh0q_?entry=ttu&g_ep=EgoyMDI1MDQxNC4xIKXMDSoASAFQAw%3D%3D",灰熊咖哩,高雄市鼓山區,華榮路316號
"https://www.google.com.tw/maps/place/%E7%B6%A0%E5%B3%B6%E9%AF%8A+%E7%B6%A0%E8%B1%86%E6%B2%99%E7%89%9B%E5%A5%B6%E5%B0%88%E8%B3%A3%E5%BA%97/@22.6665206,120.2967749,21z/data=!4m6!3m5!1s0x346e059a140337d9:0xaafd0fe850c10d64!8m2!3d22.6667019!4d120.2968292!16s%2Fg%2F11h75ttsq4?entry=ttu&g_ep=EgoyMDI1MDQxNC4xIKXMDSoASAFQAw%3D%3D",綠島鯊 綠豆沙牛奶專賣店,高雄市鼓山區,華榮路318號
"https://www.google.com.tw/maps/place/%E5%8F%B0%E7%81%A3%E9%B9%B9%E9%85%A5%E9%9B%9E/@22.6659903,120.29639,21z/data=!4m6!3m5!1s0x346e05005210eee5:0x2b1b58a6b11b5d82!8m2!3d22.6659903!4d120.2965268!16s%2Fg%2F11wmylm2q6?entry=ttu&g_ep=EgoyMDI1MDQxNC4xIKXMDSoASAFQAw%3D%3D",台灣鹹酥雞,高雄市鼓山區,裕誠路1262號
"https://www.google.com.tw/maps/place/%E5%85%A9%E6%AD%90%E8%96%8F%E4%BB%81%E7%B6%A0%E8%B1%86%E6%B9%AF/@22.6659903,120.29639,21z/data=!4m6!3m5!1s0x346e05a9ee0e4671:0xa55286ce691d869d!8m2!3d22.6660124!4d120.2963766!16s%2Fg%2F11c1rf83vt?entry=ttu&g_ep=EgoyMDI1MDQxNC4xIKXMDSoASAFQAw%3D%3D",兩歐薏仁綠豆湯,高雄市鼓山區,裕誠路1270號
"https://www.google.com.tw/maps/place/%E6%9D%B1%E6%9D%B1%E5%86%B0%E5%BA%97+%E7%87%92%E4%BB%99%E8%8D%89+%E5%86%B0%E5%93%81+%E7%87%92%E6%B9%AF%E5%9C%93/@22.6660253,120.296241,20.75z/data=!4m6!3m5!1s0x346e05ba580c90fb:0xe619cfd355b8b030!8m2!3d22.6659694!4d120.2964376!16s%2Fg%2F11h1qj6s0q?entry=ttu&g_ep=EgoyMDI1MDQxNC4xIKXMDSoASAFQAw%3D%3D",東東冰店 燒仙草 冰品 燒湯圓,高雄市鼓山區,裕誠路1270號
"https://www.google.com.tw/maps/place/%E5%B0%8F%E7%99%BE%E5%B9%B8%E4%BE%BF%E7%95%B6%E5%B0%88%E8%B3%A3%EF%BC%BB%E5%A4%A7%E9%9B%9E%E8%85%BF%E4%BE%BF%E7%95%B6+%E6%BB%B7%E6%8E%92%E9%AA%A8%E4%BE%BF%E7%95%B6+%E7%82%B8%E8%B1%AC%E6%8E%92%E4%BE%BF%E7%95%B6+%E8%84%86%E7%9A%AE%E9%9B%9E%E6%8E%92%E4%BE%BF%E7%95%B6+%E8%92%B2%E7%87%92%E9%AF%9B%E9%AD%9A%E4%BE%BF%E7%95%B6%E9%80%9A%E9%80%9A79%E5%85%83%EF%BC%BD/@22.6653457,120.2998175,20.5z/data=!4m6!3m5!1s0x346e0515989a649b:0x9f8240cdaaa43a3!8m2!3d22.6652685!4d120.2999145!16s%2Fg%2F11q1p05_gg?entry=ttu&g_ep=EgoyMDI1MDQxNC4xIKXMDSoASAFQAw%3D%3D",小百幸便當專賣［大雞腿便當 滷排骨便當 炸豬排便當 脆皮雞排便當 蒲燒鯛魚便當通通79元］,高雄市鼓山區,文忠路58號
"https://www.google.com.tw/maps/place/%E4%B8%89%E8%BC%AA%E6%87%B7%E8%88%8A%E8%82%89%E7%87%A5%E9%A3%AF/@22.6650736,120.2996006,20z/data=!4m6!3m5!1s0x346e05074d771e43:0xf62d51037e88c338!8m2!3d22.6650745!4d120.2997933!16s%2Fg%2F11fy4wqd0m?entry=ttu&g_ep=EgoyMDI1MDQxNC4xIKXMDSoASAFQAw%3D%3D",三輪懷舊肉燥飯,高雄市鼓山區,文忠路73號
"https://www.google.com.tw/maps/place/%E6%BC%AB%E9%9B%AA%E6%99%82%E5%85%89%E3%83%BB%E7%94%9C%E5%93%81%2F%E9%9B%AA%E8%8A%B1%E5%86%B0%E5%B0%88%E8%B3%A3%E5%BA%97/@22.6651033,120.2995282,20z/data=!4m6!3m5!1s0x346e05d28a71a089:0xca7eafd0e80a683b!8m2!3d22.6653025!4d120.2998148!16s%2Fg%2F11v5bxhhrd?entry=ttu&g_ep=EgoyMDI1MDQxNC4xIKXMDSoASAFQAw%3D%3D",漫雪時光・甜品/雪花冰專賣店,高雄市鼓山區,文忠路62號1樓
"https://www.google.com.tw/maps/place/%E7%88%86%E5%8A%9B%E9%9B%9E%E5%8F%B0%E5%BC%8F%E9%B9%BD%E9%85%A5%E9%9B%9E/@22.6651033,120.2995282,20z/data=!4m6!3m5!1s0x346e05fab29e5771:0x8fb80ef4625bf2e5!8m2!3d22.6652515!4d120.2996342!16s%2Fg%2F11t0trpslv?entry=ttu&g_ep=EgoyMDI1MDQxNC4xIKXMDSoASAFQAw%3D%3D",爆力雞台式鹽酥雞,高雄市鼓山區,文忠路64號
"https://www.google.com.tw/maps/place/%E6%B0%B8%E8%A8%98%E7%89%9B%E8%82%89%E6%B9%AF/@22.6651095,120.2992318,20z/data=!4m6!3m5!1s0x346e051c1db7cd81:0x8e0ef592090c33b9!8m2!3d22.6652971!4d120.2990184!16s%2Fg%2F11j4kyt5vj?entry=ttu&g_ep=EgoyMDI1MDQxNC4xIKXMDSoASAFQAw%3D%3D",永記牛肉湯,高雄市鼓山區,文忠路72之1號
"https://www.google.com.tw/maps/place/%E4%B9%9D%E8%A8%98%E6%96%87%E5%BF%A0%E9%A3%9F%E7%B3%96%E6%B0%B4/@22.6652915,120.2987453,20z/data=!4m6!3m5!1s0x346e05150760e07f:0xce80bea7f504c9ba!8m2!3d22.6650483!4d120.2988641!16s%2Fg%2F11s392mk6n?entry=ttu&g_ep=EgoyMDI1MDQxNC4xIKXMDSoASAFQAw%3D%3D",九記文忠食糖水,高雄市鼓山區,文忠路119號
"https://www.google.com.tw/maps/place/%E5%8A%89%E8%A8%98%E5%8F%B0%E5%8C%97%E9%AD%B7%E9%AD%9A%E7%BE%B9/@22.6652915,120.2987453,20z/data=!4m6!3m5!1s0x346e050749b22323:0xbd8a8b962d698d4d!8m2!3d22.665281!4d120.298733!16s%2Fg%2F1td_d_8g?entry=ttu&g_ep=EgoyMDI1MDQxNC4xIKXMDSoASAFQAw%3D%3D",劉記台北魷魚羹,高雄市鼓山區,文忠路76之5號
"https://www.google.com.tw/maps/place/%E9%B4%BB%E6%B3%B0%E8%88%88%E6%B3%B0%E5%BC%8F%E6%96%99%E7%90%86/@22.6652939,120.2984583,20z/data=!4m6!3m5!1s0x346e05074bfc4585:0x4aac1ac2f491cb35!8m2!3d22.665076!4d120.298749!16s%2Fg%2F1pzq0gyh8?entry=ttu&g_ep=EgoyMDI1MDQxNC4xIKXMDSoASAFQAw%3D%3D",鴻泰興泰式料理,高雄市鼓山區,文忠路121號
"https://www.google.com.tw/maps/place/%E7%81%AB%E9%9B%9E%E9%A0%AD%E5%98%89%E7%BE%A9%E7%81%AB%E9%9B%9E%E8%82%89%E9%A3%AF/@22.6652939,120.2984583,20z/data=!4m6!3m5!1s0x346e05074d771e43:0x46e9e93df58c32e8!8m2!3d22.6652895!4d120.2981926!16s%2Fg%2F11b7lnc0y7?entry=ttu&g_ep=EgoyMDI1MDQxNC4xIKXMDSoASAFQAw%3D%3D",火雞頭嘉義火雞肉飯,高雄市鼓山區,明倫路139號
"https://www.google.com.tw/maps/place/%E9%A0%98%E9%AE%AE%E5%BB%9F%E5%8F%A3%E9%B9%B9%E6%B0%B4%E9%9B%9E%EF%BC%88%E7%91%9E%E8%B1%90%E5%BA%97%EF%BC%89/@22.665289,120.2978495,20z/data=!4m6!3m5!1s0x346e05a3aa30dc4d:0xe52f36b8f019abb1!8m2!3d22.6653794!4d120.2981898!16s%2Fg%2F11rcs5pwgr?entry=ttu&g_ep=EgoyMDI1MDQxNC4xIKXMDSoASAFQAw%3D%3D",領鮮廟口鹹水雞,高雄市鼓山區,明倫路137號
"https://www.google.com.tw/maps/place/%E6%89%BE%E5%88%B0%EF%BC%8C%E7%94%9C+%E5%86%B0%E8%88%96-%E9%BC%93%E5%B1%B1%E4%BA%BA%E6%B0%A3%E5%86%B0%E5%BA%97%7C%E5%B7%A6%E7%87%9F%E5%BF%85%E5%90%83%E5%86%B0%E5%BA%97%7C%E7%91%9E%E8%B1%90%E7%B6%BF%E7%B6%BF%E5%86%B0%E6%8E%A8%E8%96%A6%7C%E7%86%B1%E9%96%80%E5%89%89%E5%86%B0%7C%E5%BF%85%E5%90%83%E7%94%9C%E5%93%81%7C%E5%9C%A8%E5%9C%B0%E6%8E%A8%E8%96%A6%E5%86%B0%E5%BA%97%7C%E5%B7%A6%E7%87%9F%E9%A6%96%E9%81%B8%E5%86%B0%E5%BA%97%7C%E5%BF%85%E5%90%83%E6%8C%AB%E5%86%B0/@22.6652395,120.2976899,20z/data=!4m6!3m5!1s0x346e050972e50901:0xc7d4797c0c2ea9d9!8m2!3d22.665104!4d120.297848!16s%2Fg%2F11ks0bt4jq?entry=ttu&g_ep=EgoyMDI1MDQxNC4xIKXMDSoASAFQAw%3D%3D",找到甜 冰舖,高雄市鼓山區,文忠路131號
"https://www.google.com.tw/maps/place/%E5%8F%A3%E5%8F%A3%E9%A6%99%E5%A1%A9%E9%85%A5%E9%9B%9E/@22.6652816,120.2973734,20z/data=!4m6!3m5!1s0x346e05000ffafc71:0xb1f69caece43ad36!8m2!3d22.665357!4d120.297074!16s%2Fg%2F11wc4v5sss?entry=ttu&g_ep=EgoyMDI1MDQxNC4xIKXMDSoASAFQAw%3D%3D",口口香塩酥雞,高雄市鼓山區,明誠里華榮路242-1號
"https://www.google.com.tw/maps/place/%E6%9C%89%E6%A8%B9%E9%A3%9F%EF%BC%8E%E6%97%A5%E5%BC%8F%E7%B4%A0%E9%A3%9F%E7%83%8F%E9%BE%8D%E9%BA%B5/@22.665357,120.2968004,20z/data=!4m6!3m5!1s0x346e05697c8baca3:0x7b8210bcbb050353!8m2!3d22.6652654!4d120.2967124!16s%2Fg%2F11t9rphyfd?entry=ttu&g_ep=EgoyMDI1MDQxNC4xIKXMDSoASAFQAw%3D%3D",有樹食．日式素食烏龍麵,高雄市鼓山區,文忠路106號1 樓
"https://www.google.com.tw/maps/place/%E8%80%81%E5%91%A8%E7%89%8C%E7%87%92%E8%82%89%E9%A3%AF/@22.66551,120.2970155,21z/data=!4m6!3m5!1s0x346e05a9fc1cfe4d:0x86b5df569d93fd62!8m2!3d22.665517!4d120.2971063!16s%2Fg%2F11xfml8cq?entry=ttu&g_ep=EgoyMDI1MDQxNC4xIKXMDSoASAFQAw%3D%3D",老周牌燒肉飯,高雄市鼓山區,華榮路248號
"https://www.google.com.tw/maps/place/%E9%80%99%E5%AE%B6%E9%99%BD%E6%98%A5%E9%BA%B5/@22.665511,120.2967275,20z/data=!4m6!3m5!1s0x346e05a9f16b35d1:0x5176894f78abf349!8m2!3d22.6657147!4d120.2964829!16s%2Fg%2F11btvb5chc?entry=ttu&g_ep=EgoyMDI1MDQxNC4xIKXMDSoASAFQAw%3D%3D",這家陽春麵,高雄市鼓山區,裕誠路1503-1號
"https://www.google.com.tw/maps/place/%E5%B0%8F%E9%AE%AE%E8%82%89%E8%82%89%E8%9B%8B%E5%90%90%E5%8F%B8/@22.665737,120.2962106,20z/data=!4m6!3m5!1s0x346e05a9faa82a07:0x25e627e1bae35963!8m2!3d22.66571!4d120.2964273!16s%2Fg%2F11fx9kq_sh?entry=ttu&g_ep=EgoyMDI1MDQxNC4xIKXMDSoASAFQAw%3D%3D",小鮮肉肉蛋吐司,高雄市鼓山區,裕誠路1503-8號
"https://www.google.com.tw/maps/place/%E6%A1%83%E5%8E%9F%E7%95%B6%E6%AD%B8%E9%B4%A8/@22.6658697,120.2956946,20z/data=!4m6!3m5!1s0x346e05bf1203de29:0x778f09b9f2e5abc5!8m2!3d22.6658695!4d120.2959247!16s%2Fg%2F11p5nwzr19?entry=ttu&g_ep=EgoyMDI1MDQxNC4xIKXMDSoASAFQAw%3D%3D",桃原當歸鴨,高雄市鼓山區,裕誠路1300號
"https://www.google.com.tw/maps/place/%E9%96%8B%E5%B0%8F%E7%81%B6/@22.664799,120.2958234,20z/data=!4m6!3m5!1s0x346e051a1e791abf:0x5ab0bef25be637b4!8m2!3d22.6646207!4d120.2962093!16s%2Fg%2F11sq_n_8z9?entry=ttu&g_ep=EgoyMDI1MDQxNC4xIKXMDSoASAFQAw%3D%3D",開小灶,高雄市鼓山區,文信路338號1樓
"https://www.google.com.tw/maps/place/%E7%88%86%E6%BC%BF%E8%9B%8B%E7%82%92%E9%A3%AF/@22.664799,120.2958234,20z/data=!4m6!3m5!1s0x346e05ba375f7aad:0xf4a9394bdfec562!8m2!3d22.6650706!4d120.2960537!16s%2Fg%2F11f8mkmg6f?entry=ttu&g_ep=EgoyMDI1MDQxNC4xIKXMDSoASAFQAw%3D%3D",爆漿蛋炒飯,高雄市鼓山區,文忠路116號
"https://www.google.com.tw/maps/place/%E5%AA%9B%E5%AA%BD%E8%BC%95%E9%A3%9F%E5%BB%9A%E5%9D%8A/@22.664799,120.2958234,20z/data=!4m6!3m5!1s0x346e05aa1f1868e3:0x9c3ad5cc1a9ee3ee!8m2!3d22.6651103!4d120.2961008!16s%2Fg%2F11cn0j8wy7?entry=ttu&g_ep=EgoyMDI1MDQxNC4xIKXMDSoASAFQAw%3D%3D",媛媽輕食廚坊,高雄市鼓山區,文忠路112號
"https://www.google.com.tw/maps/place/Yami+Kitchen+%E5%8F%AF%E5%8F%A3%E5%BB%9A%E5%9D%8A/@22.664799,120.2958234,20z/data=!4m6!3m5!1s0x346e05aa3d3c5b1b:0x685a33421410fcc0!8m2!3d22.6646236!4d120.2958526!16s%2Fg%2F1pp2v0lcv?entry=ttu&g_ep=EgoyMDI1MDQxNC4xIKXMDSoASAFQAw%3D%3D",Yami Kitchen 可口廚坊,高雄市鼓山區,文忠路189號
"https://www.google.com.tw/maps/place/%E5%B0%8F%E9%BA%B5%E5%BA%97-Noodle+Shop/@22.6646235,120.295579,20z/data=!4m6!3m5!1s0x346e05a9e7d0b1c3:0x9e207ca543ab4186!8m2!3d22.664824!4d120.2953601!16s%2Fg%2F11fx8qr1br?entry=ttu&g_ep=EgoyMDI1MDQxNC4xIKXMDSoASAFQAw%3D%3D",小麵店,高雄市鼓山區,民利街119號
"https://www.google.com.tw/maps/place/%E4%BD%91%E4%BD%91%E9%8D%8B%E7%87%92%E9%BA%B5+%E8%A3%95%E8%AA%A0%E5%BA%97-%E9%BC%93%E5%B1%B1%E9%8D%8B%E7%87%92%E7%BE%8E%E9%A3%9F%7C%E5%A4%96%E5%B8%B6%E6%8E%A8%E8%96%A6%7C%E5%8F%B0%E7%81%A3%E4%BA%BA%E7%9A%84%E6%8B%89%E9%BA%B5/@22.6648435,120.2950063,20z/data=!4m6!3m5!1s0x346e05aa2fe9f00f:0x15cef829fbdebe57!8m2!3d22.6649381!4d120.2952244!16s%2Fg%2F11g_53w3y?entry=ttu&g_ep=EgoyMDI1MDQxNC4xIKXMDSoASAFQAw%3D%3D",佑佑鍋燒麵 裕誠店,高雄市鼓山區,裕誠路1511號
"https://www.google.com.tw/maps/place/%E6%B1%B2%E6%B1%B2/@22.6643163,120.2995907,19.96z/data=!4m6!3m5!1s0x346e0585dd4f8b25:0xca5f8bb6a92fbd06!8m2!3d22.6646074!4d120.2997193!16s%2Fg%2F11vkz3m3_d?entry=ttu&g_ep=EgoyMDI1MDQxNC4xIKXMDSoASAFQAw%3D%3D",汲汲,高雄市鼓山區,文信路242號
"https://www.google.com.tw/maps/place/1928%E7%87%92%E8%82%89%E7%B8%BD%E9%8B%AA-%E6%96%87%E4%BF%A1%E5%BA%97/@22.6642666,120.299062,19.96z/data=!4m6!3m5!1s0x346e05e8f492cec7:0xefdfdb1676612842!8m2!3d22.664418!4d120.2987516!16s%2Fg%2F11bvcv47hg?entry=ttu&g_ep=EgoyMDI1MDQxNC4xIKXMDSoASAFQAw%3D%3D",1928燒肉總鋪,高雄市鼓山區,文信路325號
"https://www.google.com.tw/maps/place/%E6%96%87%E4%BF%A1%E9%8C%A6%E7%94%B0%E8%B7%AF%E8%82%89%E7%87%A5%E9%A3%AF/@22.6644128,120.2984691,20z/data=!4m6!3m5!1s0x346e0500b6cb2eb1:0x616bfdcfb03349b5!8m2!3d22.664488!4d120.2985096!16s%2Fg%2F1vnng3x2?entry=ttu&g_ep=EgoyMDI1MDQxNC4xIKXMDSoASAFQAw%3D%3D",文信錦田路肉燥飯,高雄市鼓山區,文信路327-1號
"https://www.google.com.tw/maps/place/%E9%A3%9F%E5%AE%B6%E5%80%8B%E4%BA%BA%E5%9C%9F%E9%9B%9E%E9%8D%8B/@22.6647849,120.2971784,17z/data=!3m1!4b1!4m6!3m5!1s0x346e05aa06b526eb:0x4f77ed31dcc580e8!8m2!3d22.6647849!4d120.2971784!16s%2Fg%2F11cmzg28ww?entry=ttu&g_ep=EgoyMDI1MDQxNC4xIKXMDSoASAFQAw%3D%3D",食家個人土雞鍋,高雄市鼓山區,華榮路240-1號
"https://www.google.com.tw/maps/place/%E6%B5%B7%E5%8D%97%E9%9C%9E%E4%BB%80%E9%8C%A6%E9%8D%8B%E7%87%92/@22.6642626,120.2977372,21z/data=!4m6!3m5!1s0x346e05aefd3c6b9d:0xa4e1aedc74acc5a0!8m2!3d22.6644567!4d120.2977623!16s%2Fg%2F11q4gn2jdn?entry=ttu&g_ep=EgoyMDI1MDQxNC4xIKXMDSoASAFQAw%3D%3D",海南霞什錦鍋燒,高雄市鼓山區,文信路331號
"https://www.google.com.tw/maps/place/%E6%A6%9B%E7%BE%8E%E5%91%B3-%E9%BC%93%E5%B1%B1%E7%BE%8E%E9%A3%9F-%E6%84%8F%E9%BA%B5-%E6%B2%B3%E7%B2%89-%E9%A4%90%E5%BB%B3-%E7%83%8F%E9%BE%8D%E9%BA%B5/@22.6642626,120.2977372,21z/data=!4m6!3m5!1s0x346e0543620d405f:0xe4bff80f44a2e410!8m2!3d22.6644546!4d120.2978066!16s%2Fg%2F11rw8_4ll8?entry=ttu&g_ep=EgoyMDI1MDQxNC4xIKXMDSoASAFQAw%3D%3D",榛美味,高雄市鼓山區,文信路329號
"https://www.google.com.tw/maps/place/%E5%B7%9D%E5%AD%97%E8%99%9F%E9%87%8D%E6%85%B6%E5%B0%8F%E9%BA%B5/@22.6640468,120.2995354,20.75z/data=!4m6!3m5!1s0x346e051c08d32a33:0xeb512c4f893b5c75!8m2!3d22.6639698!4d120.2993469!16s%2Fg%2F11h9rp7fz6?entry=ttu&g_ep=EgoyMDI1MDQxNC4xIKXMDSoASAFQAw%3D%3D",川字號重慶小麵,高雄市鼓山區,昌盛路286號
"https://www.google.com.tw/maps/place/The+%E5%8A%89-%E9%9F%93%E5%BC%8F%E7%82%B8%E9%86%AC%E9%BA%B5%E5%B0%88%E8%B3%A3%E5%BA%97(+%E9%AB%98%E9%9B%84%E5%BA%97)%EF%BC%884%2F12%E7%89%B9%E5%88%A5%E5%85%AC%E4%BC%91%E6%97%A5%EF%BC%89/@22.6648738,120.2998777,18.5z/data=!4m6!3m5!1s0x346e059c16c842f3:0x1b1b8b2eb643cd72!8m2!3d22.6653014!4d120.3006418!16s%2Fg%2F11p74qxxv6?entry=ttu&g_ep=EgoyMDI1MDQxNC4xIKXMDSoASAFQAw%3D%3D",The 劉,高雄市鼓山區,文忠路50號
"https://www.google.com.tw/maps/place/%E9%9F%93%E7%A6%8F%E9%A6%99/@22.6652317,120.3008341,21z/data=!4m6!3m5!1s0x346e0506db6e6485:0x9b50cc133264bcf7!8m2!3d22.6652562!4d120.3008749!16s%2Fg%2F1vbl59wd?entry=ttu&g_ep=EgoyMDI1MDQxNC4xIKXMDSoASAFQAw%3D%3D",韓福香,高雄市鼓山區,文忠路44號
"https://www.google.com.tw/maps/place/%E9%98%BF%E5%9C%8B%E9%B5%9D%E8%82%89%E5%B7%A8%E8%9B%8B%E5%BA%97/@22.665289,120.3017253,21z/data=!4m6!3m5!1s0x346e056abeeb5a21:0xa72eefb5de9567cc!8m2!3d22.6653259!4d120.3018633!16s%2Fg%2F11f62mbrms?entry=ttu&g_ep=EgoyMDI1MDQxNC4xIKXMDSoASAFQAw%3D%3D",阿國鵝肉巨蛋店,高雄市鼓山區,文忠路20號
"https://www.google.com.tw/maps/place/%E5%BE%A1%E7%A7%81%E5%BB%9A%E9%8D%8B%E7%89%A9/@22.6644153,120.3004915,20z/data=!4m6!3m5!1s0x346e05ca5e82e2cf:0x81d3880ed039ab6e!8m2!3d22.6644164!4d120.3007659!16s%2Fg%2F11w26bm2yb?entry=ttu&g_ep=EgoyMDI1MDQxNC4xIKXMDSoASAFQAw%3D%3D",御私廚鍋物,高雄市鼓山區,文信路251號
"https://www.google.com.tw/maps/place/%E5%BD%8E%E8%85%B0%E6%B9%AF%E5%9C%93/@22.6641879,120.3002053,19.5z/data=!4m6!3m5!1s0x346e05a88b798567:0xb822501d0af2d0bf!8m2!3d22.664199!4d120.3002997!16s%2Fg%2F11pr6td038?entry=ttu&g_ep=EgoyMDI1MDQxNC4xIKXMDSoASAFQAw%3D%3D",彎腰湯圓,高雄市鼓山區,南屏路537號
"https://www.google.com.tw/maps/place/%E8%AE%9A%E5%91%80%E6%AD%A3%E5%AE%97%E9%9F%93%E5%BC%8F%E7%83%A4%E8%82%89/@22.6641879,120.3002053,19.5z/data=!3m1!5s0x346e05012b4718d9:0x5463e03e3d485030!4m6!3m5!1s0x346e05012b2e316b:0x60fe31ef0fbc827!8m2!3d22.6643943!4d120.300525!16s%2Fg%2F11cn8scrnd?entry=ttu&g_ep=EgoyMDI1MDQxNC4xIKXMDSoASAFQAw%3D%3D",讚呀正宗韓式烤肉,高雄市鼓山區,文信路255號
"https://www.google.com.tw/maps/place/%E8%9E%BA%E7%97%B4%E7%B2%89+%E9%AB%98%E9%9B%84%E8%9E%BA%E8%9E%84%E7%B2%89%E5%B0%88%E8%B3%A3%E9%A4%90%E5%BB%B3/@22.663945,120.3003754,19z/data=!4m6!3m5!1s0x346e05547d3df107:0xd98793bf129c7bd3!8m2!3d22.6639454!4d120.3007617!16s%2Fg%2F11k4wyz6v2?entry=ttu&g_ep=EgoyMDI1MDQxNC4xIKXMDSoASAFQAw%3D%3D",螺痴粉 高雄螺螄粉專賣餐廳,高雄市鼓山區,昌盛路58號1樓
"https://www.google.com.tw/maps/place/%E6%A3%AE%E5%B7%9D%E4%B8%BC%E4%B8%BC%E5%B7%A8%E8%9B%8B%E5%BA%97/@22.663945,120.3003754,19z/data=!4m6!3m5!1s0x346e0534d4af638b:0x4a0dc64dcf770d0e!8m2!3d22.6636899!4d120.3009619!16s%2Fg%2F11kjgf_yvt?entry=ttu&g_ep=EgoyMDI1MDQxNC4xIKXMDSoASAFQAw%3D%3D",森川丼丼巨蛋店,高雄市鼓山區,昌盛路55號
"https://www.google.com.tw/maps/place/%E8%8F%AF%E9%A5%8C%E6%B9%AF%E5%8C%85%E9%BA%B5%E9%A3%9F%E9%A4%A8/@22.6646331,120.3014804,19z/data=!4m6!3m5!1s0x346e05b2aa791fa3:0x6e371ed55101f3c3!8m2!3d22.6646339!4d120.3018061!16s%2Fg%2F11p76q8r10?entry=ttu&g_ep=EgoyMDI1MDQxNC4xIKXMDSoASAFQAw%3D%3D",華饌湯包麵食館,高雄市鼓山區,文信路208號
