name,url
士林夜市,https://www.google.com/maps/place/%E5%A3%AB%E6%9E%97%E5%A4%9C%E5%B8%82/data=!4m7!3m6!1s0x3442aeb1c4fdaf05:0xe7c26dbe86e7f929!8m2!3d25.0884972!4d121.5243504!16zL20vMDZsc2Iz!19sChIJBa_9xLGuQjQRKfnnhr5twuc?authuser=0&hl=zh-TW&rclk=1
士林市場地下美食街,https://www.google.com/maps/place/%E5%A3%AB%E6%9E%97%E5%B8%82%E5%A0%B4%E5%9C%B0%E4%B8%8B%E7%BE%8E%E9%A3%9F%E8%A1%97/data=!4m7!3m6!1s0x3442aeb0132e0011:0xecef8c24f0ab6186!8m2!3d25.0880024!4d121.5241766!16s%2Fg%2F11g6mbv8xp!19sChIJEQAuE7CuQjQRhmGr8CSM7-w?authuser=0&hl=zh-TW&rclk=1
社團法人台北市士林夜市商圈聯合會,https://www.google.com/maps/place/%E7%A4%BE%E5%9C%98%E6%B3%95%E4%BA%BA%E5%8F%B0%E5%8C%97%E5%B8%82%E5%A3%AB%E6%9E%97%E5%A4%9C%E5%B8%82%E5%95%86%E5%9C%88%E8%81%AF%E5%90%88%E6%9C%83/data=!4m7!3m6!1s0x3442afbe617c9a11:0x6e0920794d892228!8m2!3d25.089734!4d121.524156!16s%2Fg%2F11ffl_6jnb!19sChIJEZp8Yb6vQjQRKCKJTXkgCW4?authuser=0&hl=zh-TW&rclk=1
臺北市公有士林市場,https://www.google.com/maps/place/%E8%87%BA%E5%8C%97%E5%B8%82%E5%85%AC%E6%9C%89%E5%A3%AB%E6%9E%97%E5%B8%82%E5%A0%B4/data=!4m7!3m6!1s0x3442af018ac63499:0xfacabe51d0001b59!8m2!3d25.0880024!4d121.5241766!16s%2Fg%2F11gslqh40t!19sChIJmTTGigGvQjQRWRsA0FG-yvo?authuser=0&hl=zh-TW&rclk=1
忠誠號蚵仔煎,https://www.google.com/maps/place/%E5%BF%A0%E8%AA%A0%E8%99%9F%E8%9A%B5%E4%BB%94%E7%85%8E/data=!4m7!3m6!1s0x3442aeb013951d07:0xf3e70f06db8d5e88!8m2!3d25.087895!4d121.524414!16s%2Fg%2F11b6b52yqs!19sChIJBx2VE7CuQjQRiF6N2wYP5_M?authuser=0&hl=zh-TW&rclk=1
士林夜市（安平街段）,https://www.google.com/maps/place/%E5%A3%AB%E6%9E%97%E5%A4%9C%E5%B8%82%EF%BC%88%E5%AE%89%E5%B9%B3%E8%A1%97%E6%AE%B5%EF%BC%89/data=!4m7!3m6!1s0x3442aea55805e4f5:0x675ca57c094bc4ab!8m2!3d25.0884337!4d121.5256716!16s%2Fg%2F11c55s30cn!19sChIJ9eQFWKWuQjQRq8RLCXylXGc?authuser=0&hl=zh-TW&rclk=1
香香小吃,https://www.google.com/maps/place/%E9%A6%99%E9%A6%99%E5%B0%8F%E5%90%83/data=!4m7!3m6!1s0x3442aeaff4690ca9:0xc62cab62485bb31e!8m2!3d25.0887167!4d121.5269244!16s%2Fg%2F11b6jbqkn7!19sChIJqQxp9K-uQjQRHrNbSGKrLMY?authuser=0&hl=zh-TW&rclk=1
食來運轉,https://www.google.com/maps/place/%E9%A3%9F%E4%BE%86%E9%81%8B%E8%BD%89/data=!4m7!3m6!1s0x3442aea54f4802a7:0x969df5cb55d84bc3!8m2!3d25.0893524!4d121.5262045!16s%2Fg%2F1thx6991!19sChIJpwJIT6WuQjQRw0vYVcv1nZY?authuser=0&hl=zh-TW&rclk=1
燒烤杏鮑菇,https://www.google.com/maps/place/%E7%87%92%E7%83%A4%E6%9D%8F%E9%AE%91%E8%8F%87/data=!4m7!3m6!1s0x3442aebabd5a33cd:0x9638b326968530a1!8m2!3d25.0895855!4d121.5241799!16s%2Fg%2F11dyny46vm!19sChIJzTNavbquQjQRoTCFliazOJY?authuser=0&hl=zh-TW&rclk=1
士林夜市,https://www.google.com/maps/place/%E5%A3%AB%E6%9E%97%E5%A4%9C%E5%B8%82/data=!4m7!3m6!1s0x3442af004bf02501:0x94de3eb506db225c!8m2!3d25.0890091!4d121.526239!16s%2Fg%2F11y2mqjgm2!19sChIJASXwSwCvQjQRXCLbBrU-3pQ?authuser=0&hl=zh-TW&rclk=1
士林早市,https://www.google.com/maps/place/%E5%A3%AB%E6%9E%97%E6%97%A9%E5%B8%82/data=!4m7!3m6!1s0x3442aeaffc248ee9:0x655d291a8790032b!8m2!3d25.0880755!4d121.5258426!16s%2Fg%2F11c61qr0qh!19sChIJ6Y4k_K-uQjQRKwOQhxopXWU?authuser=0&hl=zh-TW&rclk=1
士林堃叔手作糯米腸,https://www.google.com/maps/place/%E5%A3%AB%E6%9E%97%E5%A0%83%E5%8F%94%E6%89%8B%E4%BD%9C%E7%B3%AF%E7%B1%B3%E8%85%B8/data=!4m7!3m6!1s0x3442af677f291413:0xee1cfa646b638cf2!8m2!3d25.0899947!4d121.5242868!16s%2Fg%2F11jgtqlkqb!19sChIJExQpf2evQjQR8oxja2T6HO4?authuser=0&hl=zh-TW&rclk=1
鐘家上海生煎包,https://www.google.com/maps/place/%E9%90%98%E5%AE%B6%E4%B8%8A%E6%B5%B7%E7%94%9F%E7%85%8E%E5%8C%85/data=!4m7!3m6!1s0x3442aea55067404f:0xfda54eb0d1955640!8m2!3d25.0894453!4d121.5263425!16s%2Fg%2F12hmw0qg9!19sChIJT0BnUKWuQjQRQFaV0bBOpf0?authuser=0&hl=zh-TW&rclk=1
海友十全排骨,https://www.google.com/maps/place/%E6%B5%B7%E5%8F%8B%E5%8D%81%E5%85%A8%E6%8E%92%E9%AA%A8/data=!4m7!3m6!1s0x3442aebab41391c7:0xd71a8f4bd3c4c900!8m2!3d25.0896619!4d121.5252989!16s%2Fg%2F1wh4cknj!19sChIJx5ETtLquQjQRAMnE00uPGtc?authuser=0&hl=zh-TW&rclk=1
華榮街攤販集中區,https://www.google.com/maps/place/%E8%8F%AF%E6%A6%AE%E8%A1%97%E6%94%A4%E8%B2%A9%E9%9B%86%E4%B8%AD%E5%8D%80/data=!4m7!3m6!1s0x3442aebcede850b9:0x650320d5f2d51433!8m2!3d25.0967025!4d121.5233917!16s%2Fg%2F1tgd92y5!19sChIJuVDo7byuQjQRMxTV8tUgA2U?authuser=0&hl=zh-TW&rclk=1
士林夜市深夜流氓熱炒,https://www.google.com/maps/place/%E5%A3%AB%E6%9E%97%E5%A4%9C%E5%B8%82%E6%B7%B1%E5%A4%9C%E6%B5%81%E6%B0%93%E7%86%B1%E7%82%92/data=!4m7!3m6!1s0x3442aeb006be9a03:0x6f3827df124ee5af!8m2!3d25.0882311!4d121.5251808!16s%2Fg%2F1tdd2zfx!19sChIJA5q-BrCuQjQRr-VOEt8nOG8?authuser=0&hl=zh-TW&rclk=1
五豬牛排,https://www.google.com/maps/place/%E4%BA%94%E8%B1%AC%E7%89%9B%E6%8E%92/data=!4m7!3m6!1s0x3442aeba9f5e35bb:0x694bd66e38f3a649!8m2!3d25.08939!4d121.525345!16s%2Fg%2F1pzxfvx9w!19sChIJuzVen7quQjQRSabzOG7WS2k?authuser=0&hl=zh-TW&rclk=1
士林炸鮮奶阿姨,https://www.google.com/maps/place/%E5%A3%AB%E6%9E%97%E7%82%B8%E9%AE%AE%E5%A5%B6%E9%98%BF%E5%A7%A8/data=!4m7!3m6!1s0x3442af5fe610aa69:0x1f35040038f2ede2!8m2!3d25.0866193!4d121.524875!16s%2Fg%2F11pbdkg50b!19sChIJaaoQ5l-vQjQR4u3yOAAENR8?authuser=0&hl=zh-TW&rclk=1
社子夜市,https://www.google.com/maps/place/%E7%A4%BE%E5%AD%90%E5%A4%9C%E5%B8%82/data=!4m7!3m6!1s0x3442afef9509ac59:0xcda1b12186720431!8m2!3d25.0877728!4d121.5094366!16s%2Fg%2F11g4cqqzyt!19sChIJWawJle-vQjQRMQRyhiGxoc0?authuser=0&hl=zh-TW&rclk=1
士林廟口阿輝麵線,https://www.google.com/maps/place/%E5%A3%AB%E6%9E%97%E5%BB%9F%E5%8F%A3%E9%98%BF%E8%BC%9D%E9%BA%B5%E7%B7%9A/data=!4m7!3m6!1s0x3442aebaa4c8e1ed:0xbccb5fce7599bf03!8m2!3d25.0894006!4d121.5248216!16s%2Fg%2F1tplm_zf!19sChIJ7eHIpLquQjQRA7-Zdc5fy7w?authuser=0&hl=zh-TW&rclk=1
素之舖,https://www.google.com/maps/place/%E7%B4%A0%E4%B9%8B%E8%88%96/data=!4m7!3m6!1s0x3442aeaff705da35:0xf664541ee62e58cf!8m2!3d25.0879962!4d121.526666!16s%2Fg%2F1pzrz6qvr!19sChIJNdoF96-uQjQRz1gu5h5UZPY?authuser=0&hl=zh-TW&rclk=1
士林炸鮮奶阿姨,https://www.google.com/maps/place/%E5%A3%AB%E6%9E%97%E7%82%B8%E9%AE%AE%E5%A5%B6%E9%98%BF%E5%A7%A8/data=!4m7!3m6!1s0x3442af5fe610aa69:0x1f35040038f2ede2!8m2!3d25.0866193!4d121.524875!16s%2Fg%2F11pbdkg50b!19sChIJaaoQ5l-vQjQR4u3yOAAENR8?authuser=0&hl=zh-TW&rclk=1
五豬牛排,https://www.google.com/maps/place/%E4%BA%94%E8%B1%AC%E7%89%9B%E6%8E%92/data=!4m7!3m6!1s0x3442aeba9f5e35bb:0x694bd66e38f3a649!8m2!3d25.08939!4d121.525345!16s%2Fg%2F1pzxfvx9w!19sChIJuzVen7quQjQRSabzOG7WS2k?authuser=0&hl=zh-TW&rclk=1
真好呷蚵仔飽·蝦仁飽,https://www.google.com/maps/place/%E7%9C%9F%E5%A5%BD%E5%91%B7%E8%9A%B5%E4%BB%94%E9%A3%BD%C2%B7%E8%9D%A6%E4%BB%81%E9%A3%BD/data=!4m7!3m6!1s0x3442aeba887b673d:0x1a1415789d76cf33!8m2!3d25.0898238!4d121.5227577!16s%2Fg%2F11gf62fy2y!19sChIJPWd7iLquQjQRM892nXgVFBo?authuser=0&hl=zh-TW&rclk=1
福榕記大腸包小腸,https://www.google.com/maps/place/%E7%A6%8F%E6%A6%95%E8%A8%98%E5%A4%A7%E8%85%B8%E5%8C%85%E5%B0%8F%E8%85%B8/data=!4m7!3m6!1s0x3442afb6f036a891:0x5e1a31a5d9b9058e!8m2!3d25.0879771!4d121.5260642!16s%2Fg%2F11j2g24n2v!19sChIJkag28LavQjQRjgW52aUxGl4?authuser=0&hl=zh-TW&rclk=1
簡記木瓜牛奶,https://www.google.com/maps/place/%E7%B0%A1%E8%A8%98%E6%9C%A8%E7%93%9C%E7%89%9B%E5%A5%B6/data=!4m7!3m6!1s0x3442aebabcbdcf19:0xac312329e09023dd!8m2!3d25.0894887!4d121.5245697!16s%2Fg%2F1tlcywt1!19sChIJGc-9vLquQjQR3SOQ4CkjMaw?authuser=0&hl=zh-TW&rclk=1
魚池貳壹-台北士林總店Tea21,https://www.google.com/maps/place/%E9%AD%9A%E6%B1%A0%E8%B2%B3%E5%A3%B9-%E5%8F%B0%E5%8C%97%E5%A3%AB%E6%9E%97%E7%B8%BD%E5%BA%97Tea21/data=!4m7!3m6!1s0x3442af46ebb78577:0xf294861aef61f331!8m2!3d25.086641!4d121.5256547!16s%2Fg%2F11gmvbzrcq!19sChIJd4W360avQjQRMfNh7xqGlPI?authuser=0&hl=zh-TW&rclk=1
士林迷你釣蝦,https://www.google.com/maps/place/%E5%A3%AB%E6%9E%97%E8%BF%B7%E4%BD%A0%E9%87%A3%E8%9D%A6/data=!4m7!3m6!1s0x3442afb9be6aa60f:0x9cbe32d3619461dc!8m2!3d25.0880024!4d121.5241766!16s%2Fg%2F11kpt60rdm!19sChIJD6ZqvrmvQjQR3GGUYdMyvpw?authuser=0&hl=zh-TW&rclk=1
士林廟口阿輝麵線士捷店,https://www.google.com/maps/place/%E5%A3%AB%E6%9E%97%E5%BB%9F%E5%8F%A3%E9%98%BF%E8%BC%9D%E9%BA%B5%E7%B7%9A%E5%A3%AB%E6%8D%B7%E5%BA%97/data=!4m7!3m6!1s0x3442af0ab0f5f63b:0x1902b2c080439d0e!8m2!3d25.0941816!4d121.5261259!16s%2Fg%2F11spt20hw6!19sChIJO_b1sAqvQjQRDp1DgMCyAhk?authuser=0&hl=zh-TW&rclk=1
大統大牛排 대통니우파이,https://www.google.com/maps/place/%E5%A4%A7%E7%B5%B1%E5%A4%A7%E7%89%9B%E6%8E%92+%EB%8C%80%ED%86%B5%EB%8B%88%EC%9A%B0%ED%8C%8C%EC%9D%B4/data=!4m7!3m6!1s0x3442aeb1c01ca653:0x1c7252953bea720a!8m2!3d25.0881567!4d121.5239742!16s%2Fg%2F1tv3lcp9!19sChIJU6YcwLGuQjQRCnLqO5VSchw?authuser=0&hl=zh-TW&rclk=1
士林廟口阿輝麵線,https://www.google.com/maps/place/%E5%A3%AB%E6%9E%97%E5%BB%9F%E5%8F%A3%E9%98%BF%E8%BC%9D%E9%BA%B5%E7%B7%9A/data=!4m7!3m6!1s0x3442aebaa4c8e1ed:0xbccb5fce7599bf03!8m2!3d25.0894006!4d121.5248216!16s%2Fg%2F1tplm_zf!19sChIJ7eHIpLquQjQRA7-Zdc5fy7w?authuser=0&hl=zh-TW&rclk=1
偷食兔 (原晨與食),https://www.google.com/maps/place/%E5%81%B7%E9%A3%9F%E5%85%94+%28%E5%8E%9F%E6%99%A8%E8%88%87%E9%A3%9F%29/data=!4m7!3m6!1s0x3442afb1ab835379:0x858a0c3bb3a86182!8m2!3d25.0909037!4d121.5246292!16s%2Fg%2F11m97cb17_!19sChIJeVODq7GvQjQRgmGoszsMioU?authuser=0&hl=zh-TW&rclk=1
以利泡泡冰-士林總店,https://www.google.com/maps/place/%E4%BB%A5%E5%88%A9%E6%B3%A1%E6%B3%A1%E5%86%B0-%E5%A3%AB%E6%9E%97%E7%B8%BD%E5%BA%97/data=!4m7!3m6!1s0x3442aeb1c01ca653:0x1bccc6cbffd72f4b!8m2!3d25.0949952!4d121.5237312!16s%2Fg%2F12xqlx221!19sChIJU6YcwLGuQjQRSy_X_8vGzBs?authuser=0&hl=zh-TW&rclk=1
士林廟口老店阿亮麵線,https://www.google.com/maps/place/%E5%A3%AB%E6%9E%97%E5%BB%9F%E5%8F%A3%E8%80%81%E5%BA%97%E9%98%BF%E4%BA%AE%E9%BA%B5%E7%B7%9A/data=!4m7!3m6!1s0x3442aeb78757c203:0xdbbe87bb35f76479!8m2!3d25.0894895!4d121.5246162!16s%2Fg%2F1tdnhtz7!19sChIJA8JXh7euQjQReWT3NbuHvts?authuser=0&hl=zh-TW&rclk=1
華榮市場,https://www.google.com/maps/place/%E8%8F%AF%E6%A6%AE%E5%B8%82%E5%A0%B4/data=!4m7!3m6!1s0x3442aebc91a3ae0d:0xc871e1cc09d0ba45!8m2!3d25.0959358!4d121.5234665!16s%2Fg%2F11bztr952p!19sChIJDa6jkbyuQjQRRbrQCczhccg?authuser=0&hl=zh-TW&rclk=1
正宗嘉義火雞肉飯,https://www.google.com/maps/place/%E6%AD%A3%E5%AE%97%E5%98%89%E7%BE%A9%E7%81%AB%E9%9B%9E%E8%82%89%E9%A3%AF/data=!4m7!3m6!1s0x140dd073cd2f8bcb:0x45cc13b131eb5a28!8m2!3d25.0851235!4d121.5181273!16s%2Fg%2F11b7hh68kb!19sChIJy4svzXPQDRQRKFrrMbETzEU?authuser=0&hl=zh-TW&rclk=1
絕世好菠,https://www.google.com/maps/place/%E7%B5%95%E4%B8%96%E5%A5%BD%E8%8F%A0/data=!4m7!3m6!1s0x3442aebb2d35f6fd:0xb798978e9bee9a8c!8m2!3d25.0903587!4d121.5263232!16s%2Fg%2F11cm62w4k0!19sChIJ_fY1LbuuQjQRjJrum46XmLc?authuser=0&hl=zh-TW&rclk=1
家鄉碳烤香雞排 士林店,https://www.google.com/maps/place/%E5%AE%B6%E9%84%89%E7%A2%B3%E7%83%A4%E9%A6%99%E9%9B%9E%E6%8E%92+%E5%A3%AB%E6%9E%97%E5%BA%97/data=!4m7!3m6!1s0x3442aeb0156aa64d:0x9ea7e1921b439c8f!8m2!3d25.0863609!4d121.5250473!16s%2Fg%2F1trqdxfc!19sChIJTaZqFbCuQjQRj5xDG5Lhp54?authuser=0&hl=zh-TW&rclk=1
士林夜市深夜流氓熱炒,https://www.google.com/maps/place/%E5%A3%AB%E6%9E%97%E5%A4%9C%E5%B8%82%E6%B7%B1%E5%A4%9C%E6%B5%81%E6%B0%93%E7%86%B1%E7%82%92/data=!4m7!3m6!1s0x3442aeb006be9a03:0x6f3827df124ee5af!8m2!3d25.0882311!4d121.5251808!16s%2Fg%2F1tdd2zfx!19sChIJA5q-BrCuQjQRr-VOEt8nOG8?authuser=0&hl=zh-TW&rclk=1
長林記大餅包小餅,https://www.google.com/maps/place/%E9%95%B7%E6%9E%97%E8%A8%98%E5%A4%A7%E9%A4%85%E5%8C%85%E5%B0%8F%E9%A4%85/data=!4m7!3m6!1s0x3442aeb06e1b24f9:0x4e06f2703e319de9!8m2!3d25.0882929!4d121.5238716!16s%2Fg%2F11b8_0nc6v!19sChIJ-SQbbrCuQjQR6Z0xPnDyBk4?authuser=0&hl=zh-TW&rclk=1
家湘涼麵,https://www.google.com/maps/place/%E5%AE%B6%E6%B9%98%E6%B6%BC%E9%BA%B5/data=!4m7!3m6!1s0x3442aebab02adddf:0x87859dcfaa9e2489!8m2!3d25.089341!4d121.525041!16s%2Fg%2F1tm66m_y!19sChIJ390qsLquQjQRiSSeqs-dhYc?authuser=0&hl=zh-TW&rclk=1
福華廣場臨時攤販集中場(福華市場),https://www.google.com/maps/place/%E7%A6%8F%E8%8F%AF%E5%BB%A3%E5%A0%B4%E8%87%A8%E6%99%82%E6%94%A4%E8%B2%A9%E9%9B%86%E4%B8%AD%E5%A0%B4%28%E7%A6%8F%E8%8F%AF%E5%B8%82%E5%A0%B4%29/data=!4m7!3m6!1s0x3442aeb50657f3db:0x3d3267d91ca5cc81!8m2!3d25.0821024!4d121.5193443!16s%2Fg%2F1tvm0gcn!19sChIJ2_NXBrWuQjQRgcylHNlnMj0?authuser=0&hl=zh-TW&rclk=1
金龍焢肉飯,https://www.google.com/maps/place/%E9%87%91%E9%BE%8D%E7%84%A2%E8%82%89%E9%A3%AF/data=!4m7!3m6!1s0x3442aebaa839ce11:0x7439627147c33671!8m2!3d25.0887845!4d121.5248984!16s%2Fg%2F11dx93zpb3!19sChIJEc45qLquQjQRcTbDR3FiOXQ?authuser=0&hl=zh-TW&rclk=1
耀中小吃店,https://www.google.com/maps/place/%E8%80%80%E4%B8%AD%E5%B0%8F%E5%90%83%E5%BA%97/data=!4m7!3m6!1s0x3442af0000afcab7:0x9011b9bc262e9a5f!8m2!3d25.0890075!4d121.5247398!16s%2Fg%2F11y40b9__1!19sChIJt8qvAACvQjQRX5ouJry5EZA?authuser=0&hl=zh-TW&rclk=1
老張燒餅（南港老張胡椒餅-士林夜市店）,https://www.google.com/maps/place/%E8%80%81%E5%BC%B5%E7%87%92%E9%A4%85%EF%BC%88%E5%8D%97%E6%B8%AF%E8%80%81%E5%BC%B5%E8%83%A1%E6%A4%92%E9%A4%85-%E5%A3%AB%E6%9E%97%E5%A4%9C%E5%B8%82%E5%BA%97%EF%BC%89/data=!4m7!3m6!1s0x3442aeba86511dc7:0x874999fdaae8c425!8m2!3d25.0897139!4d121.5229712!16s%2Fg%2F1tg5xb44!19sChIJxx1RhrquQjQRJcToqv2ZSYc?authuser=0&hl=zh-TW&rclk=1
社子菜市場,https://www.google.com/maps/place/%E7%A4%BE%E5%AD%90%E8%8F%9C%E5%B8%82%E5%A0%B4/data=!4m7!3m6!1s0x3442aec9457bd193:0x489ec010023820de!8m2!3d25.0880964!4d121.5096594!16s%2Fg%2F11ddxqzyvj!19sChIJk9F7RcmuQjQR3iA4AhDAnkg?authuser=0&hl=zh-TW&rclk=1
大上海生煎包,https://www.google.com/maps/place/%E5%A4%A7%E4%B8%8A%E6%B5%B7%E7%94%9F%E7%85%8E%E5%8C%85/data=!4m7!3m6!1s0x3442aea55067404f:0xd56516b2f006595!8m2!3d25.088038!4d121.5258795!16s%2Fg%2F1tdbtg5x!19sChIJT0BnUKWuQjQRlWUAL2tRVg0?authuser=0&hl=zh-TW&rclk=1
台北市士林夜市國際觀光發展協會,https://www.google.com/maps/place/%E5%8F%B0%E5%8C%97%E5%B8%82%E5%A3%AB%E6%9E%97%E5%A4%9C%E5%B8%82%E5%9C%8B%E9%9A%9B%E8%A7%80%E5%85%89%E7%99%BC%E5%B1%95%E5%8D%94%E6%9C%83/data=!4m7!3m6!1s0x3442af8b2a24011b:0x2c8dd45c980fa9ef!8m2!3d25.0976294!4d121.5264336!16s%2Fg%2F11jpqw6pxx!19sChIJGwEkKouvQjQR76kPmFzUjSw?authuser=0&hl=zh-TW&rclk=1
